11847 openat(AT_FDCWD, "/nix/store/g8zyryr9cr6540xsyg4avqkwgxpnwj2a-glibc-2.40-66/lib/glibc-hwcaps/x86-64-v4/libdl.so.2", O_RDONLY|O_CLOEXEC) = -1 ENOENT (No such file or directory)
11847 openat(AT_FDCWD, "/nix/store/g8zyryr9cr6540xsyg4avqkwgxpnwj2a-glibc-2.40-66/lib/glibc-hwcaps/x86-64-v3/libdl.so.2", O_RDONLY|O_CLOEXEC) = -1 ENOENT (No such file or directory)
11847 openat(AT_FDCWD, "/nix/store/g8zyryr9cr6540xsyg4avqkwgxpnwj2a-glibc-2.40-66/lib/glibc-hwcaps/x86-64-v2/libdl.so.2", O_RDONLY|O_CLOEXEC) = -1 ENOENT (No such file or directory)
11847 openat(AT_FDCWD, "/nix/store/g8zyryr9cr6540xsyg4avqkwgxpnwj2a-glibc-2.40-66/lib/libdl.so.2", O_RDONLY|O_CLOEXEC) = 3
11847 openat(AT_FDCWD, "/nix/store/g8zyryr9cr6540xsyg4avqkwgxpnwj2a-glibc-2.40-66/lib/libc.so.6", O_RDONLY|O_CLOEXEC) = 3
11847 openat(AT_FDCWD, "/dev/tty", O_RDWR|O_NONBLOCK) = -1 ENXIO (No such device or address)
11847 openat(AT_FDCWD, "/run/current-system/sw/lib/locale/locale-archive", O_RDONLY|O_CLOEXEC) = -1 ENOENT (No such file or directory)
11847 openat(AT_FDCWD, "/usr/lib/locale/locale-archive", O_RDONLY|O_CLOEXEC) = 3
11847 openat(AT_FDCWD, "/nix/store/g8zyryr9cr6540xsyg4avqkwgxpnwj2a-glibc-2.40-66/share/locale/locale.alias", O_RDONLY|O_CLOEXEC) = 3
11847 openat(AT_FDCWD, "/nix/store/g8zyryr9cr6540xsyg4avqkwgxpnwj2a-glibc-2.40-66/lib/locale/C.UTF-8/LC_IDENTIFICATION", O_RDONLY|O_CLOEXEC) = -1 ENOENT (No such file or directory)
11847 openat(AT_FDCWD, "/nix/store/g8zyryr9cr6540xsyg4avqkwgxpnwj2a-glibc-2.40-66/lib/locale/C.utf8/LC_IDENTIFICATION", O_RDONLY|O_CLOEXEC) = 3
11847 openat(AT_FDCWD, "/nix/store/g8zyryr9cr6540xsyg4avqkwgxpnwj2a-glibc-2.40-66/lib/gconv/gconv-modules.cache", O_RDONLY|O_CLOEXEC) = -1 ENOENT (No such file or directory)
11847 openat(AT_FDCWD, "/nix/store/g8zyryr9cr6540xsyg4avqkwgxpnwj2a-glibc-2.40-66/lib/gconv/gconv-modules", O_RDONLY|O_CLOEXEC) = 3
11847 openat(AT_FDCWD, "/nix/store/g8zyryr9cr6540xsyg4avqkwgxpnwj2a-glibc-2.40-66/lib/gconv/gconv-modules.d", O_RDONLY|O_NONBLOCK|O_CLOEXEC|O_DIRECTORY) = 3
11847 openat(AT_FDCWD, "/nix/store/g8zyryr9cr6540xsyg4avqkwgxpnwj2a-glibc-2.40-66/lib/gconv/gconv-modules.d/gconv-modules-extra.conf", O_RDONLY|O_CLOEXEC) = 4
11847 openat(AT_FDCWD, "/nix/store/g8zyryr9cr6540xsyg4avqkwgxpnwj2a-glibc-2.40-66/lib/locale/C.UTF-8/LC_MEASUREMENT", O_RDONLY|O_CLOEXEC) = -1 ENOENT (No such file or directory)
11847 openat(AT_FDCWD, "/nix/store/g8zyryr9cr6540xsyg4avqkwgxpnwj2a-glibc-2.40-66/lib/locale/C.utf8/LC_MEASUREMENT", O_RDONLY|O_CLOEXEC) = 3
11847 openat(AT_FDCWD, "/nix/store/g8zyryr9cr6540xsyg4avqkwgxpnwj2a-glibc-2.40-66/lib/locale/C.UTF-8/LC_TELEPHONE", O_RDONLY|O_CLOEXEC) = -1 ENOENT (No such file or directory)
11847 openat(AT_FDCWD, "/nix/store/g8zyryr9cr6540xsyg4avqkwgxpnwj2a-glibc-2.40-66/lib/locale/C.utf8/LC_TELEPHONE", O_RDONLY|O_CLOEXEC) = 3
11847 openat(AT_FDCWD, "/nix/store/g8zyryr9cr6540xsyg4avqkwgxpnwj2a-glibc-2.40-66/lib/locale/C.UTF-8/LC_ADDRESS", O_RDONLY|O_CLOEXEC) = -1 ENOENT (No such file or directory)
11847 openat(AT_FDCWD, "/nix/store/g8zyryr9cr6540xsyg4avqkwgxpnwj2a-glibc-2.40-66/lib/locale/C.utf8/LC_ADDRESS", O_RDONLY|O_CLOEXEC) = 3
11847 openat(AT_FDCWD, "/nix/store/g8zyryr9cr6540xsyg4avqkwgxpnwj2a-glibc-2.40-66/lib/locale/C.UTF-8/LC_NAME", O_RDONLY|O_CLOEXEC) = -1 ENOENT (No such file or directory)
11847 openat(AT_FDCWD, "/nix/store/g8zyryr9cr6540xsyg4avqkwgxpnwj2a-glibc-2.40-66/lib/locale/C.utf8/LC_NAME", O_RDONLY|O_CLOEXEC) = 3
11847 openat(AT_FDCWD, "/nix/store/g8zyryr9cr6540xsyg4avqkwgxpnwj2a-glibc-2.40-66/lib/locale/C.UTF-8/LC_PAPER", O_RDONLY|O_CLOEXEC) = -1 ENOENT (No such file or directory)
11847 openat(AT_FDCWD, "/nix/store/g8zyryr9cr6540xsyg4avqkwgxpnwj2a-glibc-2.40-66/lib/locale/C.utf8/LC_PAPER", O_RDONLY|O_CLOEXEC) = 3
11847 openat(AT_FDCWD, "/nix/store/g8zyryr9cr6540xsyg4avqkwgxpnwj2a-glibc-2.40-66/lib/locale/C.UTF-8/LC_MESSAGES", O_RDONLY|O_CLOEXEC) = -1 ENOENT (No such file or directory)
11847 openat(AT_FDCWD, "/nix/store/g8zyryr9cr6540xsyg4avqkwgxpnwj2a-glibc-2.40-66/lib/locale/C.utf8/LC_MESSAGES", O_RDONLY|O_CLOEXEC) = 3
11847 openat(AT_FDCWD, "/nix/store/g8zyryr9cr6540xsyg4avqkwgxpnwj2a-glibc-2.40-66/lib/locale/C.utf8/LC_MESSAGES/SYS_LC_MESSAGES", O_RDONLY|O_CLOEXEC) = 3
11847 openat(AT_FDCWD, "/nix/store/g8zyryr9cr6540xsyg4avqkwgxpnwj2a-glibc-2.40-66/lib/locale/C.UTF-8/LC_MONETARY", O_RDONLY|O_CLOEXEC) = -1 ENOENT (No such file or directory)
11847 openat(AT_FDCWD, "/nix/store/g8zyryr9cr6540xsyg4avqkwgxpnwj2a-glibc-2.40-66/lib/locale/C.utf8/LC_MONETARY", O_RDONLY|O_CLOEXEC) = 3
11847 openat(AT_FDCWD, "/nix/store/g8zyryr9cr6540xsyg4avqkwgxpnwj2a-glibc-2.40-66/lib/locale/C.UTF-8/LC_COLLATE", O_RDONLY|O_CLOEXEC) = -1 ENOENT (No such file or directory)
11847 openat(AT_FDCWD, "/nix/store/g8zyryr9cr6540xsyg4avqkwgxpnwj2a-glibc-2.40-66/lib/locale/C.utf8/LC_COLLATE", O_RDONLY|O_CLOEXEC) = 3
11847 openat(AT_FDCWD, "/nix/store/g8zyryr9cr6540xsyg4avqkwgxpnwj2a-glibc-2.40-66/lib/locale/C.UTF-8/LC_TIME", O_RDONLY|O_CLOEXEC) = -1 ENOENT (No such file or directory)
11847 openat(AT_FDCWD, "/nix/store/g8zyryr9cr6540xsyg4avqkwgxpnwj2a-glibc-2.40-66/lib/locale/C.utf8/LC_TIME", O_RDONLY|O_CLOEXEC) = 3
11847 openat(AT_FDCWD, "/nix/store/g8zyryr9cr6540xsyg4avqkwgxpnwj2a-glibc-2.40-66/lib/locale/C.UTF-8/LC_NUMERIC", O_RDONLY|O_CLOEXEC) = -1 ENOENT (No such file or directory)
11847 openat(AT_FDCWD, "/nix/store/g8zyryr9cr6540xsyg4avqkwgxpnwj2a-glibc-2.40-66/lib/locale/C.utf8/LC_NUMERIC", O_RDONLY|O_CLOEXEC) = 3
11847 openat(AT_FDCWD, "/nix/store/g8zyryr9cr6540xsyg4avqkwgxpnwj2a-glibc-2.40-66/lib/locale/C.UTF-8/LC_CTYPE", O_RDONLY|O_CLOEXEC) = -1 ENOENT (No such file or directory)
11847 openat(AT_FDCWD, "/nix/store/g8zyryr9cr6540xsyg4avqkwgxpnwj2a-glibc-2.40-66/lib/locale/C.utf8/LC_CTYPE", O_RDONLY|O_CLOEXEC) = 3
11847 openat(AT_FDCWD, "/etc/nsswitch.conf", O_RDONLY|O_CLOEXEC) = 3
11847 openat(AT_FDCWD, "/etc/passwd", O_RDONLY|O_CLOEXEC) = 3
11847 openat(AT_FDCWD, "/nix/store/q5304dn6mmy9xhb7hy99mjnhkl5mhmn4-replit-runtime-path/bin/bash", O_RDONLY) = 3
11847 openat(AT_FDCWD, "/nix/store/yw7vb4hamv9mqgbgf7598zvis7k2spyx-ncurses-6.5/lib/glibc-hwcaps/x86-64-v4/libreadline.so.8", O_RDONLY|O_CLOEXEC) = -1 ENOENT (No such file or directory)
11847 openat(AT_FDCWD, "/nix/store/yw7vb4hamv9mqgbgf7598zvis7k2spyx-ncurses-6.5/lib/glibc-hwcaps/x86-64-v3/libreadline.so.8", O_RDONLY|O_CLOEXEC) = -1 ENOENT (No such file or directory)
11847 openat(AT_FDCWD, "/nix/store/yw7vb4hamv9mqgbgf7598zvis7k2spyx-ncurses-6.5/lib/glibc-hwcaps/x86-64-v2/libreadline.so.8", O_RDONLY|O_CLOEXEC) = -1 ENOENT (No such file or directory)
11847 openat(AT_FDCWD, "/nix/store/yw7vb4hamv9mqgbgf7598zvis7k2spyx-ncurses-6.5/lib/libreadline.so.8", O_RDONLY|O_CLOEXEC) = -1 ENOENT (No such file or directory)
11847 openat(AT_FDCWD, "/nix/store/891nfqhbkq47fa8sg0lml9c5ja3jqv26-readline-8.2p13/lib/glibc-hwcaps/x86-64-v4/libreadline.so.8", O_RDONLY|O_CLOEXEC) = -1 ENOENT (No such file or directory)
11847 openat(AT_FDCWD, "/nix/store/891nfqhbkq47fa8sg0lml9c5ja3jqv26-readline-8.2p13/lib/glibc-hwcaps/x86-64-v3/libreadline.so.8", O_RDONLY|O_CLOEXEC) = -1 ENOENT (No such file or directory)
11847 openat(AT_FDCWD, "/nix/store/891nfqhbkq47fa8sg0lml9c5ja3jqv26-readline-8.2p13/lib/glibc-hwcaps/x86-64-v2/libreadline.so.8", O_RDONLY|O_CLOEXEC) = -1 ENOENT (No such file or directory)
11847 openat(AT_FDCWD, "/nix/store/891nfqhbkq47fa8sg0lml9c5ja3jqv26-readline-8.2p13/lib/libreadline.so.8", O_RDONLY|O_CLOEXEC) = 3
11847 openat(AT_FDCWD, "/nix/store/yw7vb4hamv9mqgbgf7598zvis7k2spyx-ncurses-6.5/lib/libhistory.so.8", O_RDONLY|O_CLOEXEC) = -1 ENOENT (No such file or directory)
11847 openat(AT_FDCWD, "/nix/store/891nfqhbkq47fa8sg0lml9c5ja3jqv26-readline-8.2p13/lib/libhistory.so.8", O_RDONLY|O_CLOEXEC) = 3
11847 openat(AT_FDCWD, "/nix/store/yw7vb4hamv9mqgbgf7598zvis7k2spyx-ncurses-6.5/lib/libncursesw.so.6", O_RDONLY|O_CLOEXEC) = 3
11847 openat(AT_FDCWD, "/nix/store/yw7vb4hamv9mqgbgf7598zvis7k2spyx-ncurses-6.5/lib/libdl.so.2", O_RDONLY|O_CLOEXEC) = -1 ENOENT (No such file or directory)
11847 openat(AT_FDCWD, "/nix/store/891nfqhbkq47fa8sg0lml9c5ja3jqv26-readline-8.2p13/lib/libdl.so.2", O_RDONLY|O_CLOEXEC) = -1 ENOENT (No such file or directory)
11847 openat(AT_FDCWD, "/nix/store/g8zyryr9cr6540xsyg4avqkwgxpnwj2a-glibc-2.40-66/lib/glibc-hwcaps/x86-64-v4/libdl.so.2", O_RDONLY|O_CLOEXEC) = -1 ENOENT (No such file or directory)
11847 openat(AT_FDCWD, "/nix/store/g8zyryr9cr6540xsyg4avqkwgxpnwj2a-glibc-2.40-66/lib/glibc-hwcaps/x86-64-v3/libdl.so.2", O_RDONLY|O_CLOEXEC) = -1 ENOENT (No such file or directory)
11847 openat(AT_FDCWD, "/nix/store/g8zyryr9cr6540xsyg4avqkwgxpnwj2a-glibc-2.40-66/lib/glibc-hwcaps/x86-64-v2/libdl.so.2", O_RDONLY|O_CLOEXEC) = -1 ENOENT (No such file or directory)
11847 openat(AT_FDCWD, "/nix/store/g8zyryr9cr6540xsyg4avqkwgxpnwj2a-glibc-2.40-66/lib/libdl.so.2", O_RDONLY|O_CLOEXEC) = 3
11847 openat(AT_FDCWD, "/nix/store/yw7vb4hamv9mqgbgf7598zvis7k2spyx-ncurses-6.5/lib/libc.so.6", O_RDONLY|O_CLOEXEC) = -1 ENOENT (No such file or directory)
11847 openat(AT_FDCWD, "/nix/store/891nfqhbkq47fa8sg0lml9c5ja3jqv26-readline-8.2p13/lib/libc.so.6", O_RDONLY|O_CLOEXEC) = -1 ENOENT (No such file or directory)
11847 openat(AT_FDCWD, "/nix/store/g8zyryr9cr6540xsyg4avqkwgxpnwj2a-glibc-2.40-66/lib/libc.so.6", O_RDONLY|O_CLOEXEC) = 3
11847 openat(AT_FDCWD, "/dev/tty", O_RDWR|O_NONBLOCK) = -1 ENXIO (No such device or address)
11847 openat(AT_FDCWD, "/run/current-system/sw/lib/locale/locale-archive", O_RDONLY|O_CLOEXEC) = -1 ENOENT (No such file or directory)
11847 openat(AT_FDCWD, "/usr/lib/locale/locale-archive", O_RDONLY|O_CLOEXEC) = 3
11847 openat(AT_FDCWD, "/nix/store/g8zyryr9cr6540xsyg4avqkwgxpnwj2a-glibc-2.40-66/share/locale/locale.alias", O_RDONLY|O_CLOEXEC) = 3
11847 openat(AT_FDCWD, "/nix/store/g8zyryr9cr6540xsyg4avqkwgxpnwj2a-glibc-2.40-66/lib/locale/C.UTF-8/LC_IDENTIFICATION", O_RDONLY|O_CLOEXEC) = -1 ENOENT (No such file or directory)
11847 openat(AT_FDCWD, "/nix/store/g8zyryr9cr6540xsyg4avqkwgxpnwj2a-glibc-2.40-66/lib/locale/C.utf8/LC_IDENTIFICATION", O_RDONLY|O_CLOEXEC) = 3
11847 openat(AT_FDCWD, "/nix/store/g8zyryr9cr6540xsyg4avqkwgxpnwj2a-glibc-2.40-66/lib/gconv/gconv-modules.cache", O_RDONLY|O_CLOEXEC) = -1 ENOENT (No such file or directory)
11847 openat(AT_FDCWD, "/nix/store/g8zyryr9cr6540xsyg4avqkwgxpnwj2a-glibc-2.40-66/lib/gconv/gconv-modules", O_RDONLY|O_CLOEXEC) = 3
11847 openat(AT_FDCWD, "/nix/store/g8zyryr9cr6540xsyg4avqkwgxpnwj2a-glibc-2.40-66/lib/gconv/gconv-modules.d", O_RDONLY|O_NONBLOCK|O_CLOEXEC|O_DIRECTORY) = 3
11847 openat(AT_FDCWD, "/nix/store/g8zyryr9cr6540xsyg4avqkwgxpnwj2a-glibc-2.40-66/lib/gconv/gconv-modules.d/gconv-modules-extra.conf", O_RDONLY|O_CLOEXEC) = 4
11847 openat(AT_FDCWD, "/nix/store/g8zyryr9cr6540xsyg4avqkwgxpnwj2a-glibc-2.40-66/lib/locale/C.UTF-8/LC_MEASUREMENT", O_RDONLY|O_CLOEXEC) = -1 ENOENT (No such file or directory)
11847 openat(AT_FDCWD, "/nix/store/g8zyryr9cr6540xsyg4avqkwgxpnwj2a-glibc-2.40-66/lib/locale/C.utf8/LC_MEASUREMENT", O_RDONLY|O_CLOEXEC) = 3
11847 openat(AT_FDCWD, "/nix/store/g8zyryr9cr6540xsyg4avqkwgxpnwj2a-glibc-2.40-66/lib/locale/C.UTF-8/LC_TELEPHONE", O_RDONLY|O_CLOEXEC) = -1 ENOENT (No such file or directory)
11847 openat(AT_FDCWD, "/nix/store/g8zyryr9cr6540xsyg4avqkwgxpnwj2a-glibc-2.40-66/lib/locale/C.utf8/LC_TELEPHONE", O_RDONLY|O_CLOEXEC) = 3
11847 openat(AT_FDCWD, "/nix/store/g8zyryr9cr6540xsyg4avqkwgxpnwj2a-glibc-2.40-66/lib/locale/C.UTF-8/LC_ADDRESS", O_RDONLY|O_CLOEXEC) = -1 ENOENT (No such file or directory)
11847 openat(AT_FDCWD, "/nix/store/g8zyryr9cr6540xsyg4avqkwgxpnwj2a-glibc-2.40-66/lib/locale/C.utf8/LC_ADDRESS", O_RDONLY|O_CLOEXEC) = 3
11847 openat(AT_FDCWD, "/nix/store/g8zyryr9cr6540xsyg4avqkwgxpnwj2a-glibc-2.40-66/lib/locale/C.UTF-8/LC_NAME", O_RDONLY|O_CLOEXEC) = -1 ENOENT (No such file or directory)
11847 openat(AT_FDCWD, "/nix/store/g8zyryr9cr6540xsyg4avqkwgxpnwj2a-glibc-2.40-66/lib/locale/C.utf8/LC_NAME", O_RDONLY|O_CLOEXEC) = 3
11847 openat(AT_FDCWD, "/nix/store/g8zyryr9cr6540xsyg4avqkwgxpnwj2a-glibc-2.40-66/lib/locale/C.UTF-8/LC_PAPER", O_RDONLY|O_CLOEXEC) = -1 ENOENT (No such file or directory)
11847 openat(AT_FDCWD, "/nix/store/g8zyryr9cr6540xsyg4avqkwgxpnwj2a-glibc-2.40-66/lib/locale/C.utf8/LC_PAPER", O_RDONLY|O_CLOEXEC) = 3
11847 openat(AT_FDCWD, "/nix/store/g8zyryr9cr6540xsyg4avqkwgxpnwj2a-glibc-2.40-66/lib/locale/C.UTF-8/LC_MESSAGES", O_RDONLY|O_CLOEXEC) = -1 ENOENT (No such file or directory)
11847 openat(AT_FDCWD, "/nix/store/g8zyryr9cr6540xsyg4avqkwgxpnwj2a-glibc-2.40-66/lib/locale/C.utf8/LC_MESSAGES", O_RDONLY|O_CLOEXEC) = 3
11847 openat(AT_FDCWD, "/nix/store/g8zyryr9cr6540xsyg4avqkwgxpnwj2a-glibc-2.40-66/lib/locale/C.utf8/LC_MESSAGES/SYS_LC_MESSAGES", O_RDONLY|O_CLOEXEC) = 3
11847 openat(AT_FDCWD, "/nix/store/g8zyryr9cr6540xsyg4avqkwgxpnwj2a-glibc-2.40-66/lib/locale/C.UTF-8/LC_MONETARY", O_RDONLY|O_CLOEXEC) = -1 ENOENT (No such file or directory)
11847 openat(AT_FDCWD, "/nix/store/g8zyryr9cr6540xsyg4avqkwgxpnwj2a-glibc-2.40-66/lib/locale/C.utf8/LC_MONETARY", O_RDONLY|O_CLOEXEC) = 3
11847 openat(AT_FDCWD, "/nix/store/g8zyryr9cr6540xsyg4avqkwgxpnwj2a-glibc-2.40-66/lib/locale/C.UTF-8/LC_COLLATE", O_RDONLY|O_CLOEXEC) = -1 ENOENT (No such file or directory)
11847 openat(AT_FDCWD, "/nix/store/g8zyryr9cr6540xsyg4avqkwgxpnwj2a-glibc-2.40-66/lib/locale/C.utf8/LC_COLLATE", O_RDONLY|O_CLOEXEC) = 3
11847 openat(AT_FDCWD, "/nix/store/g8zyryr9cr6540xsyg4avqkwgxpnwj2a-glibc-2.40-66/lib/locale/C.UTF-8/LC_TIME", O_RDONLY|O_CLOEXEC) = -1 ENOENT (No such file or directory)
11847 openat(AT_FDCWD, "/nix/store/g8zyryr9cr6540xsyg4avqkwgxpnwj2a-glibc-2.40-66/lib/locale/C.utf8/LC_TIME", O_RDONLY|O_CLOEXEC) = 3
11847 openat(AT_FDCWD, "/nix/store/g8zyryr9cr6540xsyg4avqkwgxpnwj2a-glibc-2.40-66/lib/locale/C.UTF-8/LC_NUMERIC", O_RDONLY|O_CLOEXEC) = -1 ENOENT (No such file or directory)
11847 openat(AT_FDCWD, "/nix/store/g8zyryr9cr6540xsyg4avqkwgxpnwj2a-glibc-2.40-66/lib/locale/C.utf8/LC_NUMERIC", O_RDONLY|O_CLOEXEC) = 3
11847 openat(AT_FDCWD, "/nix/store/g8zyryr9cr6540xsyg4avqkwgxpnwj2a-glibc-2.40-66/lib/locale/C.UTF-8/LC_CTYPE", O_RDONLY|O_CLOEXEC) = -1 ENOENT (No such file or directory)
11847 openat(AT_FDCWD, "/nix/store/g8zyryr9cr6540xsyg4avqkwgxpnwj2a-glibc-2.40-66/lib/locale/C.utf8/LC_CTYPE", O_RDONLY|O_CLOEXEC) = 3
11847 openat(AT_FDCWD, "/etc/nsswitch.conf", O_RDONLY|O_CLOEXEC) = 3
11847 openat(AT_FDCWD, "/etc/passwd", O_RDONLY|O_CLOEXEC) = 3
11847 openat(AT_FDCWD, "reports/e3-apertura-preparada-20260922/api-start-audit.sh", O_RDONLY) = 3
11849 openat(AT_FDCWD, "/nix/store/8smmj5gbhnnqaf28qxak4xv57ccgm96p-acl-2.3.2/lib/glibc-hwcaps/x86-64-v4/libacl.so.1", O_RDONLY|O_CLOEXEC) = -1 ENOENT (No such file or directory)
11849 openat(AT_FDCWD, "/nix/store/8smmj5gbhnnqaf28qxak4xv57ccgm96p-acl-2.3.2/lib/glibc-hwcaps/x86-64-v3/libacl.so.1", O_RDONLY|O_CLOEXEC) = -1 ENOENT (No such file or directory)
11849 openat(AT_FDCWD, "/nix/store/8smmj5gbhnnqaf28qxak4xv57ccgm96p-acl-2.3.2/lib/glibc-hwcaps/x86-64-v2/libacl.so.1", O_RDONLY|O_CLOEXEC) = -1 ENOENT (No such file or directory)
11850 openat(AT_FDCWD, "/nix/store/8smmj5gbhnnqaf28qxak4xv57ccgm96p-acl-2.3.2/lib/glibc-hwcaps/x86-64-v4/libacl.so.1", O_RDONLY|O_CLOEXEC <unfinished ...>
11849 openat(AT_FDCWD, "/nix/store/8smmj5gbhnnqaf28qxak4xv57ccgm96p-acl-2.3.2/lib/libacl.so.1", O_RDONLY|O_CLOEXEC <unfinished ...>
11850 <... openat resumed>)             = -1 ENOENT (No such file or directory)
11849 <... openat resumed>)             = 3
11850 openat(AT_FDCWD, "/nix/store/8smmj5gbhnnqaf28qxak4xv57ccgm96p-acl-2.3.2/lib/glibc-hwcaps/x86-64-v3/libacl.so.1", O_RDONLY|O_CLOEXEC) = -1 ENOENT (No such file or directory)
11850 openat(AT_FDCWD, "/nix/store/8smmj5gbhnnqaf28qxak4xv57ccgm96p-acl-2.3.2/lib/glibc-hwcaps/x86-64-v2/libacl.so.1", O_RDONLY|O_CLOEXEC) = -1 ENOENT (No such file or directory)
11850 openat(AT_FDCWD, "/nix/store/8smmj5gbhnnqaf28qxak4xv57ccgm96p-acl-2.3.2/lib/libacl.so.1", O_RDONLY|O_CLOEXEC) = 3
11849 openat(AT_FDCWD, "/nix/store/8smmj5gbhnnqaf28qxak4xv57ccgm96p-acl-2.3.2/lib/libattr.so.1", O_RDONLY|O_CLOEXEC) = -1 ENOENT (No such file or directory)
11849 openat(AT_FDCWD, "/nix/store/ik62z14lxr205b5gzfh4cjcla6gh9l6z-attr-2.5.2/lib/glibc-hwcaps/x86-64-v4/libattr.so.1", O_RDONLY|O_CLOEXEC) = -1 ENOENT (No such file or directory)
11849 openat(AT_FDCWD, "/nix/store/ik62z14lxr205b5gzfh4cjcla6gh9l6z-attr-2.5.2/lib/glibc-hwcaps/x86-64-v3/libattr.so.1", O_RDONLY|O_CLOEXEC) = -1 ENOENT (No such file or directory)
11849 openat(AT_FDCWD, "/nix/store/ik62z14lxr205b5gzfh4cjcla6gh9l6z-attr-2.5.2/lib/glibc-hwcaps/x86-64-v2/libattr.so.1", O_RDONLY|O_CLOEXEC) = -1 ENOENT (No such file or directory)
11850 openat(AT_FDCWD, "/nix/store/8smmj5gbhnnqaf28qxak4xv57ccgm96p-acl-2.3.2/lib/libattr.so.1", O_RDONLY|O_CLOEXEC <unfinished ...>
11849 openat(AT_FDCWD, "/nix/store/ik62z14lxr205b5gzfh4cjcla6gh9l6z-attr-2.5.2/lib/libattr.so.1", O_RDONLY|O_CLOEXEC <unfinished ...>
11850 <... openat resumed>)             = -1 ENOENT (No such file or directory)
11850 openat(AT_FDCWD, "/nix/store/ik62z14lxr205b5gzfh4cjcla6gh9l6z-attr-2.5.2/lib/glibc-hwcaps/x86-64-v4/libattr.so.1", O_RDONLY|O_CLOEXEC <unfinished ...>
11849 <... openat resumed>)             = 3
11850 <... openat resumed>)             = -1 ENOENT (No such file or directory)
11850 openat(AT_FDCWD, "/nix/store/ik62z14lxr205b5gzfh4cjcla6gh9l6z-attr-2.5.2/lib/glibc-hwcaps/x86-64-v3/libattr.so.1", O_RDONLY|O_CLOEXEC) = -1 ENOENT (No such file or directory)
11850 openat(AT_FDCWD, "/nix/store/ik62z14lxr205b5gzfh4cjcla6gh9l6z-attr-2.5.2/lib/glibc-hwcaps/x86-64-v2/libattr.so.1", O_RDONLY|O_CLOEXEC) = -1 ENOENT (No such file or directory)
11850 openat(AT_FDCWD, "/nix/store/ik62z14lxr205b5gzfh4cjcla6gh9l6z-attr-2.5.2/lib/libattr.so.1", O_RDONLY|O_CLOEXEC) = 3
11849 openat(AT_FDCWD, "/nix/store/8smmj5gbhnnqaf28qxak4xv57ccgm96p-acl-2.3.2/lib/libgmp.so.10", O_RDONLY|O_CLOEXEC) = -1 ENOENT (No such file or directory)
11849 openat(AT_FDCWD, "/nix/store/ik62z14lxr205b5gzfh4cjcla6gh9l6z-attr-2.5.2/lib/libgmp.so.10", O_RDONLY|O_CLOEXEC) = -1 ENOENT (No such file or directory)
11849 openat(AT_FDCWD, "/nix/store/x477rxqxm6cgsz0s8w05zkp1xl3ssp92-gmp-with-cxx-6.3.0/lib/glibc-hwcaps/x86-64-v4/libgmp.so.10", O_RDONLY|O_CLOEXEC) = -1 ENOENT (No such file or directory)
11849 openat(AT_FDCWD, "/nix/store/x477rxqxm6cgsz0s8w05zkp1xl3ssp92-gmp-with-cxx-6.3.0/lib/glibc-hwcaps/x86-64-v3/libgmp.so.10", O_RDONLY|O_CLOEXEC) = -1 ENOENT (No such file or directory)
11849 openat(AT_FDCWD, "/nix/store/x477rxqxm6cgsz0s8w05zkp1xl3ssp92-gmp-with-cxx-6.3.0/lib/glibc-hwcaps/x86-64-v2/libgmp.so.10", O_RDONLY|O_CLOEXEC <unfinished ...>
11850 openat(AT_FDCWD, "/nix/store/8smmj5gbhnnqaf28qxak4xv57ccgm96p-acl-2.3.2/lib/libgmp.so.10", O_RDONLY|O_CLOEXEC <unfinished ...>
11849 <... openat resumed>)             = -1 ENOENT (No such file or directory)
11850 <... openat resumed>)             = -1 ENOENT (No such file or directory)
11850 openat(AT_FDCWD, "/nix/store/ik62z14lxr205b5gzfh4cjcla6gh9l6z-attr-2.5.2/lib/libgmp.so.10", O_RDONLY|O_CLOEXEC) = -1 ENOENT (No such file or directory)
11849 openat(AT_FDCWD, "/nix/store/x477rxqxm6cgsz0s8w05zkp1xl3ssp92-gmp-with-cxx-6.3.0/lib/libgmp.so.10", O_RDONLY|O_CLOEXEC <unfinished ...>
11850 openat(AT_FDCWD, "/nix/store/x477rxqxm6cgsz0s8w05zkp1xl3ssp92-gmp-with-cxx-6.3.0/lib/glibc-hwcaps/x86-64-v4/libgmp.so.10", O_RDONLY|O_CLOEXEC) = -1 ENOENT (No such file or directory)
11849 <... openat resumed>)             = 3
11850 openat(AT_FDCWD, "/nix/store/x477rxqxm6cgsz0s8w05zkp1xl3ssp92-gmp-with-cxx-6.3.0/lib/glibc-hwcaps/x86-64-v3/libgmp.so.10", O_RDONLY|O_CLOEXEC) = -1 ENOENT (No such file or directory)
11850 openat(AT_FDCWD, "/nix/store/x477rxqxm6cgsz0s8w05zkp1xl3ssp92-gmp-with-cxx-6.3.0/lib/glibc-hwcaps/x86-64-v2/libgmp.so.10", O_RDONLY|O_CLOEXEC) = -1 ENOENT (No such file or directory)
11850 openat(AT_FDCWD, "/nix/store/x477rxqxm6cgsz0s8w05zkp1xl3ssp92-gmp-with-cxx-6.3.0/lib/libgmp.so.10", O_RDONLY|O_CLOEXEC) = 3
11849 openat(AT_FDCWD, "/nix/store/8smmj5gbhnnqaf28qxak4xv57ccgm96p-acl-2.3.2/lib/libc.so.6", O_RDONLY|O_CLOEXEC) = -1 ENOENT (No such file or directory)
11849 openat(AT_FDCWD, "/nix/store/ik62z14lxr205b5gzfh4cjcla6gh9l6z-attr-2.5.2/lib/libc.so.6", O_RDONLY|O_CLOEXEC) = -1 ENOENT (No such file or directory)
11849 openat(AT_FDCWD, "/nix/store/x477rxqxm6cgsz0s8w05zkp1xl3ssp92-gmp-with-cxx-6.3.0/lib/libc.so.6", O_RDONLY|O_CLOEXEC) = -1 ENOENT (No such file or directory)
11849 openat(AT_FDCWD, "/nix/store/g8zyryr9cr6540xsyg4avqkwgxpnwj2a-glibc-2.40-66/lib/glibc-hwcaps/x86-64-v4/libc.so.6", O_RDONLY|O_CLOEXEC) = -1 ENOENT (No such file or directory)
11849 openat(AT_FDCWD, "/nix/store/g8zyryr9cr6540xsyg4avqkwgxpnwj2a-glibc-2.40-66/lib/glibc-hwcaps/x86-64-v3/libc.so.6", O_RDONLY|O_CLOEXEC <unfinished ...>
11850 openat(AT_FDCWD, "/nix/store/8smmj5gbhnnqaf28qxak4xv57ccgm96p-acl-2.3.2/lib/libc.so.6", O_RDONLY|O_CLOEXEC <unfinished ...>
11849 <... openat resumed>)             = -1 ENOENT (No such file or directory)
11850 <... openat resumed>)             = -1 ENOENT (No such file or directory)
11850 openat(AT_FDCWD, "/nix/store/ik62z14lxr205b5gzfh4cjcla6gh9l6z-attr-2.5.2/lib/libc.so.6", O_RDONLY|O_CLOEXEC) = -1 ENOENT (No such file or directory)
11849 openat(AT_FDCWD, "/nix/store/g8zyryr9cr6540xsyg4avqkwgxpnwj2a-glibc-2.40-66/lib/glibc-hwcaps/x86-64-v2/libc.so.6", O_RDONLY|O_CLOEXEC <unfinished ...>
11850 openat(AT_FDCWD, "/nix/store/x477rxqxm6cgsz0s8w05zkp1xl3ssp92-gmp-with-cxx-6.3.0/lib/libc.so.6", O_RDONLY|O_CLOEXEC <unfinished ...>
11849 <... openat resumed>)             = -1 ENOENT (No such file or directory)
11850 <... openat resumed>)             = -1 ENOENT (No such file or directory)
11850 openat(AT_FDCWD, "/nix/store/g8zyryr9cr6540xsyg4avqkwgxpnwj2a-glibc-2.40-66/lib/glibc-hwcaps/x86-64-v4/libc.so.6", O_RDONLY|O_CLOEXEC) = -1 ENOENT (No such file or directory)
11849 openat(AT_FDCWD, "/nix/store/g8zyryr9cr6540xsyg4avqkwgxpnwj2a-glibc-2.40-66/lib/libc.so.6", O_RDONLY|O_CLOEXEC) = 3
11850 openat(AT_FDCWD, "/nix/store/g8zyryr9cr6540xsyg4avqkwgxpnwj2a-glibc-2.40-66/lib/glibc-hwcaps/x86-64-v3/libc.so.6", O_RDONLY|O_CLOEXEC) = -1 ENOENT (No such file or directory)
11850 openat(AT_FDCWD, "/nix/store/g8zyryr9cr6540xsyg4avqkwgxpnwj2a-glibc-2.40-66/lib/glibc-hwcaps/x86-64-v2/libc.so.6", O_RDONLY|O_CLOEXEC) = -1 ENOENT (No such file or directory)
11850 openat(AT_FDCWD, "/nix/store/g8zyryr9cr6540xsyg4avqkwgxpnwj2a-glibc-2.40-66/lib/libc.so.6", O_RDONLY|O_CLOEXEC) = 3
11849 openat(AT_FDCWD, "/run/current-system/sw/lib/locale/locale-archive", O_RDONLY|O_CLOEXEC) = -1 ENOENT (No such file or directory)
11849 openat(AT_FDCWD, "/usr/lib/locale/locale-archive", O_RDONLY|O_CLOEXEC) = 3
11850 openat(AT_FDCWD, "/run/current-system/sw/lib/locale/locale-archive", O_RDONLY|O_CLOEXEC) = -1 ENOENT (No such file or directory)
11850 openat(AT_FDCWD, "/usr/lib/locale/locale-archive", O_RDONLY|O_CLOEXEC) = 3
11849 openat(AT_FDCWD, "/nix/store/g8zyryr9cr6540xsyg4avqkwgxpnwj2a-glibc-2.40-66/share/locale/locale.alias", O_RDONLY|O_CLOEXEC) = 3
11850 openat(AT_FDCWD, "/nix/store/g8zyryr9cr6540xsyg4avqkwgxpnwj2a-glibc-2.40-66/share/locale/locale.alias", O_RDONLY|O_CLOEXEC) = 3
11849 openat(AT_FDCWD, "/nix/store/g8zyryr9cr6540xsyg4avqkwgxpnwj2a-glibc-2.40-66/lib/locale/C.UTF-8/LC_IDENTIFICATION", O_RDONLY|O_CLOEXEC) = -1 ENOENT (No such file or directory)
11849 openat(AT_FDCWD, "/nix/store/g8zyryr9cr6540xsyg4avqkwgxpnwj2a-glibc-2.40-66/lib/locale/C.utf8/LC_IDENTIFICATION", O_RDONLY|O_CLOEXEC <unfinished ...>
11850 openat(AT_FDCWD, "/nix/store/g8zyryr9cr6540xsyg4avqkwgxpnwj2a-glibc-2.40-66/lib/locale/C.UTF-8/LC_IDENTIFICATION", O_RDONLY|O_CLOEXEC <unfinished ...>
11849 <... openat resumed>)             = 3
11850 <... openat resumed>)             = -1 ENOENT (No such file or directory)
11850 openat(AT_FDCWD, "/nix/store/g8zyryr9cr6540xsyg4avqkwgxpnwj2a-glibc-2.40-66/lib/locale/C.utf8/LC_IDENTIFICATION", O_RDONLY|O_CLOEXEC) = 3
11849 openat(AT_FDCWD, "/nix/store/g8zyryr9cr6540xsyg4avqkwgxpnwj2a-glibc-2.40-66/lib/gconv/gconv-modules.cache", O_RDONLY|O_CLOEXEC) = -1 ENOENT (No such file or directory)
11850 openat(AT_FDCWD, "/nix/store/g8zyryr9cr6540xsyg4avqkwgxpnwj2a-glibc-2.40-66/lib/gconv/gconv-modules.cache", O_RDONLY|O_CLOEXEC <unfinished ...>
11849 openat(AT_FDCWD, "/nix/store/g8zyryr9cr6540xsyg4avqkwgxpnwj2a-glibc-2.40-66/lib/gconv/gconv-modules", O_RDONLY|O_CLOEXEC <unfinished ...>
11850 <... openat resumed>)             = -1 ENOENT (No such file or directory)
11850 openat(AT_FDCWD, "/nix/store/g8zyryr9cr6540xsyg4avqkwgxpnwj2a-glibc-2.40-66/lib/gconv/gconv-modules", O_RDONLY|O_CLOEXEC <unfinished ...>
11849 <... openat resumed>)             = 3
11850 <... openat resumed>)             = 3
11850 openat(AT_FDCWD, "/nix/store/g8zyryr9cr6540xsyg4avqkwgxpnwj2a-glibc-2.40-66/lib/gconv/gconv-modules.d", O_RDONLY|O_NONBLOCK|O_CLOEXEC|O_DIRECTORY <unfinished ...>
11849 openat(AT_FDCWD, "/nix/store/g8zyryr9cr6540xsyg4avqkwgxpnwj2a-glibc-2.40-66/lib/gconv/gconv-modules.d", O_RDONLY|O_NONBLOCK|O_CLOEXEC|O_DIRECTORY <unfinished ...>
11850 <... openat resumed>)             = 3
11849 <... openat resumed>)             = 3
11850 openat(AT_FDCWD, "/nix/store/g8zyryr9cr6540xsyg4avqkwgxpnwj2a-glibc-2.40-66/lib/gconv/gconv-modules.d/gconv-modules-extra.conf", O_RDONLY|O_CLOEXEC <unfinished ...>
11849 openat(AT_FDCWD, "/nix/store/g8zyryr9cr6540xsyg4avqkwgxpnwj2a-glibc-2.40-66/lib/gconv/gconv-modules.d/gconv-modules-extra.conf", O_RDONLY|O_CLOEXEC <unfinished ...>
11850 <... openat resumed>)             = 4
11849 <... openat resumed>)             = 4
11850 openat(AT_FDCWD, "/nix/store/g8zyryr9cr6540xsyg4avqkwgxpnwj2a-glibc-2.40-66/lib/locale/C.UTF-8/LC_MEASUREMENT", O_RDONLY|O_CLOEXEC) = -1 ENOENT (No such file or directory)
11850 openat(AT_FDCWD, "/nix/store/g8zyryr9cr6540xsyg4avqkwgxpnwj2a-glibc-2.40-66/lib/locale/C.utf8/LC_MEASUREMENT", O_RDONLY|O_CLOEXEC) = 3
11850 openat(AT_FDCWD, "/nix/store/g8zyryr9cr6540xsyg4avqkwgxpnwj2a-glibc-2.40-66/lib/locale/C.UTF-8/LC_TELEPHONE", O_RDONLY|O_CLOEXEC) = -1 ENOENT (No such file or directory)
11849 openat(AT_FDCWD, "/nix/store/g8zyryr9cr6540xsyg4avqkwgxpnwj2a-glibc-2.40-66/lib/locale/C.UTF-8/LC_MEASUREMENT", O_RDONLY|O_CLOEXEC <unfinished ...>
11850 openat(AT_FDCWD, "/nix/store/g8zyryr9cr6540xsyg4avqkwgxpnwj2a-glibc-2.40-66/lib/locale/C.utf8/LC_TELEPHONE", O_RDONLY|O_CLOEXEC <unfinished ...>
11849 <... openat resumed>)             = -1 ENOENT (No such file or directory)
11850 <... openat resumed>)             = 3
11849 openat(AT_FDCWD, "/nix/store/g8zyryr9cr6540xsyg4avqkwgxpnwj2a-glibc-2.40-66/lib/locale/C.utf8/LC_MEASUREMENT", O_RDONLY|O_CLOEXEC) = 3
11850 openat(AT_FDCWD, "/nix/store/g8zyryr9cr6540xsyg4avqkwgxpnwj2a-glibc-2.40-66/lib/locale/C.UTF-8/LC_ADDRESS", O_RDONLY|O_CLOEXEC) = -1 ENOENT (No such file or directory)
11850 openat(AT_FDCWD, "/nix/store/g8zyryr9cr6540xsyg4avqkwgxpnwj2a-glibc-2.40-66/lib/locale/C.utf8/LC_ADDRESS", O_RDONLY|O_CLOEXEC <unfinished ...>
11849 openat(AT_FDCWD, "/nix/store/g8zyryr9cr6540xsyg4avqkwgxpnwj2a-glibc-2.40-66/lib/locale/C.UTF-8/LC_TELEPHONE", O_RDONLY|O_CLOEXEC <unfinished ...>
11850 <... openat resumed>)             = 3
11849 <... openat resumed>)             = -1 ENOENT (No such file or directory)
11849 openat(AT_FDCWD, "/nix/store/g8zyryr9cr6540xsyg4avqkwgxpnwj2a-glibc-2.40-66/lib/locale/C.utf8/LC_TELEPHONE", O_RDONLY|O_CLOEXEC) = 3
11850 openat(AT_FDCWD, "/nix/store/g8zyryr9cr6540xsyg4avqkwgxpnwj2a-glibc-2.40-66/lib/locale/C.UTF-8/LC_NAME", O_RDONLY|O_CLOEXEC) = -1 ENOENT (No such file or directory)
11850 openat(AT_FDCWD, "/nix/store/g8zyryr9cr6540xsyg4avqkwgxpnwj2a-glibc-2.40-66/lib/locale/C.utf8/LC_NAME", O_RDONLY|O_CLOEXEC) = 3
11849 openat(AT_FDCWD, "/nix/store/g8zyryr9cr6540xsyg4avqkwgxpnwj2a-glibc-2.40-66/lib/locale/C.UTF-8/LC_ADDRESS", O_RDONLY|O_CLOEXEC) = -1 ENOENT (No such file or directory)
11849 openat(AT_FDCWD, "/nix/store/g8zyryr9cr6540xsyg4avqkwgxpnwj2a-glibc-2.40-66/lib/locale/C.utf8/LC_ADDRESS", O_RDONLY|O_CLOEXEC) = 3
11850 openat(AT_FDCWD, "/nix/store/g8zyryr9cr6540xsyg4avqkwgxpnwj2a-glibc-2.40-66/lib/locale/C.UTF-8/LC_PAPER", O_RDONLY|O_CLOEXEC) = -1 ENOENT (No such file or directory)
11850 openat(AT_FDCWD, "/nix/store/g8zyryr9cr6540xsyg4avqkwgxpnwj2a-glibc-2.40-66/lib/locale/C.utf8/LC_PAPER", O_RDONLY|O_CLOEXEC) = 3
11849 openat(AT_FDCWD, "/nix/store/g8zyryr9cr6540xsyg4avqkwgxpnwj2a-glibc-2.40-66/lib/locale/C.UTF-8/LC_NAME", O_RDONLY|O_CLOEXEC) = -1 ENOENT (No such file or directory)
11849 openat(AT_FDCWD, "/nix/store/g8zyryr9cr6540xsyg4avqkwgxpnwj2a-glibc-2.40-66/lib/locale/C.utf8/LC_NAME", O_RDONLY|O_CLOEXEC) = 3
11850 openat(AT_FDCWD, "/nix/store/g8zyryr9cr6540xsyg4avqkwgxpnwj2a-glibc-2.40-66/lib/locale/C.UTF-8/LC_MESSAGES", O_RDONLY|O_CLOEXEC) = -1 ENOENT (No such file or directory)
11850 openat(AT_FDCWD, "/nix/store/g8zyryr9cr6540xsyg4avqkwgxpnwj2a-glibc-2.40-66/lib/locale/C.utf8/LC_MESSAGES", O_RDONLY|O_CLOEXEC) = 3
11849 openat(AT_FDCWD, "/nix/store/g8zyryr9cr6540xsyg4avqkwgxpnwj2a-glibc-2.40-66/lib/locale/C.UTF-8/LC_PAPER", O_RDONLY|O_CLOEXEC) = -1 ENOENT (No such file or directory)
11849 openat(AT_FDCWD, "/nix/store/g8zyryr9cr6540xsyg4avqkwgxpnwj2a-glibc-2.40-66/lib/locale/C.utf8/LC_PAPER", O_RDONLY|O_CLOEXEC <unfinished ...>
11850 openat(AT_FDCWD, "/nix/store/g8zyryr9cr6540xsyg4avqkwgxpnwj2a-glibc-2.40-66/lib/locale/C.utf8/LC_MESSAGES/SYS_LC_MESSAGES", O_RDONLY|O_CLOEXEC <unfinished ...>
11849 <... openat resumed>)             = 3
11850 <... openat resumed>)             = 3
11849 openat(AT_FDCWD, "/nix/store/g8zyryr9cr6540xsyg4avqkwgxpnwj2a-glibc-2.40-66/lib/locale/C.UTF-8/LC_MESSAGES", O_RDONLY|O_CLOEXEC <unfinished ...>
11850 openat(AT_FDCWD, "/nix/store/g8zyryr9cr6540xsyg4avqkwgxpnwj2a-glibc-2.40-66/lib/locale/C.UTF-8/LC_MONETARY", O_RDONLY|O_CLOEXEC <unfinished ...>
11849 <... openat resumed>)             = -1 ENOENT (No such file or directory)
11850 <... openat resumed>)             = -1 ENOENT (No such file or directory)
11849 openat(AT_FDCWD, "/nix/store/g8zyryr9cr6540xsyg4avqkwgxpnwj2a-glibc-2.40-66/lib/locale/C.utf8/LC_MESSAGES", O_RDONLY|O_CLOEXEC <unfinished ...>
11850 openat(AT_FDCWD, "/nix/store/g8zyryr9cr6540xsyg4avqkwgxpnwj2a-glibc-2.40-66/lib/locale/C.utf8/LC_MONETARY", O_RDONLY|O_CLOEXEC <unfinished ...>
11849 <... openat resumed>)             = 3
11850 <... openat resumed>)             = 3
11849 openat(AT_FDCWD, "/nix/store/g8zyryr9cr6540xsyg4avqkwgxpnwj2a-glibc-2.40-66/lib/locale/C.utf8/LC_MESSAGES/SYS_LC_MESSAGES", O_RDONLY|O_CLOEXEC) = 3
11850 openat(AT_FDCWD, "/nix/store/g8zyryr9cr6540xsyg4avqkwgxpnwj2a-glibc-2.40-66/lib/locale/C.UTF-8/LC_COLLATE", O_RDONLY|O_CLOEXEC) = -1 ENOENT (No such file or directory)
11850 openat(AT_FDCWD, "/nix/store/g8zyryr9cr6540xsyg4avqkwgxpnwj2a-glibc-2.40-66/lib/locale/C.utf8/LC_COLLATE", O_RDONLY|O_CLOEXEC) = 3
11849 openat(AT_FDCWD, "/nix/store/g8zyryr9cr6540xsyg4avqkwgxpnwj2a-glibc-2.40-66/lib/locale/C.UTF-8/LC_MONETARY", O_RDONLY|O_CLOEXEC) = -1 ENOENT (No such file or directory)
11849 openat(AT_FDCWD, "/nix/store/g8zyryr9cr6540xsyg4avqkwgxpnwj2a-glibc-2.40-66/lib/locale/C.utf8/LC_MONETARY", O_RDONLY|O_CLOEXEC <unfinished ...>
11850 openat(AT_FDCWD, "/nix/store/g8zyryr9cr6540xsyg4avqkwgxpnwj2a-glibc-2.40-66/lib/locale/C.UTF-8/LC_TIME", O_RDONLY|O_CLOEXEC <unfinished ...>
11849 <... openat resumed>)             = 3
11850 <... openat resumed>)             = -1 ENOENT (No such file or directory)
11850 openat(AT_FDCWD, "/nix/store/g8zyryr9cr6540xsyg4avqkwgxpnwj2a-glibc-2.40-66/lib/locale/C.utf8/LC_TIME", O_RDONLY|O_CLOEXEC) = 3
11849 openat(AT_FDCWD, "/nix/store/g8zyryr9cr6540xsyg4avqkwgxpnwj2a-glibc-2.40-66/lib/locale/C.UTF-8/LC_COLLATE", O_RDONLY|O_CLOEXEC) = -1 ENOENT (No such file or directory)
11849 openat(AT_FDCWD, "/nix/store/g8zyryr9cr6540xsyg4avqkwgxpnwj2a-glibc-2.40-66/lib/locale/C.utf8/LC_COLLATE", O_RDONLY|O_CLOEXEC <unfinished ...>
11850 openat(AT_FDCWD, "/nix/store/g8zyryr9cr6540xsyg4avqkwgxpnwj2a-glibc-2.40-66/lib/locale/C.UTF-8/LC_NUMERIC", O_RDONLY|O_CLOEXEC <unfinished ...>
11849 <... openat resumed>)             = 3
11850 <... openat resumed>)             = -1 ENOENT (No such file or directory)
11850 openat(AT_FDCWD, "/nix/store/g8zyryr9cr6540xsyg4avqkwgxpnwj2a-glibc-2.40-66/lib/locale/C.utf8/LC_NUMERIC", O_RDONLY|O_CLOEXEC) = 3
11849 openat(AT_FDCWD, "/nix/store/g8zyryr9cr6540xsyg4avqkwgxpnwj2a-glibc-2.40-66/lib/locale/C.UTF-8/LC_TIME", O_RDONLY|O_CLOEXEC) = -1 ENOENT (No such file or directory)
11849 openat(AT_FDCWD, "/nix/store/g8zyryr9cr6540xsyg4avqkwgxpnwj2a-glibc-2.40-66/lib/locale/C.utf8/LC_TIME", O_RDONLY|O_CLOEXEC <unfinished ...>
11850 openat(AT_FDCWD, "/nix/store/g8zyryr9cr6540xsyg4avqkwgxpnwj2a-glibc-2.40-66/lib/locale/C.UTF-8/LC_CTYPE", O_RDONLY|O_CLOEXEC <unfinished ...>
11849 <... openat resumed>)             = 3
11850 <... openat resumed>)             = -1 ENOENT (No such file or directory)
11850 openat(AT_FDCWD, "/nix/store/g8zyryr9cr6540xsyg4avqkwgxpnwj2a-glibc-2.40-66/lib/locale/C.utf8/LC_CTYPE", O_RDONLY|O_CLOEXEC) = 3
11849 openat(AT_FDCWD, "/nix/store/g8zyryr9cr6540xsyg4avqkwgxpnwj2a-glibc-2.40-66/lib/locale/C.UTF-8/LC_NUMERIC", O_RDONLY|O_CLOEXEC) = -1 ENOENT (No such file or directory)
11849 openat(AT_FDCWD, "/nix/store/g8zyryr9cr6540xsyg4avqkwgxpnwj2a-glibc-2.40-66/lib/locale/C.utf8/LC_NUMERIC", O_RDONLY|O_CLOEXEC) = 3
11849 openat(AT_FDCWD, "/nix/store/g8zyryr9cr6540xsyg4avqkwgxpnwj2a-glibc-2.40-66/lib/locale/C.UTF-8/LC_CTYPE", O_RDONLY|O_CLOEXEC) = -1 ENOENT (No such file or directory)
11849 openat(AT_FDCWD, "/nix/store/g8zyryr9cr6540xsyg4avqkwgxpnwj2a-glibc-2.40-66/lib/locale/C.utf8/LC_CTYPE", O_RDONLY|O_CLOEXEC) = 3
11849 openat(AT_FDCWD, "reports/e3-apertura-preparada-20260922/release-assets.sha256", O_RDONLY) = 3
11850 +++ exited with 0 +++
11849 +++ exited with 0 +++
11848 --- SIGCHLD {si_signo=SIGCHLD, si_code=CLD_EXITED, si_pid=11850, si_uid=1000, si_status=0, si_utime=0, si_stime=0} ---
11848 +++ exited with 0 +++
11847 --- SIGCHLD {si_signo=SIGCHLD, si_code=CLD_EXITED, si_pid=11848, si_uid=1000, si_status=0, si_utime=0, si_stime=0} ---
11851 openat(AT_FDCWD, "/nix/store/8smmj5gbhnnqaf28qxak4xv57ccgm96p-acl-2.3.2/lib/glibc-hwcaps/x86-64-v4/libacl.so.1", O_RDONLY|O_CLOEXEC) = -1 ENOENT (No such file or directory)
11851 openat(AT_FDCWD, "/nix/store/8smmj5gbhnnqaf28qxak4xv57ccgm96p-acl-2.3.2/lib/glibc-hwcaps/x86-64-v3/libacl.so.1", O_RDONLY|O_CLOEXEC) = -1 ENOENT (No such file or directory)
11851 openat(AT_FDCWD, "/nix/store/8smmj5gbhnnqaf28qxak4xv57ccgm96p-acl-2.3.2/lib/glibc-hwcaps/x86-64-v2/libacl.so.1", O_RDONLY|O_CLOEXEC) = -1 ENOENT (No such file or directory)
11851 openat(AT_FDCWD, "/nix/store/8smmj5gbhnnqaf28qxak4xv57ccgm96p-acl-2.3.2/lib/libacl.so.1", O_RDONLY|O_CLOEXEC) = 3
11851 openat(AT_FDCWD, "/nix/store/8smmj5gbhnnqaf28qxak4xv57ccgm96p-acl-2.3.2/lib/libattr.so.1", O_RDONLY|O_CLOEXEC) = -1 ENOENT (No such file or directory)
11851 openat(AT_FDCWD, "/nix/store/ik62z14lxr205b5gzfh4cjcla6gh9l6z-attr-2.5.2/lib/glibc-hwcaps/x86-64-v4/libattr.so.1", O_RDONLY|O_CLOEXEC) = -1 ENOENT (No such file or directory)
11851 openat(AT_FDCWD, "/nix/store/ik62z14lxr205b5gzfh4cjcla6gh9l6z-attr-2.5.2/lib/glibc-hwcaps/x86-64-v3/libattr.so.1", O_RDONLY|O_CLOEXEC) = -1 ENOENT (No such file or directory)
11851 openat(AT_FDCWD, "/nix/store/ik62z14lxr205b5gzfh4cjcla6gh9l6z-attr-2.5.2/lib/glibc-hwcaps/x86-64-v2/libattr.so.1", O_RDONLY|O_CLOEXEC) = -1 ENOENT (No such file or directory)
11851 openat(AT_FDCWD, "/nix/store/ik62z14lxr205b5gzfh4cjcla6gh9l6z-attr-2.5.2/lib/libattr.so.1", O_RDONLY|O_CLOEXEC) = 3
11851 openat(AT_FDCWD, "/nix/store/8smmj5gbhnnqaf28qxak4xv57ccgm96p-acl-2.3.2/lib/libgmp.so.10", O_RDONLY|O_CLOEXEC) = -1 ENOENT (No such file or directory)
11851 openat(AT_FDCWD, "/nix/store/ik62z14lxr205b5gzfh4cjcla6gh9l6z-attr-2.5.2/lib/libgmp.so.10", O_RDONLY|O_CLOEXEC) = -1 ENOENT (No such file or directory)
11851 openat(AT_FDCWD, "/nix/store/x477rxqxm6cgsz0s8w05zkp1xl3ssp92-gmp-with-cxx-6.3.0/lib/glibc-hwcaps/x86-64-v4/libgmp.so.10", O_RDONLY|O_CLOEXEC) = -1 ENOENT (No such file or directory)
11851 openat(AT_FDCWD, "/nix/store/x477rxqxm6cgsz0s8w05zkp1xl3ssp92-gmp-with-cxx-6.3.0/lib/glibc-hwcaps/x86-64-v3/libgmp.so.10", O_RDONLY|O_CLOEXEC) = -1 ENOENT (No such file or directory)
11851 openat(AT_FDCWD, "/nix/store/x477rxqxm6cgsz0s8w05zkp1xl3ssp92-gmp-with-cxx-6.3.0/lib/glibc-hwcaps/x86-64-v2/libgmp.so.10", O_RDONLY|O_CLOEXEC) = -1 ENOENT (No such file or directory)
11851 openat(AT_FDCWD, "/nix/store/x477rxqxm6cgsz0s8w05zkp1xl3ssp92-gmp-with-cxx-6.3.0/lib/libgmp.so.10", O_RDONLY|O_CLOEXEC) = 3
11851 openat(AT_FDCWD, "/nix/store/8smmj5gbhnnqaf28qxak4xv57ccgm96p-acl-2.3.2/lib/libc.so.6", O_RDONLY|O_CLOEXEC) = -1 ENOENT (No such file or directory)
11851 openat(AT_FDCWD, "/nix/store/ik62z14lxr205b5gzfh4cjcla6gh9l6z-attr-2.5.2/lib/libc.so.6", O_RDONLY|O_CLOEXEC) = -1 ENOENT (No such file or directory)
11851 openat(AT_FDCWD, "/nix/store/x477rxqxm6cgsz0s8w05zkp1xl3ssp92-gmp-with-cxx-6.3.0/lib/libc.so.6", O_RDONLY|O_CLOEXEC) = -1 ENOENT (No such file or directory)
11851 openat(AT_FDCWD, "/nix/store/g8zyryr9cr6540xsyg4avqkwgxpnwj2a-glibc-2.40-66/lib/glibc-hwcaps/x86-64-v4/libc.so.6", O_RDONLY|O_CLOEXEC) = -1 ENOENT (No such file or directory)
11851 openat(AT_FDCWD, "/nix/store/g8zyryr9cr6540xsyg4avqkwgxpnwj2a-glibc-2.40-66/lib/glibc-hwcaps/x86-64-v3/libc.so.6", O_RDONLY|O_CLOEXEC) = -1 ENOENT (No such file or directory)
11851 openat(AT_FDCWD, "/nix/store/g8zyryr9cr6540xsyg4avqkwgxpnwj2a-glibc-2.40-66/lib/glibc-hwcaps/x86-64-v2/libc.so.6", O_RDONLY|O_CLOEXEC) = -1 ENOENT (No such file or directory)
11851 openat(AT_FDCWD, "/nix/store/g8zyryr9cr6540xsyg4avqkwgxpnwj2a-glibc-2.40-66/lib/libc.so.6", O_RDONLY|O_CLOEXEC) = 3
11851 openat(AT_FDCWD, "/run/current-system/sw/lib/locale/locale-archive", O_RDONLY|O_CLOEXEC) = -1 ENOENT (No such file or directory)
11851 openat(AT_FDCWD, "/usr/lib/locale/locale-archive", O_RDONLY|O_CLOEXEC) = 3
11851 openat(AT_FDCWD, "/nix/store/g8zyryr9cr6540xsyg4avqkwgxpnwj2a-glibc-2.40-66/share/locale/locale.alias", O_RDONLY|O_CLOEXEC) = 3
11851 openat(AT_FDCWD, "/nix/store/g8zyryr9cr6540xsyg4avqkwgxpnwj2a-glibc-2.40-66/lib/locale/C.UTF-8/LC_IDENTIFICATION", O_RDONLY|O_CLOEXEC) = -1 ENOENT (No such file or directory)
11851 openat(AT_FDCWD, "/nix/store/g8zyryr9cr6540xsyg4avqkwgxpnwj2a-glibc-2.40-66/lib/locale/C.utf8/LC_IDENTIFICATION", O_RDONLY|O_CLOEXEC) = 3
11851 openat(AT_FDCWD, "/nix/store/g8zyryr9cr6540xsyg4avqkwgxpnwj2a-glibc-2.40-66/lib/gconv/gconv-modules.cache", O_RDONLY|O_CLOEXEC) = -1 ENOENT (No such file or directory)
11851 openat(AT_FDCWD, "/nix/store/g8zyryr9cr6540xsyg4avqkwgxpnwj2a-glibc-2.40-66/lib/gconv/gconv-modules", O_RDONLY|O_CLOEXEC) = 3
11851 openat(AT_FDCWD, "/nix/store/g8zyryr9cr6540xsyg4avqkwgxpnwj2a-glibc-2.40-66/lib/gconv/gconv-modules.d", O_RDONLY|O_NONBLOCK|O_CLOEXEC|O_DIRECTORY) = 3
11851 openat(AT_FDCWD, "/nix/store/g8zyryr9cr6540xsyg4avqkwgxpnwj2a-glibc-2.40-66/lib/gconv/gconv-modules.d/gconv-modules-extra.conf", O_RDONLY|O_CLOEXEC) = 4
11851 openat(AT_FDCWD, "/nix/store/g8zyryr9cr6540xsyg4avqkwgxpnwj2a-glibc-2.40-66/lib/locale/C.UTF-8/LC_MEASUREMENT", O_RDONLY|O_CLOEXEC) = -1 ENOENT (No such file or directory)
11851 openat(AT_FDCWD, "/nix/store/g8zyryr9cr6540xsyg4avqkwgxpnwj2a-glibc-2.40-66/lib/locale/C.utf8/LC_MEASUREMENT", O_RDONLY|O_CLOEXEC) = 3
11851 openat(AT_FDCWD, "/nix/store/g8zyryr9cr6540xsyg4avqkwgxpnwj2a-glibc-2.40-66/lib/locale/C.UTF-8/LC_TELEPHONE", O_RDONLY|O_CLOEXEC) = -1 ENOENT (No such file or directory)
11851 openat(AT_FDCWD, "/nix/store/g8zyryr9cr6540xsyg4avqkwgxpnwj2a-glibc-2.40-66/lib/locale/C.utf8/LC_TELEPHONE", O_RDONLY|O_CLOEXEC) = 3
11851 openat(AT_FDCWD, "/nix/store/g8zyryr9cr6540xsyg4avqkwgxpnwj2a-glibc-2.40-66/lib/locale/C.UTF-8/LC_ADDRESS", O_RDONLY|O_CLOEXEC) = -1 ENOENT (No such file or directory)
11851 openat(AT_FDCWD, "/nix/store/g8zyryr9cr6540xsyg4avqkwgxpnwj2a-glibc-2.40-66/lib/locale/C.utf8/LC_ADDRESS", O_RDONLY|O_CLOEXEC) = 3
11851 openat(AT_FDCWD, "/nix/store/g8zyryr9cr6540xsyg4avqkwgxpnwj2a-glibc-2.40-66/lib/locale/C.UTF-8/LC_NAME", O_RDONLY|O_CLOEXEC) = -1 ENOENT (No such file or directory)
11851 openat(AT_FDCWD, "/nix/store/g8zyryr9cr6540xsyg4avqkwgxpnwj2a-glibc-2.40-66/lib/locale/C.utf8/LC_NAME", O_RDONLY|O_CLOEXEC) = 3
11851 openat(AT_FDCWD, "/nix/store/g8zyryr9cr6540xsyg4avqkwgxpnwj2a-glibc-2.40-66/lib/locale/C.UTF-8/LC_PAPER", O_RDONLY|O_CLOEXEC) = -1 ENOENT (No such file or directory)
11851 openat(AT_FDCWD, "/nix/store/g8zyryr9cr6540xsyg4avqkwgxpnwj2a-glibc-2.40-66/lib/locale/C.utf8/LC_PAPER", O_RDONLY|O_CLOEXEC) = 3
11851 openat(AT_FDCWD, "/nix/store/g8zyryr9cr6540xsyg4avqkwgxpnwj2a-glibc-2.40-66/lib/locale/C.UTF-8/LC_MESSAGES", O_RDONLY|O_CLOEXEC) = -1 ENOENT (No such file or directory)
11851 openat(AT_FDCWD, "/nix/store/g8zyryr9cr6540xsyg4avqkwgxpnwj2a-glibc-2.40-66/lib/locale/C.utf8/LC_MESSAGES", O_RDONLY|O_CLOEXEC) = 3
11851 openat(AT_FDCWD, "/nix/store/g8zyryr9cr6540xsyg4avqkwgxpnwj2a-glibc-2.40-66/lib/locale/C.utf8/LC_MESSAGES/SYS_LC_MESSAGES", O_RDONLY|O_CLOEXEC) = 3
11851 openat(AT_FDCWD, "/nix/store/g8zyryr9cr6540xsyg4avqkwgxpnwj2a-glibc-2.40-66/lib/locale/C.UTF-8/LC_MONETARY", O_RDONLY|O_CLOEXEC) = -1 ENOENT (No such file or directory)
11851 openat(AT_FDCWD, "/nix/store/g8zyryr9cr6540xsyg4avqkwgxpnwj2a-glibc-2.40-66/lib/locale/C.utf8/LC_MONETARY", O_RDONLY|O_CLOEXEC) = 3
11851 openat(AT_FDCWD, "/nix/store/g8zyryr9cr6540xsyg4avqkwgxpnwj2a-glibc-2.40-66/lib/locale/C.UTF-8/LC_COLLATE", O_RDONLY|O_CLOEXEC) = -1 ENOENT (No such file or directory)
11851 openat(AT_FDCWD, "/nix/store/g8zyryr9cr6540xsyg4avqkwgxpnwj2a-glibc-2.40-66/lib/locale/C.utf8/LC_COLLATE", O_RDONLY|O_CLOEXEC) = 3
11851 openat(AT_FDCWD, "/nix/store/g8zyryr9cr6540xsyg4avqkwgxpnwj2a-glibc-2.40-66/lib/locale/C.UTF-8/LC_TIME", O_RDONLY|O_CLOEXEC) = -1 ENOENT (No such file or directory)
11851 openat(AT_FDCWD, "/nix/store/g8zyryr9cr6540xsyg4avqkwgxpnwj2a-glibc-2.40-66/lib/locale/C.utf8/LC_TIME", O_RDONLY|O_CLOEXEC) = 3
11851 openat(AT_FDCWD, "/nix/store/g8zyryr9cr6540xsyg4avqkwgxpnwj2a-glibc-2.40-66/lib/locale/C.UTF-8/LC_NUMERIC", O_RDONLY|O_CLOEXEC) = -1 ENOENT (No such file or directory)
11851 openat(AT_FDCWD, "/nix/store/g8zyryr9cr6540xsyg4avqkwgxpnwj2a-glibc-2.40-66/lib/locale/C.utf8/LC_NUMERIC", O_RDONLY|O_CLOEXEC) = 3
11851 openat(AT_FDCWD, "/nix/store/g8zyryr9cr6540xsyg4avqkwgxpnwj2a-glibc-2.40-66/lib/locale/C.UTF-8/LC_CTYPE", O_RDONLY|O_CLOEXEC) = -1 ENOENT (No such file or directory)
11851 openat(AT_FDCWD, "/nix/store/g8zyryr9cr6540xsyg4avqkwgxpnwj2a-glibc-2.40-66/lib/locale/C.utf8/LC_CTYPE", O_RDONLY|O_CLOEXEC) = 3
11851 openat(AT_FDCWD, "reports/e3-apertura-preparada-20260922/release-assets.sha256", O_RDONLY) = 3
11851 openat(AT_FDCWD, "artifacts/api-server/dist-e3-apertura-20260922/assets/fonts/DEJAVU-LICENSE.txt", O_RDONLY) = 4
11851 openat(AT_FDCWD, "artifacts/api-server/dist-e3-apertura-20260922/assets/fonts/DejaVuSans.ttf", O_RDONLY) = 4
11851 openat(AT_FDCWD, "artifacts/api-server/dist-e3-apertura-20260922/index.mjs", O_RDONLY) = 4
11851 openat(AT_FDCWD, "artifacts/api-server/dist-e3-apertura-20260922/index.mjs.map", O_RDONLY) = 4
11851 openat(AT_FDCWD, "artifacts/api-server/dist-e3-apertura-20260922/pino-file.mjs", O_RDONLY) = 4
11851 openat(AT_FDCWD, "artifacts/api-server/dist-e3-apertura-20260922/pino-file.mjs.map", O_RDONLY) = 4
11851 openat(AT_FDCWD, "artifacts/api-server/dist-e3-apertura-20260922/pino-pretty.mjs", O_RDONLY) = 4
11851 openat(AT_FDCWD, "artifacts/api-server/dist-e3-apertura-20260922/pino-pretty.mjs.map", O_RDONLY) = 4
11851 openat(AT_FDCWD, "artifacts/api-server/dist-e3-apertura-20260922/pino-worker.mjs", O_RDONLY) = 4
11851 openat(AT_FDCWD, "artifacts/api-server/dist-e3-apertura-20260922/pino-worker.mjs.map", O_RDONLY) = 4
11851 openat(AT_FDCWD, "artifacts/api-server/dist-e3-apertura-20260922/thread-stream-worker.mjs", O_RDONLY) = 4
11851 openat(AT_FDCWD, "artifacts/api-server/dist-e3-apertura-20260922/thread-stream-worker.mjs.map", O_RDONLY) = 4
11851 openat(AT_FDCWD, "artifacts/mariana-textil/dist-e3-apertura-20260922/assets/index-CJ5sQYvB.js", O_RDONLY) = 4
11851 openat(AT_FDCWD, "artifacts/mariana-textil/dist-e3-apertura-20260922/assets/index-DQmkcH1G.js", O_RDONLY) = 4
11851 openat(AT_FDCWD, "artifacts/mariana-textil/dist-e3-apertura-20260922/assets/index-NA0ZC8zw.css", O_RDONLY) = 4
11851 openat(AT_FDCWD, "artifacts/mariana-textil/dist-e3-apertura-20260922/assets/mariana-textil-logo-FFOiXRd3.png", O_RDONLY) = 4
11851 openat(AT_FDCWD, "artifacts/mariana-textil/dist-e3-apertura-20260922/assets/mariana-textil-logo-monochrome-_7AVoW2A.png", O_RDONLY) = 4
11851 openat(AT_FDCWD, "artifacts/mariana-textil/dist-e3-apertura-20260922/favicon.png", O_RDONLY) = 4
11851 openat(AT_FDCWD, "artifacts/mariana-textil/dist-e3-apertura-20260922/index.html", O_RDONLY) = 4
11851 openat(AT_FDCWD, "artifacts/mariana-textil/dist-e3-apertura-20260922/robots.txt", O_RDONLY) = 4
11851 openat(AT_FDCWD, "artifacts/mariana-textil/dist-e3-apertura-20260922/sounds/alerta.ogg", O_RDONLY) = 4
11851 openat(AT_FDCWD, "artifacts/mariana-textil/dist-e3-apertura-20260922/sounds/aviso.ogg", O_RDONLY) = 4
11851 openat(AT_FDCWD, "artifacts/mariana-textil/dist-e3-apertura-20260922/sounds/solicitud.ogg", O_RDONLY) = 4
11851 openat(AT_FDCWD, "reports/e3-apertura-preparada-20260922/api-start-audit-record.mjs", O_RDONLY) = 4
11851 openat(AT_FDCWD, "reports/e3-apertura-preparada-20260922/release-catalog.sql", O_RDONLY) = 4
11851 openat(AT_FDCWD, "reports/e3-apertura-preparada-20260922/release-expected.json", O_RDONLY) = 4
11851 openat(AT_FDCWD, "reports/e3-apertura-preparada-20260922/release-preflight.mjs", O_RDONLY) = 4
11851 +++ exited with 0 +++
11847 --- SIGCHLD {si_signo=SIGCHLD, si_code=CLD_EXITED, si_pid=11851, si_uid=1000, si_status=0, si_utime=12 /* 0.12 s */, si_stime=3 /* 0.03 s */} ---
11852 openat(AT_FDCWD, "/nix/store/ddranxbikfg4jkf3n1m0a0h9qqxj1vf0-ncurses-6.5/lib/glibc-hwcaps/x86-64-v4/libreadline.so.8", O_RDONLY|O_CLOEXEC) = -1 ENOENT (No such file or directory)
11852 openat(AT_FDCWD, "/nix/store/ddranxbikfg4jkf3n1m0a0h9qqxj1vf0-ncurses-6.5/lib/glibc-hwcaps/x86-64-v3/libreadline.so.8", O_RDONLY|O_CLOEXEC) = -1 ENOENT (No such file or directory)
11852 openat(AT_FDCWD, "/nix/store/ddranxbikfg4jkf3n1m0a0h9qqxj1vf0-ncurses-6.5/lib/glibc-hwcaps/x86-64-v2/libreadline.so.8", O_RDONLY|O_CLOEXEC) = -1 ENOENT (No such file or directory)
11852 openat(AT_FDCWD, "/nix/store/ddranxbikfg4jkf3n1m0a0h9qqxj1vf0-ncurses-6.5/lib/libreadline.so.8", O_RDONLY|O_CLOEXEC) = -1 ENOENT (No such file or directory)
11852 openat(AT_FDCWD, "/nix/store/vksayvpb9qm9h32k0qqg67nclrq8sf79-readline-8.3p1/lib/glibc-hwcaps/x86-64-v4/libreadline.so.8", O_RDONLY|O_CLOEXEC) = -1 ENOENT (No such file or directory)
11852 openat(AT_FDCWD, "/nix/store/vksayvpb9qm9h32k0qqg67nclrq8sf79-readline-8.3p1/lib/glibc-hwcaps/x86-64-v3/libreadline.so.8", O_RDONLY|O_CLOEXEC) = -1 ENOENT (No such file or directory)
11852 openat(AT_FDCWD, "/nix/store/vksayvpb9qm9h32k0qqg67nclrq8sf79-readline-8.3p1/lib/glibc-hwcaps/x86-64-v2/libreadline.so.8", O_RDONLY|O_CLOEXEC) = -1 ENOENT (No such file or directory)
11852 openat(AT_FDCWD, "/nix/store/vksayvpb9qm9h32k0qqg67nclrq8sf79-readline-8.3p1/lib/libreadline.so.8", O_RDONLY|O_CLOEXEC) = 3
11852 openat(AT_FDCWD, "/nix/store/ddranxbikfg4jkf3n1m0a0h9qqxj1vf0-ncurses-6.5/lib/libhistory.so.8", O_RDONLY|O_CLOEXEC) = -1 ENOENT (No such file or directory)
11852 openat(AT_FDCWD, "/nix/store/vksayvpb9qm9h32k0qqg67nclrq8sf79-readline-8.3p1/lib/libhistory.so.8", O_RDONLY|O_CLOEXEC) = 3
11852 openat(AT_FDCWD, "/nix/store/ddranxbikfg4jkf3n1m0a0h9qqxj1vf0-ncurses-6.5/lib/libncursesw.so.6", O_RDONLY|O_CLOEXEC) = 3
11852 openat(AT_FDCWD, "/nix/store/ddranxbikfg4jkf3n1m0a0h9qqxj1vf0-ncurses-6.5/lib/libdl.so.2", O_RDONLY|O_CLOEXEC) = -1 ENOENT (No such file or directory)
11852 openat(AT_FDCWD, "/nix/store/vksayvpb9qm9h32k0qqg67nclrq8sf79-readline-8.3p1/lib/libdl.so.2", O_RDONLY|O_CLOEXEC) = -1 ENOENT (No such file or directory)
11852 openat(AT_FDCWD, "/nix/store/j193mfi0f921y0kfs8vjc1znnr45ispv-glibc-2.40-66/lib/glibc-hwcaps/x86-64-v4/libdl.so.2", O_RDONLY|O_CLOEXEC) = -1 ENOENT (No such file or directory)
11852 openat(AT_FDCWD, "/nix/store/j193mfi0f921y0kfs8vjc1znnr45ispv-glibc-2.40-66/lib/glibc-hwcaps/x86-64-v3/libdl.so.2", O_RDONLY|O_CLOEXEC) = -1 ENOENT (No such file or directory)
11852 openat(AT_FDCWD, "/nix/store/j193mfi0f921y0kfs8vjc1znnr45ispv-glibc-2.40-66/lib/glibc-hwcaps/x86-64-v2/libdl.so.2", O_RDONLY|O_CLOEXEC) = -1 ENOENT (No such file or directory)
11852 openat(AT_FDCWD, "/nix/store/j193mfi0f921y0kfs8vjc1znnr45ispv-glibc-2.40-66/lib/libdl.so.2", O_RDONLY|O_CLOEXEC) = 3
11852 openat(AT_FDCWD, "/nix/store/ddranxbikfg4jkf3n1m0a0h9qqxj1vf0-ncurses-6.5/lib/libc.so.6", O_RDONLY|O_CLOEXEC) = -1 ENOENT (No such file or directory)
11852 openat(AT_FDCWD, "/nix/store/vksayvpb9qm9h32k0qqg67nclrq8sf79-readline-8.3p1/lib/libc.so.6", O_RDONLY|O_CLOEXEC) = -1 ENOENT (No such file or directory)
11852 openat(AT_FDCWD, "/nix/store/j193mfi0f921y0kfs8vjc1znnr45ispv-glibc-2.40-66/lib/libc.so.6", O_RDONLY|O_CLOEXEC) = 3
11852 openat(AT_FDCWD, "/dev/tty", O_RDWR|O_NONBLOCK) = -1 ENXIO (No such device or address)
11852 openat(AT_FDCWD, "/run/current-system/sw/lib/locale/locale-archive", O_RDONLY|O_CLOEXEC) = -1 ENOENT (No such file or directory)
11852 openat(AT_FDCWD, "/usr/lib/locale/locale-archive", O_RDONLY|O_CLOEXEC) = 3
11852 openat(AT_FDCWD, "/nix/store/j193mfi0f921y0kfs8vjc1znnr45ispv-glibc-2.40-66/share/locale/locale.alias", O_RDONLY|O_CLOEXEC) = 3
11852 openat(AT_FDCWD, "/nix/store/j193mfi0f921y0kfs8vjc1znnr45ispv-glibc-2.40-66/lib/locale/C.UTF-8/LC_IDENTIFICATION", O_RDONLY|O_CLOEXEC) = -1 ENOENT (No such file or directory)
11852 openat(AT_FDCWD, "/nix/store/j193mfi0f921y0kfs8vjc1znnr45ispv-glibc-2.40-66/lib/locale/C.utf8/LC_IDENTIFICATION", O_RDONLY|O_CLOEXEC) = 3
11852 openat(AT_FDCWD, "/nix/store/j193mfi0f921y0kfs8vjc1znnr45ispv-glibc-2.40-66/lib/gconv/gconv-modules.cache", O_RDONLY|O_CLOEXEC) = -1 ENOENT (No such file or directory)
11852 openat(AT_FDCWD, "/nix/store/j193mfi0f921y0kfs8vjc1znnr45ispv-glibc-2.40-66/lib/gconv/gconv-modules", O_RDONLY|O_CLOEXEC) = 3
11852 openat(AT_FDCWD, "/nix/store/j193mfi0f921y0kfs8vjc1znnr45ispv-glibc-2.40-66/lib/gconv/gconv-modules.d", O_RDONLY|O_NONBLOCK|O_CLOEXEC|O_DIRECTORY) = 3
11852 openat(AT_FDCWD, "/nix/store/j193mfi0f921y0kfs8vjc1znnr45ispv-glibc-2.40-66/lib/gconv/gconv-modules.d/gconv-modules-extra.conf", O_RDONLY|O_CLOEXEC) = 4
11852 openat(AT_FDCWD, "/nix/store/j193mfi0f921y0kfs8vjc1znnr45ispv-glibc-2.40-66/lib/locale/C.UTF-8/LC_MEASUREMENT", O_RDONLY|O_CLOEXEC) = -1 ENOENT (No such file or directory)
11852 openat(AT_FDCWD, "/nix/store/j193mfi0f921y0kfs8vjc1znnr45ispv-glibc-2.40-66/lib/locale/C.utf8/LC_MEASUREMENT", O_RDONLY|O_CLOEXEC) = 3
11852 openat(AT_FDCWD, "/nix/store/j193mfi0f921y0kfs8vjc1znnr45ispv-glibc-2.40-66/lib/locale/C.UTF-8/LC_TELEPHONE", O_RDONLY|O_CLOEXEC) = -1 ENOENT (No such file or directory)
11852 openat(AT_FDCWD, "/nix/store/j193mfi0f921y0kfs8vjc1znnr45ispv-glibc-2.40-66/lib/locale/C.utf8/LC_TELEPHONE", O_RDONLY|O_CLOEXEC) = 3
11852 openat(AT_FDCWD, "/nix/store/j193mfi0f921y0kfs8vjc1znnr45ispv-glibc-2.40-66/lib/locale/C.UTF-8/LC_ADDRESS", O_RDONLY|O_CLOEXEC) = -1 ENOENT (No such file or directory)
11852 openat(AT_FDCWD, "/nix/store/j193mfi0f921y0kfs8vjc1znnr45ispv-glibc-2.40-66/lib/locale/C.utf8/LC_ADDRESS", O_RDONLY|O_CLOEXEC) = 3
11852 openat(AT_FDCWD, "/nix/store/j193mfi0f921y0kfs8vjc1znnr45ispv-glibc-2.40-66/lib/locale/C.UTF-8/LC_NAME", O_RDONLY|O_CLOEXEC) = -1 ENOENT (No such file or directory)
11852 openat(AT_FDCWD, "/nix/store/j193mfi0f921y0kfs8vjc1znnr45ispv-glibc-2.40-66/lib/locale/C.utf8/LC_NAME", O_RDONLY|O_CLOEXEC) = 3
11852 openat(AT_FDCWD, "/nix/store/j193mfi0f921y0kfs8vjc1znnr45ispv-glibc-2.40-66/lib/locale/C.UTF-8/LC_PAPER", O_RDONLY|O_CLOEXEC) = -1 ENOENT (No such file or directory)
11852 openat(AT_FDCWD, "/nix/store/j193mfi0f921y0kfs8vjc1znnr45ispv-glibc-2.40-66/lib/locale/C.utf8/LC_PAPER", O_RDONLY|O_CLOEXEC) = 3
11852 openat(AT_FDCWD, "/nix/store/j193mfi0f921y0kfs8vjc1znnr45ispv-glibc-2.40-66/lib/locale/C.UTF-8/LC_MESSAGES", O_RDONLY|O_CLOEXEC) = -1 ENOENT (No such file or directory)
11852 openat(AT_FDCWD, "/nix/store/j193mfi0f921y0kfs8vjc1znnr45ispv-glibc-2.40-66/lib/locale/C.utf8/LC_MESSAGES", O_RDONLY|O_CLOEXEC) = 3
11852 openat(AT_FDCWD, "/nix/store/j193mfi0f921y0kfs8vjc1znnr45ispv-glibc-2.40-66/lib/locale/C.utf8/LC_MESSAGES/SYS_LC_MESSAGES", O_RDONLY|O_CLOEXEC) = 3
11852 openat(AT_FDCWD, "/nix/store/j193mfi0f921y0kfs8vjc1znnr45ispv-glibc-2.40-66/lib/locale/C.UTF-8/LC_MONETARY", O_RDONLY|O_CLOEXEC) = -1 ENOENT (No such file or directory)
11852 openat(AT_FDCWD, "/nix/store/j193mfi0f921y0kfs8vjc1znnr45ispv-glibc-2.40-66/lib/locale/C.utf8/LC_MONETARY", O_RDONLY|O_CLOEXEC) = 3
11852 openat(AT_FDCWD, "/nix/store/j193mfi0f921y0kfs8vjc1znnr45ispv-glibc-2.40-66/lib/locale/C.UTF-8/LC_COLLATE", O_RDONLY|O_CLOEXEC) = -1 ENOENT (No such file or directory)
11852 openat(AT_FDCWD, "/nix/store/j193mfi0f921y0kfs8vjc1znnr45ispv-glibc-2.40-66/lib/locale/C.utf8/LC_COLLATE", O_RDONLY|O_CLOEXEC) = 3
11852 openat(AT_FDCWD, "/nix/store/j193mfi0f921y0kfs8vjc1znnr45ispv-glibc-2.40-66/lib/locale/C.UTF-8/LC_TIME", O_RDONLY|O_CLOEXEC) = -1 ENOENT (No such file or directory)
11852 openat(AT_FDCWD, "/nix/store/j193mfi0f921y0kfs8vjc1znnr45ispv-glibc-2.40-66/lib/locale/C.utf8/LC_TIME", O_RDONLY|O_CLOEXEC) = 3
11852 openat(AT_FDCWD, "/nix/store/j193mfi0f921y0kfs8vjc1znnr45ispv-glibc-2.40-66/lib/locale/C.UTF-8/LC_NUMERIC", O_RDONLY|O_CLOEXEC) = -1 ENOENT (No such file or directory)
11852 openat(AT_FDCWD, "/nix/store/j193mfi0f921y0kfs8vjc1znnr45ispv-glibc-2.40-66/lib/locale/C.utf8/LC_NUMERIC", O_RDONLY|O_CLOEXEC) = 3
11852 openat(AT_FDCWD, "/nix/store/j193mfi0f921y0kfs8vjc1znnr45ispv-glibc-2.40-66/lib/locale/C.UTF-8/LC_CTYPE", O_RDONLY|O_CLOEXEC) = -1 ENOENT (No such file or directory)
11852 openat(AT_FDCWD, "/nix/store/j193mfi0f921y0kfs8vjc1znnr45ispv-glibc-2.40-66/lib/locale/C.utf8/LC_CTYPE", O_RDONLY|O_CLOEXEC) = 3
11852 openat(AT_FDCWD, "/etc/nsswitch.conf", O_RDONLY|O_CLOEXEC) = 3
11852 openat(AT_FDCWD, "/etc/passwd", O_RDONLY|O_CLOEXEC) = 3
11852 openat(AT_FDCWD, "/nix/store/s7awkfc4pym4zj139fsxrjs5xwf5hhnd-nodejs-24.13.0-wrapped/bin/node", O_RDONLY) = 3
11852 openat(AT_FDCWD, "/nix/store/ri9paa3mri4kqakljak8ldvbcp7lpmif-zlib-1.3.1/lib/glibc-hwcaps/x86-64-v4/libz.so.1", O_RDONLY|O_CLOEXEC) = -1 ENOENT (No such file or directory)
11852 openat(AT_FDCWD, "/nix/store/ri9paa3mri4kqakljak8ldvbcp7lpmif-zlib-1.3.1/lib/glibc-hwcaps/x86-64-v3/libz.so.1", O_RDONLY|O_CLOEXEC) = -1 ENOENT (No such file or directory)
11852 openat(AT_FDCWD, "/nix/store/ri9paa3mri4kqakljak8ldvbcp7lpmif-zlib-1.3.1/lib/glibc-hwcaps/x86-64-v2/libz.so.1", O_RDONLY|O_CLOEXEC) = -1 ENOENT (No such file or directory)
11852 openat(AT_FDCWD, "/nix/store/ri9paa3mri4kqakljak8ldvbcp7lpmif-zlib-1.3.1/lib/libz.so.1", O_RDONLY|O_CLOEXEC) = 3
11852 openat(AT_FDCWD, "/nix/store/ri9paa3mri4kqakljak8ldvbcp7lpmif-zlib-1.3.1/lib/libllhttp.so.9.3", O_RDONLY|O_CLOEXEC) = -1 ENOENT (No such file or directory)
11852 openat(AT_FDCWD, "/nix/store/8kwysbrm9zrfcsfbix7hkjj72r5kgiwv-llhttp-9.3.0/lib/glibc-hwcaps/x86-64-v4/libllhttp.so.9.3", O_RDONLY|O_CLOEXEC) = -1 ENOENT (No such file or directory)
11852 openat(AT_FDCWD, "/nix/store/8kwysbrm9zrfcsfbix7hkjj72r5kgiwv-llhttp-9.3.0/lib/glibc-hwcaps/x86-64-v3/libllhttp.so.9.3", O_RDONLY|O_CLOEXEC) = -1 ENOENT (No such file or directory)
11852 openat(AT_FDCWD, "/nix/store/8kwysbrm9zrfcsfbix7hkjj72r5kgiwv-llhttp-9.3.0/lib/glibc-hwcaps/x86-64-v2/libllhttp.so.9.3", O_RDONLY|O_CLOEXEC) = -1 ENOENT (No such file or directory)
11852 openat(AT_FDCWD, "/nix/store/8kwysbrm9zrfcsfbix7hkjj72r5kgiwv-llhttp-9.3.0/lib/libllhttp.so.9.3", O_RDONLY|O_CLOEXEC) = 3
11852 openat(AT_FDCWD, "/nix/store/ri9paa3mri4kqakljak8ldvbcp7lpmif-zlib-1.3.1/lib/libuv.so.1", O_RDONLY|O_CLOEXEC) = -1 ENOENT (No such file or directory)
11852 openat(AT_FDCWD, "/nix/store/8kwysbrm9zrfcsfbix7hkjj72r5kgiwv-llhttp-9.3.0/lib/libuv.so.1", O_RDONLY|O_CLOEXEC) = -1 ENOENT (No such file or directory)
11852 openat(AT_FDCWD, "/nix/store/y890wk5v7h4dzfs69jycv3fj0fx5y9i5-libuv-1.51.0/lib/glibc-hwcaps/x86-64-v4/libuv.so.1", O_RDONLY|O_CLOEXEC) = -1 ENOENT (No such file or directory)
11852 openat(AT_FDCWD, "/nix/store/y890wk5v7h4dzfs69jycv3fj0fx5y9i5-libuv-1.51.0/lib/glibc-hwcaps/x86-64-v3/libuv.so.1", O_RDONLY|O_CLOEXEC) = -1 ENOENT (No such file or directory)
11852 openat(AT_FDCWD, "/nix/store/y890wk5v7h4dzfs69jycv3fj0fx5y9i5-libuv-1.51.0/lib/glibc-hwcaps/x86-64-v2/libuv.so.1", O_RDONLY|O_CLOEXEC) = -1 ENOENT (No such file or directory)
11852 openat(AT_FDCWD, "/nix/store/y890wk5v7h4dzfs69jycv3fj0fx5y9i5-libuv-1.51.0/lib/libuv.so.1", O_RDONLY|O_CLOEXEC) = 3
11852 openat(AT_FDCWD, "/nix/store/ri9paa3mri4kqakljak8ldvbcp7lpmif-zlib-1.3.1/lib/libsimdjson.so.29", O_RDONLY|O_CLOEXEC) = -1 ENOENT (No such file or directory)
11852 openat(AT_FDCWD, "/nix/store/8kwysbrm9zrfcsfbix7hkjj72r5kgiwv-llhttp-9.3.0/lib/libsimdjson.so.29", O_RDONLY|O_CLOEXEC) = -1 ENOENT (No such file or directory)
11852 openat(AT_FDCWD, "/nix/store/y890wk5v7h4dzfs69jycv3fj0fx5y9i5-libuv-1.51.0/lib/libsimdjson.so.29", O_RDONLY|O_CLOEXEC) = -1 ENOENT (No such file or directory)
11852 openat(AT_FDCWD, "/nix/store/3mg43r6bvdvf0zm3rxj1x9v2vwg6kwmn-simdjson-4.2.4/lib/glibc-hwcaps/x86-64-v4/libsimdjson.so.29", O_RDONLY|O_CLOEXEC) = -1 ENOENT (No such file or directory)
11852 openat(AT_FDCWD, "/nix/store/3mg43r6bvdvf0zm3rxj1x9v2vwg6kwmn-simdjson-4.2.4/lib/glibc-hwcaps/x86-64-v3/libsimdjson.so.29", O_RDONLY|O_CLOEXEC) = -1 ENOENT (No such file or directory)
11852 openat(AT_FDCWD, "/nix/store/3mg43r6bvdvf0zm3rxj1x9v2vwg6kwmn-simdjson-4.2.4/lib/glibc-hwcaps/x86-64-v2/libsimdjson.so.29", O_RDONLY|O_CLOEXEC) = -1 ENOENT (No such file or directory)
11852 openat(AT_FDCWD, "/nix/store/3mg43r6bvdvf0zm3rxj1x9v2vwg6kwmn-simdjson-4.2.4/lib/libsimdjson.so.29", O_RDONLY|O_CLOEXEC) = 3
11852 openat(AT_FDCWD, "/nix/store/ri9paa3mri4kqakljak8ldvbcp7lpmif-zlib-1.3.1/lib/libbrotlidec.so.1", O_RDONLY|O_CLOEXEC) = -1 ENOENT (No such file or directory)
11852 openat(AT_FDCWD, "/nix/store/8kwysbrm9zrfcsfbix7hkjj72r5kgiwv-llhttp-9.3.0/lib/libbrotlidec.so.1", O_RDONLY|O_CLOEXEC) = -1 ENOENT (No such file or directory)
11852 openat(AT_FDCWD, "/nix/store/y890wk5v7h4dzfs69jycv3fj0fx5y9i5-libuv-1.51.0/lib/libbrotlidec.so.1", O_RDONLY|O_CLOEXEC) = -1 ENOENT (No such file or directory)
11852 openat(AT_FDCWD, "/nix/store/3mg43r6bvdvf0zm3rxj1x9v2vwg6kwmn-simdjson-4.2.4/lib/libbrotlidec.so.1", O_RDONLY|O_CLOEXEC) = -1 ENOENT (No such file or directory)
11852 openat(AT_FDCWD, "/nix/store/q5hdxy658850yynggmkjblbqfgs1w4nq-brotli-1.2.0-lib/lib/glibc-hwcaps/x86-64-v4/libbrotlidec.so.1", O_RDONLY|O_CLOEXEC) = -1 ENOENT (No such file or directory)
11852 openat(AT_FDCWD, "/nix/store/q5hdxy658850yynggmkjblbqfgs1w4nq-brotli-1.2.0-lib/lib/glibc-hwcaps/x86-64-v3/libbrotlidec.so.1", O_RDONLY|O_CLOEXEC) = -1 ENOENT (No such file or directory)
11852 openat(AT_FDCWD, "/nix/store/q5hdxy658850yynggmkjblbqfgs1w4nq-brotli-1.2.0-lib/lib/glibc-hwcaps/x86-64-v2/libbrotlidec.so.1", O_RDONLY|O_CLOEXEC) = -1 ENOENT (No such file or directory)
11852 openat(AT_FDCWD, "/nix/store/q5hdxy658850yynggmkjblbqfgs1w4nq-brotli-1.2.0-lib/lib/libbrotlidec.so.1", O_RDONLY|O_CLOEXEC) = 3
11852 openat(AT_FDCWD, "/nix/store/ri9paa3mri4kqakljak8ldvbcp7lpmif-zlib-1.3.1/lib/libbrotlienc.so.1", O_RDONLY|O_CLOEXEC) = -1 ENOENT (No such file or directory)
11852 openat(AT_FDCWD, "/nix/store/8kwysbrm9zrfcsfbix7hkjj72r5kgiwv-llhttp-9.3.0/lib/libbrotlienc.so.1", O_RDONLY|O_CLOEXEC) = -1 ENOENT (No such file or directory)
11852 openat(AT_FDCWD, "/nix/store/y890wk5v7h4dzfs69jycv3fj0fx5y9i5-libuv-1.51.0/lib/libbrotlienc.so.1", O_RDONLY|O_CLOEXEC) = -1 ENOENT (No such file or directory)
11852 openat(AT_FDCWD, "/nix/store/3mg43r6bvdvf0zm3rxj1x9v2vwg6kwmn-simdjson-4.2.4/lib/libbrotlienc.so.1", O_RDONLY|O_CLOEXEC) = -1 ENOENT (No such file or directory)
11852 openat(AT_FDCWD, "/nix/store/q5hdxy658850yynggmkjblbqfgs1w4nq-brotli-1.2.0-lib/lib/libbrotlienc.so.1", O_RDONLY|O_CLOEXEC) = 3
11852 openat(AT_FDCWD, "/nix/store/ri9paa3mri4kqakljak8ldvbcp7lpmif-zlib-1.3.1/lib/libcares.so.2", O_RDONLY|O_CLOEXEC) = -1 ENOENT (No such file or directory)
11852 openat(AT_FDCWD, "/nix/store/8kwysbrm9zrfcsfbix7hkjj72r5kgiwv-llhttp-9.3.0/lib/libcares.so.2", O_RDONLY|O_CLOEXEC) = -1 ENOENT (No such file or directory)
11852 openat(AT_FDCWD, "/nix/store/y890wk5v7h4dzfs69jycv3fj0fx5y9i5-libuv-1.51.0/lib/libcares.so.2", O_RDONLY|O_CLOEXEC) = -1 ENOENT (No such file or directory)
11852 openat(AT_FDCWD, "/nix/store/3mg43r6bvdvf0zm3rxj1x9v2vwg6kwmn-simdjson-4.2.4/lib/libcares.so.2", O_RDONLY|O_CLOEXEC) = -1 ENOENT (No such file or directory)
11852 openat(AT_FDCWD, "/nix/store/q5hdxy658850yynggmkjblbqfgs1w4nq-brotli-1.2.0-lib/lib/libcares.so.2", O_RDONLY|O_CLOEXEC) = -1 ENOENT (No such file or directory)
11852 openat(AT_FDCWD, "/nix/store/dkvxkb5cb4zl792gz2msbgxhhk2mh43i-c-ares-1.34.6/lib/glibc-hwcaps/x86-64-v4/libcares.so.2", O_RDONLY|O_CLOEXEC) = -1 ENOENT (No such file or directory)
11852 openat(AT_FDCWD, "/nix/store/dkvxkb5cb4zl792gz2msbgxhhk2mh43i-c-ares-1.34.6/lib/glibc-hwcaps/x86-64-v3/libcares.so.2", O_RDONLY|O_CLOEXEC) = -1 ENOENT (No such file or directory)
11852 openat(AT_FDCWD, "/nix/store/dkvxkb5cb4zl792gz2msbgxhhk2mh43i-c-ares-1.34.6/lib/glibc-hwcaps/x86-64-v2/libcares.so.2", O_RDONLY|O_CLOEXEC) = -1 ENOENT (No such file or directory)
11852 openat(AT_FDCWD, "/nix/store/dkvxkb5cb4zl792gz2msbgxhhk2mh43i-c-ares-1.34.6/lib/libcares.so.2", O_RDONLY|O_CLOEXEC) = 3
11852 openat(AT_FDCWD, "/nix/store/ri9paa3mri4kqakljak8ldvbcp7lpmif-zlib-1.3.1/lib/libnghttp2.so.14", O_RDONLY|O_CLOEXEC) = -1 ENOENT (No such file or directory)
11852 openat(AT_FDCWD, "/nix/store/8kwysbrm9zrfcsfbix7hkjj72r5kgiwv-llhttp-9.3.0/lib/libnghttp2.so.14", O_RDONLY|O_CLOEXEC) = -1 ENOENT (No such file or directory)
11852 openat(AT_FDCWD, "/nix/store/y890wk5v7h4dzfs69jycv3fj0fx5y9i5-libuv-1.51.0/lib/libnghttp2.so.14", O_RDONLY|O_CLOEXEC) = -1 ENOENT (No such file or directory)
11852 openat(AT_FDCWD, "/nix/store/3mg43r6bvdvf0zm3rxj1x9v2vwg6kwmn-simdjson-4.2.4/lib/libnghttp2.so.14", O_RDONLY|O_CLOEXEC) = -1 ENOENT (No such file or directory)
11852 openat(AT_FDCWD, "/nix/store/q5hdxy658850yynggmkjblbqfgs1w4nq-brotli-1.2.0-lib/lib/libnghttp2.so.14", O_RDONLY|O_CLOEXEC) = -1 ENOENT (No such file or directory)
11852 openat(AT_FDCWD, "/nix/store/dkvxkb5cb4zl792gz2msbgxhhk2mh43i-c-ares-1.34.6/lib/libnghttp2.so.14", O_RDONLY|O_CLOEXEC) = -1 ENOENT (No such file or directory)
11852 openat(AT_FDCWD, "/nix/store/j45rf4zx05ckp2d3fj6nb7js7zhs10dx-nghttp2-1.67.1-lib/lib/glibc-hwcaps/x86-64-v4/libnghttp2.so.14", O_RDONLY|O_CLOEXEC) = -1 ENOENT (No such file or directory)
11852 openat(AT_FDCWD, "/nix/store/j45rf4zx05ckp2d3fj6nb7js7zhs10dx-nghttp2-1.67.1-lib/lib/glibc-hwcaps/x86-64-v3/libnghttp2.so.14", O_RDONLY|O_CLOEXEC) = -1 ENOENT (No such file or directory)
11852 openat(AT_FDCWD, "/nix/store/j45rf4zx05ckp2d3fj6nb7js7zhs10dx-nghttp2-1.67.1-lib/lib/glibc-hwcaps/x86-64-v2/libnghttp2.so.14", O_RDONLY|O_CLOEXEC) = -1 ENOENT (No such file or directory)
11852 openat(AT_FDCWD, "/nix/store/j45rf4zx05ckp2d3fj6nb7js7zhs10dx-nghttp2-1.67.1-lib/lib/libnghttp2.so.14", O_RDONLY|O_CLOEXEC) = 3
11852 openat(AT_FDCWD, "/nix/store/ri9paa3mri4kqakljak8ldvbcp7lpmif-zlib-1.3.1/lib/libnghttp3.so.9", O_RDONLY|O_CLOEXEC) = -1 ENOENT (No such file or directory)
11852 openat(AT_FDCWD, "/nix/store/8kwysbrm9zrfcsfbix7hkjj72r5kgiwv-llhttp-9.3.0/lib/libnghttp3.so.9", O_RDONLY|O_CLOEXEC) = -1 ENOENT (No such file or directory)
11852 openat(AT_FDCWD, "/nix/store/y890wk5v7h4dzfs69jycv3fj0fx5y9i5-libuv-1.51.0/lib/libnghttp3.so.9", O_RDONLY|O_CLOEXEC) = -1 ENOENT (No such file or directory)
11852 openat(AT_FDCWD, "/nix/store/3mg43r6bvdvf0zm3rxj1x9v2vwg6kwmn-simdjson-4.2.4/lib/libnghttp3.so.9", O_RDONLY|O_CLOEXEC) = -1 ENOENT (No such file or directory)
11852 openat(AT_FDCWD, "/nix/store/q5hdxy658850yynggmkjblbqfgs1w4nq-brotli-1.2.0-lib/lib/libnghttp3.so.9", O_RDONLY|O_CLOEXEC) = -1 ENOENT (No such file or directory)
11852 openat(AT_FDCWD, "/nix/store/dkvxkb5cb4zl792gz2msbgxhhk2mh43i-c-ares-1.34.6/lib/libnghttp3.so.9", O_RDONLY|O_CLOEXEC) = -1 ENOENT (No such file or directory)
11852 openat(AT_FDCWD, "/nix/store/j45rf4zx05ckp2d3fj6nb7js7zhs10dx-nghttp2-1.67.1-lib/lib/libnghttp3.so.9", O_RDONLY|O_CLOEXEC) = -1 ENOENT (No such file or directory)
11852 openat(AT_FDCWD, "/nix/store/x1avvg7xfcb6699afppcbd5qk24smg4n-nghttp3-1.13.1/lib/glibc-hwcaps/x86-64-v4/libnghttp3.so.9", O_RDONLY|O_CLOEXEC) = -1 ENOENT (No such file or directory)
11852 openat(AT_FDCWD, "/nix/store/x1avvg7xfcb6699afppcbd5qk24smg4n-nghttp3-1.13.1/lib/glibc-hwcaps/x86-64-v3/libnghttp3.so.9", O_RDONLY|O_CLOEXEC) = -1 ENOENT (No such file or directory)
11852 openat(AT_FDCWD, "/nix/store/x1avvg7xfcb6699afppcbd5qk24smg4n-nghttp3-1.13.1/lib/glibc-hwcaps/x86-64-v2/libnghttp3.so.9", O_RDONLY|O_CLOEXEC) = -1 ENOENT (No such file or directory)
11852 openat(AT_FDCWD, "/nix/store/x1avvg7xfcb6699afppcbd5qk24smg4n-nghttp3-1.13.1/lib/libnghttp3.so.9", O_RDONLY|O_CLOEXEC) = 3
11852 openat(AT_FDCWD, "/nix/store/ri9paa3mri4kqakljak8ldvbcp7lpmif-zlib-1.3.1/lib/libngtcp2.so.16", O_RDONLY|O_CLOEXEC) = -1 ENOENT (No such file or directory)
11852 openat(AT_FDCWD, "/nix/store/8kwysbrm9zrfcsfbix7hkjj72r5kgiwv-llhttp-9.3.0/lib/libngtcp2.so.16", O_RDONLY|O_CLOEXEC) = -1 ENOENT (No such file or directory)
11852 openat(AT_FDCWD, "/nix/store/y890wk5v7h4dzfs69jycv3fj0fx5y9i5-libuv-1.51.0/lib/libngtcp2.so.16", O_RDONLY|O_CLOEXEC) = -1 ENOENT (No such file or directory)
11852 openat(AT_FDCWD, "/nix/store/3mg43r6bvdvf0zm3rxj1x9v2vwg6kwmn-simdjson-4.2.4/lib/libngtcp2.so.16", O_RDONLY|O_CLOEXEC) = -1 ENOENT (No such file or directory)
11852 openat(AT_FDCWD, "/nix/store/q5hdxy658850yynggmkjblbqfgs1w4nq-brotli-1.2.0-lib/lib/libngtcp2.so.16", O_RDONLY|O_CLOEXEC) = -1 ENOENT (No such file or directory)
11852 openat(AT_FDCWD, "/nix/store/dkvxkb5cb4zl792gz2msbgxhhk2mh43i-c-ares-1.34.6/lib/libngtcp2.so.16", O_RDONLY|O_CLOEXEC) = -1 ENOENT (No such file or directory)
11852 openat(AT_FDCWD, "/nix/store/j45rf4zx05ckp2d3fj6nb7js7zhs10dx-nghttp2-1.67.1-lib/lib/libngtcp2.so.16", O_RDONLY|O_CLOEXEC) = -1 ENOENT (No such file or directory)
11852 openat(AT_FDCWD, "/nix/store/x1avvg7xfcb6699afppcbd5qk24smg4n-nghttp3-1.13.1/lib/libngtcp2.so.16", O_RDONLY|O_CLOEXEC) = -1 ENOENT (No such file or directory)
11852 openat(AT_FDCWD, "/nix/store/zi565pibhgz582kxliylqpvmq1gq9z71-ngtcp2-1.18.0/lib/glibc-hwcaps/x86-64-v4/libngtcp2.so.16", O_RDONLY|O_CLOEXEC) = -1 ENOENT (No such file or directory)
11852 openat(AT_FDCWD, "/nix/store/zi565pibhgz582kxliylqpvmq1gq9z71-ngtcp2-1.18.0/lib/glibc-hwcaps/x86-64-v3/libngtcp2.so.16", O_RDONLY|O_CLOEXEC) = -1 ENOENT (No such file or directory)
11852 openat(AT_FDCWD, "/nix/store/zi565pibhgz582kxliylqpvmq1gq9z71-ngtcp2-1.18.0/lib/glibc-hwcaps/x86-64-v2/libngtcp2.so.16", O_RDONLY|O_CLOEXEC) = -1 ENOENT (No such file or directory)
11852 openat(AT_FDCWD, "/nix/store/zi565pibhgz582kxliylqpvmq1gq9z71-ngtcp2-1.18.0/lib/libngtcp2.so.16", O_RDONLY|O_CLOEXEC) = 3
11852 openat(AT_FDCWD, "/nix/store/ri9paa3mri4kqakljak8ldvbcp7lpmif-zlib-1.3.1/lib/libsqlite3.so", O_RDONLY|O_CLOEXEC) = -1 ENOENT (No such file or directory)
11852 openat(AT_FDCWD, "/nix/store/8kwysbrm9zrfcsfbix7hkjj72r5kgiwv-llhttp-9.3.0/lib/libsqlite3.so", O_RDONLY|O_CLOEXEC) = -1 ENOENT (No such file or directory)
11852 openat(AT_FDCWD, "/nix/store/y890wk5v7h4dzfs69jycv3fj0fx5y9i5-libuv-1.51.0/lib/libsqlite3.so", O_RDONLY|O_CLOEXEC) = -1 ENOENT (No such file or directory)
11852 openat(AT_FDCWD, "/nix/store/3mg43r6bvdvf0zm3rxj1x9v2vwg6kwmn-simdjson-4.2.4/lib/libsqlite3.so", O_RDONLY|O_CLOEXEC) = -1 ENOENT (No such file or directory)
11852 openat(AT_FDCWD, "/nix/store/q5hdxy658850yynggmkjblbqfgs1w4nq-brotli-1.2.0-lib/lib/libsqlite3.so", O_RDONLY|O_CLOEXEC) = -1 ENOENT (No such file or directory)
11852 openat(AT_FDCWD, "/nix/store/dkvxkb5cb4zl792gz2msbgxhhk2mh43i-c-ares-1.34.6/lib/libsqlite3.so", O_RDONLY|O_CLOEXEC) = -1 ENOENT (No such file or directory)
11852 openat(AT_FDCWD, "/nix/store/j45rf4zx05ckp2d3fj6nb7js7zhs10dx-nghttp2-1.67.1-lib/lib/libsqlite3.so", O_RDONLY|O_CLOEXEC) = -1 ENOENT (No such file or directory)
11852 openat(AT_FDCWD, "/nix/store/x1avvg7xfcb6699afppcbd5qk24smg4n-nghttp3-1.13.1/lib/libsqlite3.so", O_RDONLY|O_CLOEXEC) = -1 ENOENT (No such file or directory)
11852 openat(AT_FDCWD, "/nix/store/zi565pibhgz582kxliylqpvmq1gq9z71-ngtcp2-1.18.0/lib/libsqlite3.so", O_RDONLY|O_CLOEXEC) = -1 ENOENT (No such file or directory)
11852 openat(AT_FDCWD, "/nix/store/bn7m7qn8k7b27jy5lkq3bg4vcxnyjpq0-sqlite-3.51.2/lib/glibc-hwcaps/x86-64-v4/libsqlite3.so", O_RDONLY|O_CLOEXEC) = -1 ENOENT (No such file or directory)
11852 openat(AT_FDCWD, "/nix/store/bn7m7qn8k7b27jy5lkq3bg4vcxnyjpq0-sqlite-3.51.2/lib/glibc-hwcaps/x86-64-v3/libsqlite3.so", O_RDONLY|O_CLOEXEC) = -1 ENOENT (No such file or directory)
11852 openat(AT_FDCWD, "/nix/store/bn7m7qn8k7b27jy5lkq3bg4vcxnyjpq0-sqlite-3.51.2/lib/glibc-hwcaps/x86-64-v2/libsqlite3.so", O_RDONLY|O_CLOEXEC) = -1 ENOENT (No such file or directory)
11852 openat(AT_FDCWD, "/nix/store/bn7m7qn8k7b27jy5lkq3bg4vcxnyjpq0-sqlite-3.51.2/lib/libsqlite3.so", O_RDONLY|O_CLOEXEC) = 3
11852 openat(AT_FDCWD, "/nix/store/ri9paa3mri4kqakljak8ldvbcp7lpmif-zlib-1.3.1/lib/libuvwasi.so", O_RDONLY|O_CLOEXEC) = -1 ENOENT (No such file or directory)
11852 openat(AT_FDCWD, "/nix/store/8kwysbrm9zrfcsfbix7hkjj72r5kgiwv-llhttp-9.3.0/lib/libuvwasi.so", O_RDONLY|O_CLOEXEC) = -1 ENOENT (No such file or directory)
11852 openat(AT_FDCWD, "/nix/store/y890wk5v7h4dzfs69jycv3fj0fx5y9i5-libuv-1.51.0/lib/libuvwasi.so", O_RDONLY|O_CLOEXEC) = -1 ENOENT (No such file or directory)
11852 openat(AT_FDCWD, "/nix/store/3mg43r6bvdvf0zm3rxj1x9v2vwg6kwmn-simdjson-4.2.4/lib/libuvwasi.so", O_RDONLY|O_CLOEXEC) = -1 ENOENT (No such file or directory)
11852 openat(AT_FDCWD, "/nix/store/q5hdxy658850yynggmkjblbqfgs1w4nq-brotli-1.2.0-lib/lib/libuvwasi.so", O_RDONLY|O_CLOEXEC) = -1 ENOENT (No such file or directory)
11852 openat(AT_FDCWD, "/nix/store/dkvxkb5cb4zl792gz2msbgxhhk2mh43i-c-ares-1.34.6/lib/libuvwasi.so", O_RDONLY|O_CLOEXEC) = -1 ENOENT (No such file or directory)
11852 openat(AT_FDCWD, "/nix/store/j45rf4zx05ckp2d3fj6nb7js7zhs10dx-nghttp2-1.67.1-lib/lib/libuvwasi.so", O_RDONLY|O_CLOEXEC) = -1 ENOENT (No such file or directory)
11852 openat(AT_FDCWD, "/nix/store/x1avvg7xfcb6699afppcbd5qk24smg4n-nghttp3-1.13.1/lib/libuvwasi.so", O_RDONLY|O_CLOEXEC) = -1 ENOENT (No such file or directory)
11852 openat(AT_FDCWD, "/nix/store/zi565pibhgz582kxliylqpvmq1gq9z71-ngtcp2-1.18.0/lib/libuvwasi.so", O_RDONLY|O_CLOEXEC) = -1 ENOENT (No such file or directory)
11852 openat(AT_FDCWD, "/nix/store/bn7m7qn8k7b27jy5lkq3bg4vcxnyjpq0-sqlite-3.51.2/lib/libuvwasi.so", O_RDONLY|O_CLOEXEC) = -1 ENOENT (No such file or directory)
11852 openat(AT_FDCWD, "/nix/store/x0bq7h936cp5dz83wq0wdhnimzcy85fd-uvwasi-0.0.23/lib/glibc-hwcaps/x86-64-v4/libuvwasi.so", O_RDONLY|O_CLOEXEC) = -1 ENOENT (No such file or directory)
11852 openat(AT_FDCWD, "/nix/store/x0bq7h936cp5dz83wq0wdhnimzcy85fd-uvwasi-0.0.23/lib/glibc-hwcaps/x86-64-v3/libuvwasi.so", O_RDONLY|O_CLOEXEC) = -1 ENOENT (No such file or directory)
11852 openat(AT_FDCWD, "/nix/store/x0bq7h936cp5dz83wq0wdhnimzcy85fd-uvwasi-0.0.23/lib/glibc-hwcaps/x86-64-v2/libuvwasi.so", O_RDONLY|O_CLOEXEC) = -1 ENOENT (No such file or directory)
11852 openat(AT_FDCWD, "/nix/store/x0bq7h936cp5dz83wq0wdhnimzcy85fd-uvwasi-0.0.23/lib/libuvwasi.so", O_RDONLY|O_CLOEXEC) = 3
11852 openat(AT_FDCWD, "/nix/store/ri9paa3mri4kqakljak8ldvbcp7lpmif-zlib-1.3.1/lib/libzstd.so.1", O_RDONLY|O_CLOEXEC) = -1 ENOENT (No such file or directory)
11852 openat(AT_FDCWD, "/nix/store/8kwysbrm9zrfcsfbix7hkjj72r5kgiwv-llhttp-9.3.0/lib/libzstd.so.1", O_RDONLY|O_CLOEXEC) = -1 ENOENT (No such file or directory)
11852 openat(AT_FDCWD, "/nix/store/y890wk5v7h4dzfs69jycv3fj0fx5y9i5-libuv-1.51.0/lib/libzstd.so.1", O_RDONLY|O_CLOEXEC) = -1 ENOENT (No such file or directory)
11852 openat(AT_FDCWD, "/nix/store/3mg43r6bvdvf0zm3rxj1x9v2vwg6kwmn-simdjson-4.2.4/lib/libzstd.so.1", O_RDONLY|O_CLOEXEC) = -1 ENOENT (No such file or directory)
11852 openat(AT_FDCWD, "/nix/store/q5hdxy658850yynggmkjblbqfgs1w4nq-brotli-1.2.0-lib/lib/libzstd.so.1", O_RDONLY|O_CLOEXEC) = -1 ENOENT (No such file or directory)
11852 openat(AT_FDCWD, "/nix/store/dkvxkb5cb4zl792gz2msbgxhhk2mh43i-c-ares-1.34.6/lib/libzstd.so.1", O_RDONLY|O_CLOEXEC) = -1 ENOENT (No such file or directory)
11852 openat(AT_FDCWD, "/nix/store/j45rf4zx05ckp2d3fj6nb7js7zhs10dx-nghttp2-1.67.1-lib/lib/libzstd.so.1", O_RDONLY|O_CLOEXEC) = -1 ENOENT (No such file or directory)
11852 openat(AT_FDCWD, "/nix/store/x1avvg7xfcb6699afppcbd5qk24smg4n-nghttp3-1.13.1/lib/libzstd.so.1", O_RDONLY|O_CLOEXEC) = -1 ENOENT (No such file or directory)
11852 openat(AT_FDCWD, "/nix/store/zi565pibhgz582kxliylqpvmq1gq9z71-ngtcp2-1.18.0/lib/libzstd.so.1", O_RDONLY|O_CLOEXEC) = -1 ENOENT (No such file or directory)
11852 openat(AT_FDCWD, "/nix/store/bn7m7qn8k7b27jy5lkq3bg4vcxnyjpq0-sqlite-3.51.2/lib/libzstd.so.1", O_RDONLY|O_CLOEXEC) = -1 ENOENT (No such file or directory)
11852 openat(AT_FDCWD, "/nix/store/x0bq7h936cp5dz83wq0wdhnimzcy85fd-uvwasi-0.0.23/lib/libzstd.so.1", O_RDONLY|O_CLOEXEC) = -1 ENOENT (No such file or directory)
11852 openat(AT_FDCWD, "/nix/store/hqjka260vqvnl1k73dwqqqhcx0yiy6c0-zstd-1.5.7/lib/glibc-hwcaps/x86-64-v4/libzstd.so.1", O_RDONLY|O_CLOEXEC) = -1 ENOENT (No such file or directory)
11852 openat(AT_FDCWD, "/nix/store/hqjka260vqvnl1k73dwqqqhcx0yiy6c0-zstd-1.5.7/lib/glibc-hwcaps/x86-64-v3/libzstd.so.1", O_RDONLY|O_CLOEXEC) = -1 ENOENT (No such file or directory)
11852 openat(AT_FDCWD, "/nix/store/hqjka260vqvnl1k73dwqqqhcx0yiy6c0-zstd-1.5.7/lib/glibc-hwcaps/x86-64-v2/libzstd.so.1", O_RDONLY|O_CLOEXEC) = -1 ENOENT (No such file or directory)
11852 openat(AT_FDCWD, "/nix/store/hqjka260vqvnl1k73dwqqqhcx0yiy6c0-zstd-1.5.7/lib/libzstd.so.1", O_RDONLY|O_CLOEXEC) = 3
11852 openat(AT_FDCWD, "/nix/store/ri9paa3mri4kqakljak8ldvbcp7lpmif-zlib-1.3.1/lib/libcrypto.so.3", O_RDONLY|O_CLOEXEC) = -1 ENOENT (No such file or directory)
11852 openat(AT_FDCWD, "/nix/store/8kwysbrm9zrfcsfbix7hkjj72r5kgiwv-llhttp-9.3.0/lib/libcrypto.so.3", O_RDONLY|O_CLOEXEC) = -1 ENOENT (No such file or directory)
11852 openat(AT_FDCWD, "/nix/store/y890wk5v7h4dzfs69jycv3fj0fx5y9i5-libuv-1.51.0/lib/libcrypto.so.3", O_RDONLY|O_CLOEXEC) = -1 ENOENT (No such file or directory)
11852 openat(AT_FDCWD, "/nix/store/3mg43r6bvdvf0zm3rxj1x9v2vwg6kwmn-simdjson-4.2.4/lib/libcrypto.so.3", O_RDONLY|O_CLOEXEC) = -1 ENOENT (No such file or directory)
11852 openat(AT_FDCWD, "/nix/store/q5hdxy658850yynggmkjblbqfgs1w4nq-brotli-1.2.0-lib/lib/libcrypto.so.3", O_RDONLY|O_CLOEXEC) = -1 ENOENT (No such file or directory)
11852 openat(AT_FDCWD, "/nix/store/dkvxkb5cb4zl792gz2msbgxhhk2mh43i-c-ares-1.34.6/lib/libcrypto.so.3", O_RDONLY|O_CLOEXEC) = -1 ENOENT (No such file or directory)
11852 openat(AT_FDCWD, "/nix/store/j45rf4zx05ckp2d3fj6nb7js7zhs10dx-nghttp2-1.67.1-lib/lib/libcrypto.so.3", O_RDONLY|O_CLOEXEC) = -1 ENOENT (No such file or directory)
11852 openat(AT_FDCWD, "/nix/store/x1avvg7xfcb6699afppcbd5qk24smg4n-nghttp3-1.13.1/lib/libcrypto.so.3", O_RDONLY|O_CLOEXEC) = -1 ENOENT (No such file or directory)
11852 openat(AT_FDCWD, "/nix/store/zi565pibhgz582kxliylqpvmq1gq9z71-ngtcp2-1.18.0/lib/libcrypto.so.3", O_RDONLY|O_CLOEXEC) = -1 ENOENT (No such file or directory)
11852 openat(AT_FDCWD, "/nix/store/bn7m7qn8k7b27jy5lkq3bg4vcxnyjpq0-sqlite-3.51.2/lib/libcrypto.so.3", O_RDONLY|O_CLOEXEC) = -1 ENOENT (No such file or directory)
11852 openat(AT_FDCWD, "/nix/store/x0bq7h936cp5dz83wq0wdhnimzcy85fd-uvwasi-0.0.23/lib/libcrypto.so.3", O_RDONLY|O_CLOEXEC) = -1 ENOENT (No such file or directory)
11852 openat(AT_FDCWD, "/nix/store/hqjka260vqvnl1k73dwqqqhcx0yiy6c0-zstd-1.5.7/lib/libcrypto.so.3", O_RDONLY|O_CLOEXEC) = -1 ENOENT (No such file or directory)
11852 openat(AT_FDCWD, "/nix/store/g7lir5wb7g1a31szgw6n5wa0kbsq04zd-openssl-3.6.0/lib/glibc-hwcaps/x86-64-v4/libcrypto.so.3", O_RDONLY|O_CLOEXEC) = -1 ENOENT (No such file or directory)
11852 openat(AT_FDCWD, "/nix/store/g7lir5wb7g1a31szgw6n5wa0kbsq04zd-openssl-3.6.0/lib/glibc-hwcaps/x86-64-v3/libcrypto.so.3", O_RDONLY|O_CLOEXEC) = -1 ENOENT (No such file or directory)
11852 openat(AT_FDCWD, "/nix/store/g7lir5wb7g1a31szgw6n5wa0kbsq04zd-openssl-3.6.0/lib/glibc-hwcaps/x86-64-v2/libcrypto.so.3", O_RDONLY|O_CLOEXEC) = -1 ENOENT (No such file or directory)
11852 openat(AT_FDCWD, "/nix/store/g7lir5wb7g1a31szgw6n5wa0kbsq04zd-openssl-3.6.0/lib/libcrypto.so.3", O_RDONLY|O_CLOEXEC) = 3
11852 openat(AT_FDCWD, "/nix/store/ri9paa3mri4kqakljak8ldvbcp7lpmif-zlib-1.3.1/lib/libssl.so.3", O_RDONLY|O_CLOEXEC) = -1 ENOENT (No such file or directory)
11852 openat(AT_FDCWD, "/nix/store/8kwysbrm9zrfcsfbix7hkjj72r5kgiwv-llhttp-9.3.0/lib/libssl.so.3", O_RDONLY|O_CLOEXEC) = -1 ENOENT (No such file or directory)
11852 openat(AT_FDCWD, "/nix/store/y890wk5v7h4dzfs69jycv3fj0fx5y9i5-libuv-1.51.0/lib/libssl.so.3", O_RDONLY|O_CLOEXEC) = -1 ENOENT (No such file or directory)
11852 openat(AT_FDCWD, "/nix/store/3mg43r6bvdvf0zm3rxj1x9v2vwg6kwmn-simdjson-4.2.4/lib/libssl.so.3", O_RDONLY|O_CLOEXEC) = -1 ENOENT (No such file or directory)
11852 openat(AT_FDCWD, "/nix/store/q5hdxy658850yynggmkjblbqfgs1w4nq-brotli-1.2.0-lib/lib/libssl.so.3", O_RDONLY|O_CLOEXEC) = -1 ENOENT (No such file or directory)
11852 openat(AT_FDCWD, "/nix/store/dkvxkb5cb4zl792gz2msbgxhhk2mh43i-c-ares-1.34.6/lib/libssl.so.3", O_RDONLY|O_CLOEXEC) = -1 ENOENT (No such file or directory)
11852 openat(AT_FDCWD, "/nix/store/j45rf4zx05ckp2d3fj6nb7js7zhs10dx-nghttp2-1.67.1-lib/lib/libssl.so.3", O_RDONLY|O_CLOEXEC) = -1 ENOENT (No such file or directory)
11852 openat(AT_FDCWD, "/nix/store/x1avvg7xfcb6699afppcbd5qk24smg4n-nghttp3-1.13.1/lib/libssl.so.3", O_RDONLY|O_CLOEXEC) = -1 ENOENT (No such file or directory)
11852 openat(AT_FDCWD, "/nix/store/zi565pibhgz582kxliylqpvmq1gq9z71-ngtcp2-1.18.0/lib/libssl.so.3", O_RDONLY|O_CLOEXEC) = -1 ENOENT (No such file or directory)
11852 openat(AT_FDCWD, "/nix/store/bn7m7qn8k7b27jy5lkq3bg4vcxnyjpq0-sqlite-3.51.2/lib/libssl.so.3", O_RDONLY|O_CLOEXEC) = -1 ENOENT (No such file or directory)
11852 openat(AT_FDCWD, "/nix/store/x0bq7h936cp5dz83wq0wdhnimzcy85fd-uvwasi-0.0.23/lib/libssl.so.3", O_RDONLY|O_CLOEXEC) = -1 ENOENT (No such file or directory)
11852 openat(AT_FDCWD, "/nix/store/hqjka260vqvnl1k73dwqqqhcx0yiy6c0-zstd-1.5.7/lib/libssl.so.3", O_RDONLY|O_CLOEXEC) = -1 ENOENT (No such file or directory)
11852 openat(AT_FDCWD, "/nix/store/g7lir5wb7g1a31szgw6n5wa0kbsq04zd-openssl-3.6.0/lib/libssl.so.3", O_RDONLY|O_CLOEXEC) = 3
11852 openat(AT_FDCWD, "/nix/store/ri9paa3mri4kqakljak8ldvbcp7lpmif-zlib-1.3.1/lib/libicui18n.so.76", O_RDONLY|O_CLOEXEC) = -1 ENOENT (No such file or directory)
11852 openat(AT_FDCWD, "/nix/store/8kwysbrm9zrfcsfbix7hkjj72r5kgiwv-llhttp-9.3.0/lib/libicui18n.so.76", O_RDONLY|O_CLOEXEC) = -1 ENOENT (No such file or directory)
11852 openat(AT_FDCWD, "/nix/store/y890wk5v7h4dzfs69jycv3fj0fx5y9i5-libuv-1.51.0/lib/libicui18n.so.76", O_RDONLY|O_CLOEXEC) = -1 ENOENT (No such file or directory)
11852 openat(AT_FDCWD, "/nix/store/3mg43r6bvdvf0zm3rxj1x9v2vwg6kwmn-simdjson-4.2.4/lib/libicui18n.so.76", O_RDONLY|O_CLOEXEC) = -1 ENOENT (No such file or directory)
11852 openat(AT_FDCWD, "/nix/store/q5hdxy658850yynggmkjblbqfgs1w4nq-brotli-1.2.0-lib/lib/libicui18n.so.76", O_RDONLY|O_CLOEXEC) = -1 ENOENT (No such file or directory)
11852 openat(AT_FDCWD, "/nix/store/dkvxkb5cb4zl792gz2msbgxhhk2mh43i-c-ares-1.34.6/lib/libicui18n.so.76", O_RDONLY|O_CLOEXEC) = -1 ENOENT (No such file or directory)
11852 openat(AT_FDCWD, "/nix/store/j45rf4zx05ckp2d3fj6nb7js7zhs10dx-nghttp2-1.67.1-lib/lib/libicui18n.so.76", O_RDONLY|O_CLOEXEC) = -1 ENOENT (No such file or directory)
11852 openat(AT_FDCWD, "/nix/store/x1avvg7xfcb6699afppcbd5qk24smg4n-nghttp3-1.13.1/lib/libicui18n.so.76", O_RDONLY|O_CLOEXEC) = -1 ENOENT (No such file or directory)
11852 openat(AT_FDCWD, "/nix/store/zi565pibhgz582kxliylqpvmq1gq9z71-ngtcp2-1.18.0/lib/libicui18n.so.76", O_RDONLY|O_CLOEXEC) = -1 ENOENT (No such file or directory)
11852 openat(AT_FDCWD, "/nix/store/bn7m7qn8k7b27jy5lkq3bg4vcxnyjpq0-sqlite-3.51.2/lib/libicui18n.so.76", O_RDONLY|O_CLOEXEC) = -1 ENOENT (No such file or directory)
11852 openat(AT_FDCWD, "/nix/store/x0bq7h936cp5dz83wq0wdhnimzcy85fd-uvwasi-0.0.23/lib/libicui18n.so.76", O_RDONLY|O_CLOEXEC) = -1 ENOENT (No such file or directory)
11852 openat(AT_FDCWD, "/nix/store/hqjka260vqvnl1k73dwqqqhcx0yiy6c0-zstd-1.5.7/lib/libicui18n.so.76", O_RDONLY|O_CLOEXEC) = -1 ENOENT (No such file or directory)
11852 openat(AT_FDCWD, "/nix/store/g7lir5wb7g1a31szgw6n5wa0kbsq04zd-openssl-3.6.0/lib/libicui18n.so.76", O_RDONLY|O_CLOEXEC) = -1 ENOENT (No such file or directory)
11852 openat(AT_FDCWD, "/nix/store/q34rjcffjcmhbnsx8nd6w0i2xamz66i3-icu4c-76.1/lib/glibc-hwcaps/x86-64-v4/libicui18n.so.76", O_RDONLY|O_CLOEXEC) = -1 ENOENT (No such file or directory)
11852 openat(AT_FDCWD, "/nix/store/q34rjcffjcmhbnsx8nd6w0i2xamz66i3-icu4c-76.1/lib/glibc-hwcaps/x86-64-v3/libicui18n.so.76", O_RDONLY|O_CLOEXEC) = -1 ENOENT (No such file or directory)
11852 openat(AT_FDCWD, "/nix/store/q34rjcffjcmhbnsx8nd6w0i2xamz66i3-icu4c-76.1/lib/glibc-hwcaps/x86-64-v2/libicui18n.so.76", O_RDONLY|O_CLOEXEC) = -1 ENOENT (No such file or directory)
11852 openat(AT_FDCWD, "/nix/store/q34rjcffjcmhbnsx8nd6w0i2xamz66i3-icu4c-76.1/lib/libicui18n.so.76", O_RDONLY|O_CLOEXEC) = 3
11852 openat(AT_FDCWD, "/nix/store/ri9paa3mri4kqakljak8ldvbcp7lpmif-zlib-1.3.1/lib/libicuuc.so.76", O_RDONLY|O_CLOEXEC) = -1 ENOENT (No such file or directory)
11852 openat(AT_FDCWD, "/nix/store/8kwysbrm9zrfcsfbix7hkjj72r5kgiwv-llhttp-9.3.0/lib/libicuuc.so.76", O_RDONLY|O_CLOEXEC) = -1 ENOENT (No such file or directory)
11852 openat(AT_FDCWD, "/nix/store/y890wk5v7h4dzfs69jycv3fj0fx5y9i5-libuv-1.51.0/lib/libicuuc.so.76", O_RDONLY|O_CLOEXEC) = -1 ENOENT (No such file or directory)
11852 openat(AT_FDCWD, "/nix/store/3mg43r6bvdvf0zm3rxj1x9v2vwg6kwmn-simdjson-4.2.4/lib/libicuuc.so.76", O_RDONLY|O_CLOEXEC) = -1 ENOENT (No such file or directory)
11852 openat(AT_FDCWD, "/nix/store/q5hdxy658850yynggmkjblbqfgs1w4nq-brotli-1.2.0-lib/lib/libicuuc.so.76", O_RDONLY|O_CLOEXEC) = -1 ENOENT (No such file or directory)
11852 openat(AT_FDCWD, "/nix/store/dkvxkb5cb4zl792gz2msbgxhhk2mh43i-c-ares-1.34.6/lib/libicuuc.so.76", O_RDONLY|O_CLOEXEC) = -1 ENOENT (No such file or directory)
11852 openat(AT_FDCWD, "/nix/store/j45rf4zx05ckp2d3fj6nb7js7zhs10dx-nghttp2-1.67.1-lib/lib/libicuuc.so.76", O_RDONLY|O_CLOEXEC) = -1 ENOENT (No such file or directory)
11852 openat(AT_FDCWD, "/nix/store/x1avvg7xfcb6699afppcbd5qk24smg4n-nghttp3-1.13.1/lib/libicuuc.so.76", O_RDONLY|O_CLOEXEC) = -1 ENOENT (No such file or directory)
11852 openat(AT_FDCWD, "/nix/store/zi565pibhgz582kxliylqpvmq1gq9z71-ngtcp2-1.18.0/lib/libicuuc.so.76", O_RDONLY|O_CLOEXEC) = -1 ENOENT (No such file or directory)
11852 openat(AT_FDCWD, "/nix/store/bn7m7qn8k7b27jy5lkq3bg4vcxnyjpq0-sqlite-3.51.2/lib/libicuuc.so.76", O_RDONLY|O_CLOEXEC) = -1 ENOENT (No such file or directory)
11852 openat(AT_FDCWD, "/nix/store/x0bq7h936cp5dz83wq0wdhnimzcy85fd-uvwasi-0.0.23/lib/libicuuc.so.76", O_RDONLY|O_CLOEXEC) = -1 ENOENT (No such file or directory)
11852 openat(AT_FDCWD, "/nix/store/hqjka260vqvnl1k73dwqqqhcx0yiy6c0-zstd-1.5.7/lib/libicuuc.so.76", O_RDONLY|O_CLOEXEC) = -1 ENOENT (No such file or directory)
11852 openat(AT_FDCWD, "/nix/store/g7lir5wb7g1a31szgw6n5wa0kbsq04zd-openssl-3.6.0/lib/libicuuc.so.76", O_RDONLY|O_CLOEXEC) = -1 ENOENT (No such file or directory)
11852 openat(AT_FDCWD, "/nix/store/q34rjcffjcmhbnsx8nd6w0i2xamz66i3-icu4c-76.1/lib/libicuuc.so.76", O_RDONLY|O_CLOEXEC) = 3
11852 openat(AT_FDCWD, "/nix/store/ri9paa3mri4kqakljak8ldvbcp7lpmif-zlib-1.3.1/lib/libdl.so.2", O_RDONLY|O_CLOEXEC) = -1 ENOENT (No such file or directory)
11852 openat(AT_FDCWD, "/nix/store/8kwysbrm9zrfcsfbix7hkjj72r5kgiwv-llhttp-9.3.0/lib/libdl.so.2", O_RDONLY|O_CLOEXEC) = -1 ENOENT (No such file or directory)
11852 openat(AT_FDCWD, "/nix/store/y890wk5v7h4dzfs69jycv3fj0fx5y9i5-libuv-1.51.0/lib/libdl.so.2", O_RDONLY|O_CLOEXEC) = -1 ENOENT (No such file or directory)
11852 openat(AT_FDCWD, "/nix/store/3mg43r6bvdvf0zm3rxj1x9v2vwg6kwmn-simdjson-4.2.4/lib/libdl.so.2", O_RDONLY|O_CLOEXEC) = -1 ENOENT (No such file or directory)
11852 openat(AT_FDCWD, "/nix/store/q5hdxy658850yynggmkjblbqfgs1w4nq-brotli-1.2.0-lib/lib/libdl.so.2", O_RDONLY|O_CLOEXEC) = -1 ENOENT (No such file or directory)
11852 openat(AT_FDCWD, "/nix/store/dkvxkb5cb4zl792gz2msbgxhhk2mh43i-c-ares-1.34.6/lib/libdl.so.2", O_RDONLY|O_CLOEXEC) = -1 ENOENT (No such file or directory)
11852 openat(AT_FDCWD, "/nix/store/j45rf4zx05ckp2d3fj6nb7js7zhs10dx-nghttp2-1.67.1-lib/lib/libdl.so.2", O_RDONLY|O_CLOEXEC) = -1 ENOENT (No such file or directory)
11852 openat(AT_FDCWD, "/nix/store/x1avvg7xfcb6699afppcbd5qk24smg4n-nghttp3-1.13.1/lib/libdl.so.2", O_RDONLY|O_CLOEXEC) = -1 ENOENT (No such file or directory)
11852 openat(AT_FDCWD, "/nix/store/zi565pibhgz582kxliylqpvmq1gq9z71-ngtcp2-1.18.0/lib/libdl.so.2", O_RDONLY|O_CLOEXEC) = -1 ENOENT (No such file or directory)
11852 openat(AT_FDCWD, "/nix/store/bn7m7qn8k7b27jy5lkq3bg4vcxnyjpq0-sqlite-3.51.2/lib/libdl.so.2", O_RDONLY|O_CLOEXEC) = -1 ENOENT (No such file or directory)
11852 openat(AT_FDCWD, "/nix/store/x0bq7h936cp5dz83wq0wdhnimzcy85fd-uvwasi-0.0.23/lib/libdl.so.2", O_RDONLY|O_CLOEXEC) = -1 ENOENT (No such file or directory)
11852 openat(AT_FDCWD, "/nix/store/hqjka260vqvnl1k73dwqqqhcx0yiy6c0-zstd-1.5.7/lib/libdl.so.2", O_RDONLY|O_CLOEXEC) = -1 ENOENT (No such file or directory)
11852 openat(AT_FDCWD, "/nix/store/g7lir5wb7g1a31szgw6n5wa0kbsq04zd-openssl-3.6.0/lib/libdl.so.2", O_RDONLY|O_CLOEXEC) = -1 ENOENT (No such file or directory)
11852 openat(AT_FDCWD, "/nix/store/q34rjcffjcmhbnsx8nd6w0i2xamz66i3-icu4c-76.1/lib/libdl.so.2", O_RDONLY|O_CLOEXEC) = -1 ENOENT (No such file or directory)
11852 openat(AT_FDCWD, "/nix/store/wb6rhpznjfczwlwx23zmdrrw74bayxw4-glibc-2.42-47/lib/glibc-hwcaps/x86-64-v4/libdl.so.2", O_RDONLY|O_CLOEXEC) = -1 ENOENT (No such file or directory)
11852 openat(AT_FDCWD, "/nix/store/wb6rhpznjfczwlwx23zmdrrw74bayxw4-glibc-2.42-47/lib/glibc-hwcaps/x86-64-v3/libdl.so.2", O_RDONLY|O_CLOEXEC) = -1 ENOENT (No such file or directory)
11852 openat(AT_FDCWD, "/nix/store/wb6rhpznjfczwlwx23zmdrrw74bayxw4-glibc-2.42-47/lib/glibc-hwcaps/x86-64-v2/libdl.so.2", O_RDONLY|O_CLOEXEC) = -1 ENOENT (No such file or directory)
11852 openat(AT_FDCWD, "/nix/store/wb6rhpznjfczwlwx23zmdrrw74bayxw4-glibc-2.42-47/lib/libdl.so.2", O_RDONLY|O_CLOEXEC) = 3
11852 openat(AT_FDCWD, "/nix/store/ri9paa3mri4kqakljak8ldvbcp7lpmif-zlib-1.3.1/lib/libstdc++.so.6", O_RDONLY|O_CLOEXEC) = -1 ENOENT (No such file or directory)
11852 openat(AT_FDCWD, "/nix/store/8kwysbrm9zrfcsfbix7hkjj72r5kgiwv-llhttp-9.3.0/lib/libstdc++.so.6", O_RDONLY|O_CLOEXEC) = -1 ENOENT (No such file or directory)
11852 openat(AT_FDCWD, "/nix/store/y890wk5v7h4dzfs69jycv3fj0fx5y9i5-libuv-1.51.0/lib/libstdc++.so.6", O_RDONLY|O_CLOEXEC) = -1 ENOENT (No such file or directory)
11852 openat(AT_FDCWD, "/nix/store/3mg43r6bvdvf0zm3rxj1x9v2vwg6kwmn-simdjson-4.2.4/lib/libstdc++.so.6", O_RDONLY|O_CLOEXEC) = -1 ENOENT (No such file or directory)
11852 openat(AT_FDCWD, "/nix/store/q5hdxy658850yynggmkjblbqfgs1w4nq-brotli-1.2.0-lib/lib/libstdc++.so.6", O_RDONLY|O_CLOEXEC) = -1 ENOENT (No such file or directory)
11852 openat(AT_FDCWD, "/nix/store/dkvxkb5cb4zl792gz2msbgxhhk2mh43i-c-ares-1.34.6/lib/libstdc++.so.6", O_RDONLY|O_CLOEXEC) = -1 ENOENT (No such file or directory)
11852 openat(AT_FDCWD, "/nix/store/j45rf4zx05ckp2d3fj6nb7js7zhs10dx-nghttp2-1.67.1-lib/lib/libstdc++.so.6", O_RDONLY|O_CLOEXEC) = -1 ENOENT (No such file or directory)
11852 openat(AT_FDCWD, "/nix/store/x1avvg7xfcb6699afppcbd5qk24smg4n-nghttp3-1.13.1/lib/libstdc++.so.6", O_RDONLY|O_CLOEXEC) = -1 ENOENT (No such file or directory)
11852 openat(AT_FDCWD, "/nix/store/zi565pibhgz582kxliylqpvmq1gq9z71-ngtcp2-1.18.0/lib/libstdc++.so.6", O_RDONLY|O_CLOEXEC) = -1 ENOENT (No such file or directory)
11852 openat(AT_FDCWD, "/nix/store/bn7m7qn8k7b27jy5lkq3bg4vcxnyjpq0-sqlite-3.51.2/lib/libstdc++.so.6", O_RDONLY|O_CLOEXEC) = -1 ENOENT (No such file or directory)
11852 openat(AT_FDCWD, "/nix/store/x0bq7h936cp5dz83wq0wdhnimzcy85fd-uvwasi-0.0.23/lib/libstdc++.so.6", O_RDONLY|O_CLOEXEC) = -1 ENOENT (No such file or directory)
11852 openat(AT_FDCWD, "/nix/store/hqjka260vqvnl1k73dwqqqhcx0yiy6c0-zstd-1.5.7/lib/libstdc++.so.6", O_RDONLY|O_CLOEXEC) = -1 ENOENT (No such file or directory)
11852 openat(AT_FDCWD, "/nix/store/g7lir5wb7g1a31szgw6n5wa0kbsq04zd-openssl-3.6.0/lib/libstdc++.so.6", O_RDONLY|O_CLOEXEC) = -1 ENOENT (No such file or directory)
11852 openat(AT_FDCWD, "/nix/store/q34rjcffjcmhbnsx8nd6w0i2xamz66i3-icu4c-76.1/lib/libstdc++.so.6", O_RDONLY|O_CLOEXEC) = -1 ENOENT (No such file or directory)
11852 openat(AT_FDCWD, "/nix/store/wb6rhpznjfczwlwx23zmdrrw74bayxw4-glibc-2.42-47/lib/libstdc++.so.6", O_RDONLY|O_CLOEXEC) = -1 ENOENT (No such file or directory)
11852 openat(AT_FDCWD, "/nix/store/j2kgllgds4w7na8zqv1msi0mpvpjxda8-gcc-15.2.0-lib/lib/glibc-hwcaps/x86-64-v4/libstdc++.so.6", O_RDONLY|O_CLOEXEC) = -1 ENOENT (No such file or directory)
11852 openat(AT_FDCWD, "/nix/store/j2kgllgds4w7na8zqv1msi0mpvpjxda8-gcc-15.2.0-lib/lib/glibc-hwcaps/x86-64-v3/libstdc++.so.6", O_RDONLY|O_CLOEXEC) = -1 ENOENT (No such file or directory)
11852 openat(AT_FDCWD, "/nix/store/j2kgllgds4w7na8zqv1msi0mpvpjxda8-gcc-15.2.0-lib/lib/glibc-hwcaps/x86-64-v2/libstdc++.so.6", O_RDONLY|O_CLOEXEC) = -1 ENOENT (No such file or directory)
11852 openat(AT_FDCWD, "/nix/store/j2kgllgds4w7na8zqv1msi0mpvpjxda8-gcc-15.2.0-lib/lib/libstdc++.so.6", O_RDONLY|O_CLOEXEC) = 3
11852 openat(AT_FDCWD, "/nix/store/ri9paa3mri4kqakljak8ldvbcp7lpmif-zlib-1.3.1/lib/libm.so.6", O_RDONLY|O_CLOEXEC) = -1 ENOENT (No such file or directory)
11852 openat(AT_FDCWD, "/nix/store/8kwysbrm9zrfcsfbix7hkjj72r5kgiwv-llhttp-9.3.0/lib/libm.so.6", O_RDONLY|O_CLOEXEC) = -1 ENOENT (No such file or directory)
11852 openat(AT_FDCWD, "/nix/store/y890wk5v7h4dzfs69jycv3fj0fx5y9i5-libuv-1.51.0/lib/libm.so.6", O_RDONLY|O_CLOEXEC) = -1 ENOENT (No such file or directory)
11852 openat(AT_FDCWD, "/nix/store/3mg43r6bvdvf0zm3rxj1x9v2vwg6kwmn-simdjson-4.2.4/lib/libm.so.6", O_RDONLY|O_CLOEXEC) = -1 ENOENT (No such file or directory)
11852 openat(AT_FDCWD, "/nix/store/q5hdxy658850yynggmkjblbqfgs1w4nq-brotli-1.2.0-lib/lib/libm.so.6", O_RDONLY|O_CLOEXEC) = -1 ENOENT (No such file or directory)
11852 openat(AT_FDCWD, "/nix/store/dkvxkb5cb4zl792gz2msbgxhhk2mh43i-c-ares-1.34.6/lib/libm.so.6", O_RDONLY|O_CLOEXEC) = -1 ENOENT (No such file or directory)
11852 openat(AT_FDCWD, "/nix/store/j45rf4zx05ckp2d3fj6nb7js7zhs10dx-nghttp2-1.67.1-lib/lib/libm.so.6", O_RDONLY|O_CLOEXEC) = -1 ENOENT (No such file or directory)
11852 openat(AT_FDCWD, "/nix/store/x1avvg7xfcb6699afppcbd5qk24smg4n-nghttp3-1.13.1/lib/libm.so.6", O_RDONLY|O_CLOEXEC) = -1 ENOENT (No such file or directory)
11852 openat(AT_FDCWD, "/nix/store/zi565pibhgz582kxliylqpvmq1gq9z71-ngtcp2-1.18.0/lib/libm.so.6", O_RDONLY|O_CLOEXEC) = -1 ENOENT (No such file or directory)
11852 openat(AT_FDCWD, "/nix/store/bn7m7qn8k7b27jy5lkq3bg4vcxnyjpq0-sqlite-3.51.2/lib/libm.so.6", O_RDONLY|O_CLOEXEC) = -1 ENOENT (No such file or directory)
11852 openat(AT_FDCWD, "/nix/store/x0bq7h936cp5dz83wq0wdhnimzcy85fd-uvwasi-0.0.23/lib/libm.so.6", O_RDONLY|O_CLOEXEC) = -1 ENOENT (No such file or directory)
11852 openat(AT_FDCWD, "/nix/store/hqjka260vqvnl1k73dwqqqhcx0yiy6c0-zstd-1.5.7/lib/libm.so.6", O_RDONLY|O_CLOEXEC) = -1 ENOENT (No such file or directory)
11852 openat(AT_FDCWD, "/nix/store/g7lir5wb7g1a31szgw6n5wa0kbsq04zd-openssl-3.6.0/lib/libm.so.6", O_RDONLY|O_CLOEXEC) = -1 ENOENT (No such file or directory)
11852 openat(AT_FDCWD, "/nix/store/q34rjcffjcmhbnsx8nd6w0i2xamz66i3-icu4c-76.1/lib/libm.so.6", O_RDONLY|O_CLOEXEC) = -1 ENOENT (No such file or directory)
11852 openat(AT_FDCWD, "/nix/store/wb6rhpznjfczwlwx23zmdrrw74bayxw4-glibc-2.42-47/lib/libm.so.6", O_RDONLY|O_CLOEXEC) = 3
11852 openat(AT_FDCWD, "/nix/store/ri9paa3mri4kqakljak8ldvbcp7lpmif-zlib-1.3.1/lib/libgcc_s.so.1", O_RDONLY|O_CLOEXEC) = -1 ENOENT (No such file or directory)
11852 openat(AT_FDCWD, "/nix/store/8kwysbrm9zrfcsfbix7hkjj72r5kgiwv-llhttp-9.3.0/lib/libgcc_s.so.1", O_RDONLY|O_CLOEXEC) = -1 ENOENT (No such file or directory)
11852 openat(AT_FDCWD, "/nix/store/y890wk5v7h4dzfs69jycv3fj0fx5y9i5-libuv-1.51.0/lib/libgcc_s.so.1", O_RDONLY|O_CLOEXEC) = -1 ENOENT (No such file or directory)
11852 openat(AT_FDCWD, "/nix/store/3mg43r6bvdvf0zm3rxj1x9v2vwg6kwmn-simdjson-4.2.4/lib/libgcc_s.so.1", O_RDONLY|O_CLOEXEC) = -1 ENOENT (No such file or directory)
11852 openat(AT_FDCWD, "/nix/store/q5hdxy658850yynggmkjblbqfgs1w4nq-brotli-1.2.0-lib/lib/libgcc_s.so.1", O_RDONLY|O_CLOEXEC) = -1 ENOENT (No such file or directory)
11852 openat(AT_FDCWD, "/nix/store/dkvxkb5cb4zl792gz2msbgxhhk2mh43i-c-ares-1.34.6/lib/libgcc_s.so.1", O_RDONLY|O_CLOEXEC) = -1 ENOENT (No such file or directory)
11852 openat(AT_FDCWD, "/nix/store/j45rf4zx05ckp2d3fj6nb7js7zhs10dx-nghttp2-1.67.1-lib/lib/libgcc_s.so.1", O_RDONLY|O_CLOEXEC) = -1 ENOENT (No such file or directory)
11852 openat(AT_FDCWD, "/nix/store/x1avvg7xfcb6699afppcbd5qk24smg4n-nghttp3-1.13.1/lib/libgcc_s.so.1", O_RDONLY|O_CLOEXEC) = -1 ENOENT (No such file or directory)
11852 openat(AT_FDCWD, "/nix/store/zi565pibhgz582kxliylqpvmq1gq9z71-ngtcp2-1.18.0/lib/libgcc_s.so.1", O_RDONLY|O_CLOEXEC) = -1 ENOENT (No such file or directory)
11852 openat(AT_FDCWD, "/nix/store/bn7m7qn8k7b27jy5lkq3bg4vcxnyjpq0-sqlite-3.51.2/lib/libgcc_s.so.1", O_RDONLY|O_CLOEXEC) = -1 ENOENT (No such file or directory)
11852 openat(AT_FDCWD, "/nix/store/x0bq7h936cp5dz83wq0wdhnimzcy85fd-uvwasi-0.0.23/lib/libgcc_s.so.1", O_RDONLY|O_CLOEXEC) = -1 ENOENT (No such file or directory)
11852 openat(AT_FDCWD, "/nix/store/hqjka260vqvnl1k73dwqqqhcx0yiy6c0-zstd-1.5.7/lib/libgcc_s.so.1", O_RDONLY|O_CLOEXEC) = -1 ENOENT (No such file or directory)
11852 openat(AT_FDCWD, "/nix/store/g7lir5wb7g1a31szgw6n5wa0kbsq04zd-openssl-3.6.0/lib/libgcc_s.so.1", O_RDONLY|O_CLOEXEC) = -1 ENOENT (No such file or directory)
11852 openat(AT_FDCWD, "/nix/store/q34rjcffjcmhbnsx8nd6w0i2xamz66i3-icu4c-76.1/lib/libgcc_s.so.1", O_RDONLY|O_CLOEXEC) = -1 ENOENT (No such file or directory)
11852 openat(AT_FDCWD, "/nix/store/wb6rhpznjfczwlwx23zmdrrw74bayxw4-glibc-2.42-47/lib/libgcc_s.so.1", O_RDONLY|O_CLOEXEC) = -1 ENOENT (No such file or directory)
11852 openat(AT_FDCWD, "/nix/store/j2kgllgds4w7na8zqv1msi0mpvpjxda8-gcc-15.2.0-lib/lib/libgcc_s.so.1", O_RDONLY|O_CLOEXEC) = 3
11852 openat(AT_FDCWD, "/nix/store/ri9paa3mri4kqakljak8ldvbcp7lpmif-zlib-1.3.1/lib/libpthread.so.0", O_RDONLY|O_CLOEXEC) = -1 ENOENT (No such file or directory)
11852 openat(AT_FDCWD, "/nix/store/8kwysbrm9zrfcsfbix7hkjj72r5kgiwv-llhttp-9.3.0/lib/libpthread.so.0", O_RDONLY|O_CLOEXEC) = -1 ENOENT (No such file or directory)
11852 openat(AT_FDCWD, "/nix/store/y890wk5v7h4dzfs69jycv3fj0fx5y9i5-libuv-1.51.0/lib/libpthread.so.0", O_RDONLY|O_CLOEXEC) = -1 ENOENT (No such file or directory)
11852 openat(AT_FDCWD, "/nix/store/3mg43r6bvdvf0zm3rxj1x9v2vwg6kwmn-simdjson-4.2.4/lib/libpthread.so.0", O_RDONLY|O_CLOEXEC) = -1 ENOENT (No such file or directory)
11852 openat(AT_FDCWD, "/nix/store/q5hdxy658850yynggmkjblbqfgs1w4nq-brotli-1.2.0-lib/lib/libpthread.so.0", O_RDONLY|O_CLOEXEC) = -1 ENOENT (No such file or directory)
11852 openat(AT_FDCWD, "/nix/store/dkvxkb5cb4zl792gz2msbgxhhk2mh43i-c-ares-1.34.6/lib/libpthread.so.0", O_RDONLY|O_CLOEXEC) = -1 ENOENT (No such file or directory)
11852 openat(AT_FDCWD, "/nix/store/j45rf4zx05ckp2d3fj6nb7js7zhs10dx-nghttp2-1.67.1-lib/lib/libpthread.so.0", O_RDONLY|O_CLOEXEC) = -1 ENOENT (No such file or directory)
11852 openat(AT_FDCWD, "/nix/store/x1avvg7xfcb6699afppcbd5qk24smg4n-nghttp3-1.13.1/lib/libpthread.so.0", O_RDONLY|O_CLOEXEC) = -1 ENOENT (No such file or directory)
11852 openat(AT_FDCWD, "/nix/store/zi565pibhgz582kxliylqpvmq1gq9z71-ngtcp2-1.18.0/lib/libpthread.so.0", O_RDONLY|O_CLOEXEC) = -1 ENOENT (No such file or directory)
11852 openat(AT_FDCWD, "/nix/store/bn7m7qn8k7b27jy5lkq3bg4vcxnyjpq0-sqlite-3.51.2/lib/libpthread.so.0", O_RDONLY|O_CLOEXEC) = -1 ENOENT (No such file or directory)
11852 openat(AT_FDCWD, "/nix/store/x0bq7h936cp5dz83wq0wdhnimzcy85fd-uvwasi-0.0.23/lib/libpthread.so.0", O_RDONLY|O_CLOEXEC) = -1 ENOENT (No such file or directory)
11852 openat(AT_FDCWD, "/nix/store/hqjka260vqvnl1k73dwqqqhcx0yiy6c0-zstd-1.5.7/lib/libpthread.so.0", O_RDONLY|O_CLOEXEC) = -1 ENOENT (No such file or directory)
11852 openat(AT_FDCWD, "/nix/store/g7lir5wb7g1a31szgw6n5wa0kbsq04zd-openssl-3.6.0/lib/libpthread.so.0", O_RDONLY|O_CLOEXEC) = -1 ENOENT (No such file or directory)
11852 openat(AT_FDCWD, "/nix/store/q34rjcffjcmhbnsx8nd6w0i2xamz66i3-icu4c-76.1/lib/libpthread.so.0", O_RDONLY|O_CLOEXEC) = -1 ENOENT (No such file or directory)
11852 openat(AT_FDCWD, "/nix/store/wb6rhpznjfczwlwx23zmdrrw74bayxw4-glibc-2.42-47/lib/libpthread.so.0", O_RDONLY|O_CLOEXEC) = 3
11852 openat(AT_FDCWD, "/nix/store/ri9paa3mri4kqakljak8ldvbcp7lpmif-zlib-1.3.1/lib/libc.so.6", O_RDONLY|O_CLOEXEC) = -1 ENOENT (No such file or directory)
11852 openat(AT_FDCWD, "/nix/store/8kwysbrm9zrfcsfbix7hkjj72r5kgiwv-llhttp-9.3.0/lib/libc.so.6", O_RDONLY|O_CLOEXEC) = -1 ENOENT (No such file or directory)
11852 openat(AT_FDCWD, "/nix/store/y890wk5v7h4dzfs69jycv3fj0fx5y9i5-libuv-1.51.0/lib/libc.so.6", O_RDONLY|O_CLOEXEC) = -1 ENOENT (No such file or directory)
11852 openat(AT_FDCWD, "/nix/store/3mg43r6bvdvf0zm3rxj1x9v2vwg6kwmn-simdjson-4.2.4/lib/libc.so.6", O_RDONLY|O_CLOEXEC) = -1 ENOENT (No such file or directory)
11852 openat(AT_FDCWD, "/nix/store/q5hdxy658850yynggmkjblbqfgs1w4nq-brotli-1.2.0-lib/lib/libc.so.6", O_RDONLY|O_CLOEXEC) = -1 ENOENT (No such file or directory)
11852 openat(AT_FDCWD, "/nix/store/dkvxkb5cb4zl792gz2msbgxhhk2mh43i-c-ares-1.34.6/lib/libc.so.6", O_RDONLY|O_CLOEXEC) = -1 ENOENT (No such file or directory)
11852 openat(AT_FDCWD, "/nix/store/j45rf4zx05ckp2d3fj6nb7js7zhs10dx-nghttp2-1.67.1-lib/lib/libc.so.6", O_RDONLY|O_CLOEXEC) = -1 ENOENT (No such file or directory)
11852 openat(AT_FDCWD, "/nix/store/x1avvg7xfcb6699afppcbd5qk24smg4n-nghttp3-1.13.1/lib/libc.so.6", O_RDONLY|O_CLOEXEC) = -1 ENOENT (No such file or directory)
11852 openat(AT_FDCWD, "/nix/store/zi565pibhgz582kxliylqpvmq1gq9z71-ngtcp2-1.18.0/lib/libc.so.6", O_RDONLY|O_CLOEXEC) = -1 ENOENT (No such file or directory)
11852 openat(AT_FDCWD, "/nix/store/bn7m7qn8k7b27jy5lkq3bg4vcxnyjpq0-sqlite-3.51.2/lib/libc.so.6", O_RDONLY|O_CLOEXEC) = -1 ENOENT (No such file or directory)
11852 openat(AT_FDCWD, "/nix/store/x0bq7h936cp5dz83wq0wdhnimzcy85fd-uvwasi-0.0.23/lib/libc.so.6", O_RDONLY|O_CLOEXEC) = -1 ENOENT (No such file or directory)
11852 openat(AT_FDCWD, "/nix/store/hqjka260vqvnl1k73dwqqqhcx0yiy6c0-zstd-1.5.7/lib/libc.so.6", O_RDONLY|O_CLOEXEC) = -1 ENOENT (No such file or directory)
11852 openat(AT_FDCWD, "/nix/store/g7lir5wb7g1a31szgw6n5wa0kbsq04zd-openssl-3.6.0/lib/libc.so.6", O_RDONLY|O_CLOEXEC) = -1 ENOENT (No such file or directory)
11852 openat(AT_FDCWD, "/nix/store/q34rjcffjcmhbnsx8nd6w0i2xamz66i3-icu4c-76.1/lib/libc.so.6", O_RDONLY|O_CLOEXEC) = -1 ENOENT (No such file or directory)
11852 openat(AT_FDCWD, "/nix/store/wb6rhpznjfczwlwx23zmdrrw74bayxw4-glibc-2.42-47/lib/libc.so.6", O_RDONLY|O_CLOEXEC) = 3
11852 openat(AT_FDCWD, "/nix/store/q5hdxy658850yynggmkjblbqfgs1w4nq-brotli-1.2.0-lib/lib/libbrotlicommon.so.1", O_RDONLY|O_CLOEXEC) = 3
11852 openat(AT_FDCWD, "/nix/store/q34rjcffjcmhbnsx8nd6w0i2xamz66i3-icu4c-76.1/lib/libicudata.so.76", O_RDONLY|O_CLOEXEC) = 3
11852 openat(AT_FDCWD, "/nix/store/g7lir5wb7g1a31szgw6n5wa0kbsq04zd-openssl-3.6.0/etc/ssl/openssl.cnf", O_RDONLY) = 3
11852 openat(AT_FDCWD, "/proc/version_signature", O_RDONLY|O_CLOEXEC) = -1 ENOENT (No such file or directory)
11852 openat(AT_FDCWD, "/proc/self/maps", O_RDONLY|O_CLOEXEC) = 17
11852 openat(AT_FDCWD, "/proc/self/cgroup", O_RDONLY|O_CLOEXEC) = 17
11852 openat(AT_FDCWD, "/sys/fs/cgroup/user.slice/shell.slice/shellexec-A0WDCXN9YCZFNH2F6HZCI.scope/memory.max", O_RDONLY|O_CLOEXEC) = 17
11852 openat(AT_FDCWD, "/sys/fs/cgroup/user.slice/shell.slice/shellexec-A0WDCXN9YCZFNH2F6HZCI.scope/memory.high", O_RDONLY|O_CLOEXEC) = 17
11852 openat(AT_FDCWD, "/proc/meminfo", O_RDONLY|O_CLOEXEC) = 17
11852 openat(AT_FDCWD, "/proc/self/maps", O_RDONLY) = 17
11852 openat(AT_FDCWD, "/nix/store/9cyx2v23dip6p9q98384k9v06c96qskb-nodejs-24.13.0/bin/node", O_RDONLY) = 17
11852 openat(AT_FDCWD, "/home/runner/workspace/reports/e3-apertura-preparada-20260922/release-preflight.mjs", O_RDONLY|O_CLOEXEC) = 17
11852 openat(AT_FDCWD, "/home/runner/workspace/reports/e3-apertura-preparada-20260922/release-expected.json", O_RDONLY|O_CLOEXEC) = 17
11852 openat(AT_FDCWD, "/home/runner/workspace/reports/e3-apertura-preparada-20260922/release-catalog.sql", O_RDONLY|O_CLOEXEC) = 17
11852 openat(AT_FDCWD, "/dev/null", O_RDONLY|O_CLOEXEC) = 21
11859 openat(AT_FDCWD, "/nix/store/xhivwxxrn6wsjfaf1cm2lp6sqpwfxvbs-postgresql-16.10-lib/lib/glibc-hwcaps/x86-64-v4/libpq.so.5", O_RDONLY|O_CLOEXEC) = -1 ENOENT (No such file or directory)
11859 openat(AT_FDCWD, "/nix/store/xhivwxxrn6wsjfaf1cm2lp6sqpwfxvbs-postgresql-16.10-lib/lib/glibc-hwcaps/x86-64-v3/libpq.so.5", O_RDONLY|O_CLOEXEC) = -1 ENOENT (No such file or directory)
11859 openat(AT_FDCWD, "/nix/store/xhivwxxrn6wsjfaf1cm2lp6sqpwfxvbs-postgresql-16.10-lib/lib/glibc-hwcaps/x86-64-v2/libpq.so.5", O_RDONLY|O_CLOEXEC) = -1 ENOENT (No such file or directory)
11859 openat(AT_FDCWD, "/nix/store/xhivwxxrn6wsjfaf1cm2lp6sqpwfxvbs-postgresql-16.10-lib/lib/libpq.so.5", O_RDONLY|O_CLOEXEC) = 3
11859 openat(AT_FDCWD, "/nix/store/xhivwxxrn6wsjfaf1cm2lp6sqpwfxvbs-postgresql-16.10-lib/lib/libreadline.so.8", O_RDONLY|O_CLOEXEC) = -1 ENOENT (No such file or directory)
11859 openat(AT_FDCWD, "/nix/store/k8c60f1c543yng7878rfkc12han58hiv-readline-8.2p13/lib/glibc-hwcaps/x86-64-v4/libreadline.so.8", O_RDONLY|O_CLOEXEC) = -1 ENOENT (No such file or directory)
11859 openat(AT_FDCWD, "/nix/store/k8c60f1c543yng7878rfkc12han58hiv-readline-8.2p13/lib/glibc-hwcaps/x86-64-v3/libreadline.so.8", O_RDONLY|O_CLOEXEC) = -1 ENOENT (No such file or directory)
11859 openat(AT_FDCWD, "/nix/store/k8c60f1c543yng7878rfkc12han58hiv-readline-8.2p13/lib/glibc-hwcaps/x86-64-v2/libreadline.so.8", O_RDONLY|O_CLOEXEC) = -1 ENOENT (No such file or directory)
11859 openat(AT_FDCWD, "/nix/store/k8c60f1c543yng7878rfkc12han58hiv-readline-8.2p13/lib/libreadline.so.8", O_RDONLY|O_CLOEXEC) = 3
11859 openat(AT_FDCWD, "/nix/store/xhivwxxrn6wsjfaf1cm2lp6sqpwfxvbs-postgresql-16.10-lib/lib/libm.so.6", O_RDONLY|O_CLOEXEC) = -1 ENOENT (No such file or directory)
11859 openat(AT_FDCWD, "/nix/store/k8c60f1c543yng7878rfkc12han58hiv-readline-8.2p13/lib/libm.so.6", O_RDONLY|O_CLOEXEC) = -1 ENOENT (No such file or directory)
11859 openat(AT_FDCWD, "/nix/store/i3ibgfskl99qd8rslafbpaa1dmxdzh1z-glibc-2.40-66/lib/glibc-hwcaps/x86-64-v4/libm.so.6", O_RDONLY|O_CLOEXEC) = -1 ENOENT (No such file or directory)
11859 openat(AT_FDCWD, "/nix/store/i3ibgfskl99qd8rslafbpaa1dmxdzh1z-glibc-2.40-66/lib/glibc-hwcaps/x86-64-v3/libm.so.6", O_RDONLY|O_CLOEXEC) = -1 ENOENT (No such file or directory)
11859 openat(AT_FDCWD, "/nix/store/i3ibgfskl99qd8rslafbpaa1dmxdzh1z-glibc-2.40-66/lib/glibc-hwcaps/x86-64-v2/libm.so.6", O_RDONLY|O_CLOEXEC) = -1 ENOENT (No such file or directory)
11859 openat(AT_FDCWD, "/nix/store/i3ibgfskl99qd8rslafbpaa1dmxdzh1z-glibc-2.40-66/lib/libm.so.6", O_RDONLY|O_CLOEXEC) = 3
11859 openat(AT_FDCWD, "/nix/store/xhivwxxrn6wsjfaf1cm2lp6sqpwfxvbs-postgresql-16.10-lib/lib/libc.so.6", O_RDONLY|O_CLOEXEC) = -1 ENOENT (No such file or directory)
11859 openat(AT_FDCWD, "/nix/store/k8c60f1c543yng7878rfkc12han58hiv-readline-8.2p13/lib/libc.so.6", O_RDONLY|O_CLOEXEC) = -1 ENOENT (No such file or directory)
11859 openat(AT_FDCWD, "/nix/store/i3ibgfskl99qd8rslafbpaa1dmxdzh1z-glibc-2.40-66/lib/libc.so.6", O_RDONLY|O_CLOEXEC) = 3
11859 openat(AT_FDCWD, "/nix/store/2fxp204b9jh1s3lpggdlnws44vvzw1w9-openssl-3.4.3/lib/glibc-hwcaps/x86-64-v4/libssl.so.3", O_RDONLY|O_CLOEXEC) = -1 ENOENT (No such file or directory)
11859 openat(AT_FDCWD, "/nix/store/2fxp204b9jh1s3lpggdlnws44vvzw1w9-openssl-3.4.3/lib/glibc-hwcaps/x86-64-v3/libssl.so.3", O_RDONLY|O_CLOEXEC) = -1 ENOENT (No such file or directory)
11859 openat(AT_FDCWD, "/nix/store/2fxp204b9jh1s3lpggdlnws44vvzw1w9-openssl-3.4.3/lib/glibc-hwcaps/x86-64-v2/libssl.so.3", O_RDONLY|O_CLOEXEC) = -1 ENOENT (No such file or directory)
11859 openat(AT_FDCWD, "/nix/store/2fxp204b9jh1s3lpggdlnws44vvzw1w9-openssl-3.4.3/lib/libssl.so.3", O_RDONLY|O_CLOEXEC) = 3
11859 openat(AT_FDCWD, "/nix/store/2fxp204b9jh1s3lpggdlnws44vvzw1w9-openssl-3.4.3/lib/libcrypto.so.3", O_RDONLY|O_CLOEXEC) = 3
11859 openat(AT_FDCWD, "/nix/store/2fxp204b9jh1s3lpggdlnws44vvzw1w9-openssl-3.4.3/lib/libgssapi_krb5.so.2", O_RDONLY|O_CLOEXEC) = -1 ENOENT (No such file or directory)
11859 openat(AT_FDCWD, "/nix/store/5cdzaagddbzip0rd0f9bfkfnq143bxd8-krb5-1.21.3-lib/lib/glibc-hwcaps/x86-64-v4/libgssapi_krb5.so.2", O_RDONLY|O_CLOEXEC) = -1 ENOENT (No such file or directory)
11859 openat(AT_FDCWD, "/nix/store/5cdzaagddbzip0rd0f9bfkfnq143bxd8-krb5-1.21.3-lib/lib/glibc-hwcaps/x86-64-v3/libgssapi_krb5.so.2", O_RDONLY|O_CLOEXEC) = -1 ENOENT (No such file or directory)
11859 openat(AT_FDCWD, "/nix/store/5cdzaagddbzip0rd0f9bfkfnq143bxd8-krb5-1.21.3-lib/lib/glibc-hwcaps/x86-64-v2/libgssapi_krb5.so.2", O_RDONLY|O_CLOEXEC) = -1 ENOENT (No such file or directory)
11859 openat(AT_FDCWD, "/nix/store/5cdzaagddbzip0rd0f9bfkfnq143bxd8-krb5-1.21.3-lib/lib/libgssapi_krb5.so.2", O_RDONLY|O_CLOEXEC) = 3
11859 openat(AT_FDCWD, "/nix/store/2fxp204b9jh1s3lpggdlnws44vvzw1w9-openssl-3.4.3/lib/libpthread.so.0", O_RDONLY|O_CLOEXEC) = -1 ENOENT (No such file or directory)
11859 openat(AT_FDCWD, "/nix/store/5cdzaagddbzip0rd0f9bfkfnq143bxd8-krb5-1.21.3-lib/lib/libpthread.so.0", O_RDONLY|O_CLOEXEC) = -1 ENOENT (No such file or directory)
11859 openat(AT_FDCWD, "/nix/store/i3ibgfskl99qd8rslafbpaa1dmxdzh1z-glibc-2.40-66/lib/libpthread.so.0", O_RDONLY|O_CLOEXEC) = 3
11859 openat(AT_FDCWD, "/nix/store/vj3rmg6937p9icir6bazbdcb4xdnrg9j-ncurses-6.5/lib/glibc-hwcaps/x86-64-v4/libncursesw.so.6", O_RDONLY|O_CLOEXEC) = -1 ENOENT (No such file or directory)
11859 openat(AT_FDCWD, "/nix/store/vj3rmg6937p9icir6bazbdcb4xdnrg9j-ncurses-6.5/lib/glibc-hwcaps/x86-64-v3/libncursesw.so.6", O_RDONLY|O_CLOEXEC) = -1 ENOENT (No such file or directory)
11859 openat(AT_FDCWD, "/nix/store/vj3rmg6937p9icir6bazbdcb4xdnrg9j-ncurses-6.5/lib/glibc-hwcaps/x86-64-v2/libncursesw.so.6", O_RDONLY|O_CLOEXEC) = -1 ENOENT (No such file or directory)
11859 openat(AT_FDCWD, "/nix/store/vj3rmg6937p9icir6bazbdcb4xdnrg9j-ncurses-6.5/lib/libncursesw.so.6", O_RDONLY|O_CLOEXEC) = 3
11859 openat(AT_FDCWD, "/nix/store/2fxp204b9jh1s3lpggdlnws44vvzw1w9-openssl-3.4.3/lib/libdl.so.2", O_RDONLY|O_CLOEXEC) = -1 ENOENT (No such file or directory)
11859 openat(AT_FDCWD, "/nix/store/i3ibgfskl99qd8rslafbpaa1dmxdzh1z-glibc-2.40-66/lib/libdl.so.2", O_RDONLY|O_CLOEXEC) = 3
11859 openat(AT_FDCWD, "/nix/store/5cdzaagddbzip0rd0f9bfkfnq143bxd8-krb5-1.21.3-lib/lib/libkrb5.so.3", O_RDONLY|O_CLOEXEC) = 3
11859 openat(AT_FDCWD, "/nix/store/5cdzaagddbzip0rd0f9bfkfnq143bxd8-krb5-1.21.3-lib/lib/libk5crypto.so.3", O_RDONLY|O_CLOEXEC) = 3
11859 openat(AT_FDCWD, "/nix/store/5cdzaagddbzip0rd0f9bfkfnq143bxd8-krb5-1.21.3-lib/lib/libcom_err.so.3", O_RDONLY|O_CLOEXEC) = 3
11859 openat(AT_FDCWD, "/nix/store/5cdzaagddbzip0rd0f9bfkfnq143bxd8-krb5-1.21.3-lib/lib/libkrb5support.so.0", O_RDONLY|O_CLOEXEC) = 3
11859 openat(AT_FDCWD, "/nix/store/5cdzaagddbzip0rd0f9bfkfnq143bxd8-krb5-1.21.3-lib/lib/libkeyutils.so.1", O_RDONLY|O_CLOEXEC) = -1 ENOENT (No such file or directory)
11859 openat(AT_FDCWD, "/nix/store/1v6ry0zx6igrskzd8arw76glqgsi61is-keyutils-1.6.3-lib/lib/glibc-hwcaps/x86-64-v4/libkeyutils.so.1", O_RDONLY|O_CLOEXEC) = -1 ENOENT (No such file or directory)
11859 openat(AT_FDCWD, "/nix/store/1v6ry0zx6igrskzd8arw76glqgsi61is-keyutils-1.6.3-lib/lib/glibc-hwcaps/x86-64-v3/libkeyutils.so.1", O_RDONLY|O_CLOEXEC) = -1 ENOENT (No such file or directory)
11859 openat(AT_FDCWD, "/nix/store/1v6ry0zx6igrskzd8arw76glqgsi61is-keyutils-1.6.3-lib/lib/glibc-hwcaps/x86-64-v2/libkeyutils.so.1", O_RDONLY|O_CLOEXEC) = -1 ENOENT (No such file or directory)
11859 openat(AT_FDCWD, "/nix/store/1v6ry0zx6igrskzd8arw76glqgsi61is-keyutils-1.6.3-lib/lib/libkeyutils.so.1", O_RDONLY|O_CLOEXEC) = 3
11859 openat(AT_FDCWD, "/nix/store/5cdzaagddbzip0rd0f9bfkfnq143bxd8-krb5-1.21.3-lib/lib/libresolv.so.2", O_RDONLY|O_CLOEXEC) = -1 ENOENT (No such file or directory)
11859 openat(AT_FDCWD, "/nix/store/1v6ry0zx6igrskzd8arw76glqgsi61is-keyutils-1.6.3-lib/lib/libresolv.so.2", O_RDONLY|O_CLOEXEC) = -1 ENOENT (No such file or directory)
11859 openat(AT_FDCWD, "/nix/store/i3ibgfskl99qd8rslafbpaa1dmxdzh1z-glibc-2.40-66/lib/libresolv.so.2", O_RDONLY|O_CLOEXEC) = 3
11859 openat(AT_FDCWD, "/run/current-system/sw/lib/locale/locale-archive", O_RDONLY|O_CLOEXEC) = -1 ENOENT (No such file or directory)
11859 openat(AT_FDCWD, "/usr/lib/locale/locale-archive", O_RDONLY|O_CLOEXEC) = 3
11859 openat(AT_FDCWD, "/nix/store/i3ibgfskl99qd8rslafbpaa1dmxdzh1z-glibc-2.40-66/share/locale/locale.alias", O_RDONLY|O_CLOEXEC) = 3
11859 openat(AT_FDCWD, "/nix/store/i3ibgfskl99qd8rslafbpaa1dmxdzh1z-glibc-2.40-66/lib/locale/C.UTF-8/LC_IDENTIFICATION", O_RDONLY|O_CLOEXEC) = -1 ENOENT (No such file or directory)
11859 openat(AT_FDCWD, "/nix/store/i3ibgfskl99qd8rslafbpaa1dmxdzh1z-glibc-2.40-66/lib/locale/C.utf8/LC_IDENTIFICATION", O_RDONLY|O_CLOEXEC) = 3
11859 openat(AT_FDCWD, "/nix/store/i3ibgfskl99qd8rslafbpaa1dmxdzh1z-glibc-2.40-66/lib/gconv/gconv-modules.cache", O_RDONLY|O_CLOEXEC) = -1 ENOENT (No such file or directory)
11859 openat(AT_FDCWD, "/nix/store/i3ibgfskl99qd8rslafbpaa1dmxdzh1z-glibc-2.40-66/lib/gconv/gconv-modules", O_RDONLY|O_CLOEXEC) = 3
11859 openat(AT_FDCWD, "/nix/store/i3ibgfskl99qd8rslafbpaa1dmxdzh1z-glibc-2.40-66/lib/gconv/gconv-modules.d", O_RDONLY|O_NONBLOCK|O_CLOEXEC|O_DIRECTORY) = 3
11859 openat(AT_FDCWD, "/nix/store/i3ibgfskl99qd8rslafbpaa1dmxdzh1z-glibc-2.40-66/lib/gconv/gconv-modules.d/gconv-modules-extra.conf", O_RDONLY|O_CLOEXEC) = 4
11859 openat(AT_FDCWD, "/nix/store/i3ibgfskl99qd8rslafbpaa1dmxdzh1z-glibc-2.40-66/lib/locale/C.UTF-8/LC_MEASUREMENT", O_RDONLY|O_CLOEXEC) = -1 ENOENT (No such file or directory)
11859 openat(AT_FDCWD, "/nix/store/i3ibgfskl99qd8rslafbpaa1dmxdzh1z-glibc-2.40-66/lib/locale/C.utf8/LC_MEASUREMENT", O_RDONLY|O_CLOEXEC) = 3
11859 openat(AT_FDCWD, "/nix/store/i3ibgfskl99qd8rslafbpaa1dmxdzh1z-glibc-2.40-66/lib/locale/C.UTF-8/LC_TELEPHONE", O_RDONLY|O_CLOEXEC) = -1 ENOENT (No such file or directory)
11859 openat(AT_FDCWD, "/nix/store/i3ibgfskl99qd8rslafbpaa1dmxdzh1z-glibc-2.40-66/lib/locale/C.utf8/LC_TELEPHONE", O_RDONLY|O_CLOEXEC) = 3
11859 openat(AT_FDCWD, "/nix/store/i3ibgfskl99qd8rslafbpaa1dmxdzh1z-glibc-2.40-66/lib/locale/C.UTF-8/LC_ADDRESS", O_RDONLY|O_CLOEXEC) = -1 ENOENT (No such file or directory)
11859 openat(AT_FDCWD, "/nix/store/i3ibgfskl99qd8rslafbpaa1dmxdzh1z-glibc-2.40-66/lib/locale/C.utf8/LC_ADDRESS", O_RDONLY|O_CLOEXEC) = 3
11859 openat(AT_FDCWD, "/nix/store/i3ibgfskl99qd8rslafbpaa1dmxdzh1z-glibc-2.40-66/lib/locale/C.UTF-8/LC_NAME", O_RDONLY|O_CLOEXEC) = -1 ENOENT (No such file or directory)
11859 openat(AT_FDCWD, "/nix/store/i3ibgfskl99qd8rslafbpaa1dmxdzh1z-glibc-2.40-66/lib/locale/C.utf8/LC_NAME", O_RDONLY|O_CLOEXEC) = 3
11859 openat(AT_FDCWD, "/nix/store/i3ibgfskl99qd8rslafbpaa1dmxdzh1z-glibc-2.40-66/lib/locale/C.UTF-8/LC_PAPER", O_RDONLY|O_CLOEXEC) = -1 ENOENT (No such file or directory)
11859 openat(AT_FDCWD, "/nix/store/i3ibgfskl99qd8rslafbpaa1dmxdzh1z-glibc-2.40-66/lib/locale/C.utf8/LC_PAPER", O_RDONLY|O_CLOEXEC) = 3
11859 openat(AT_FDCWD, "/nix/store/i3ibgfskl99qd8rslafbpaa1dmxdzh1z-glibc-2.40-66/lib/locale/C.UTF-8/LC_MESSAGES", O_RDONLY|O_CLOEXEC) = -1 ENOENT (No such file or directory)
11859 openat(AT_FDCWD, "/nix/store/i3ibgfskl99qd8rslafbpaa1dmxdzh1z-glibc-2.40-66/lib/locale/C.utf8/LC_MESSAGES", O_RDONLY|O_CLOEXEC) = 3
11859 openat(AT_FDCWD, "/nix/store/i3ibgfskl99qd8rslafbpaa1dmxdzh1z-glibc-2.40-66/lib/locale/C.utf8/LC_MESSAGES/SYS_LC_MESSAGES", O_RDONLY|O_CLOEXEC) = 3
11859 openat(AT_FDCWD, "/nix/store/i3ibgfskl99qd8rslafbpaa1dmxdzh1z-glibc-2.40-66/lib/locale/C.UTF-8/LC_MONETARY", O_RDONLY|O_CLOEXEC) = -1 ENOENT (No such file or directory)
11859 openat(AT_FDCWD, "/nix/store/i3ibgfskl99qd8rslafbpaa1dmxdzh1z-glibc-2.40-66/lib/locale/C.utf8/LC_MONETARY", O_RDONLY|O_CLOEXEC) = 3
11859 openat(AT_FDCWD, "/nix/store/i3ibgfskl99qd8rslafbpaa1dmxdzh1z-glibc-2.40-66/lib/locale/C.UTF-8/LC_COLLATE", O_RDONLY|O_CLOEXEC) = -1 ENOENT (No such file or directory)
11859 openat(AT_FDCWD, "/nix/store/i3ibgfskl99qd8rslafbpaa1dmxdzh1z-glibc-2.40-66/lib/locale/C.utf8/LC_COLLATE", O_RDONLY|O_CLOEXEC) = 3
11859 openat(AT_FDCWD, "/nix/store/i3ibgfskl99qd8rslafbpaa1dmxdzh1z-glibc-2.40-66/lib/locale/C.UTF-8/LC_TIME", O_RDONLY|O_CLOEXEC) = -1 ENOENT (No such file or directory)
11859 openat(AT_FDCWD, "/nix/store/i3ibgfskl99qd8rslafbpaa1dmxdzh1z-glibc-2.40-66/lib/locale/C.utf8/LC_TIME", O_RDONLY|O_CLOEXEC) = 3
11859 openat(AT_FDCWD, "/nix/store/i3ibgfskl99qd8rslafbpaa1dmxdzh1z-glibc-2.40-66/lib/locale/C.UTF-8/LC_NUMERIC", O_RDONLY|O_CLOEXEC) = -1 ENOENT (No such file or directory)
11859 openat(AT_FDCWD, "/nix/store/i3ibgfskl99qd8rslafbpaa1dmxdzh1z-glibc-2.40-66/lib/locale/C.utf8/LC_NUMERIC", O_RDONLY|O_CLOEXEC) = 3
11859 openat(AT_FDCWD, "/nix/store/i3ibgfskl99qd8rslafbpaa1dmxdzh1z-glibc-2.40-66/lib/locale/C.UTF-8/LC_CTYPE", O_RDONLY|O_CLOEXEC) = -1 ENOENT (No such file or directory)
11859 openat(AT_FDCWD, "/nix/store/i3ibgfskl99qd8rslafbpaa1dmxdzh1z-glibc-2.40-66/lib/locale/C.utf8/LC_CTYPE", O_RDONLY|O_CLOEXEC) = 3
11859 +++ exited with 0 +++
11852 --- SIGCHLD {si_signo=SIGCHLD, si_code=CLD_EXITED, si_pid=11859, si_uid=1000, si_status=0, si_utime=0, si_stime=1 /* 0.01 s */} ---
11852 openat(AT_FDCWD, "/sys/devices/system/cpu/online", O_RDONLY|O_CLOEXEC) = 17
11855 openat(AT_FDCWD, "/sys/devices/system/cpu/cpu0/tsc_freq_khz", O_RDONLY|O_CLOEXEC) = -1 ENOENT (No such file or directory)
11852 openat(AT_FDCWD, "/dev/null", O_RDONLY|O_CLOEXEC) = 17
11857 +++ exited with 0 +++
11855 +++ exited with 0 +++
11854 +++ exited with 0 +++
11856 +++ exited with 0 +++
11853 +++ exited with 0 +++
11858 +++ exited with 0 +++
11852 +++ exited with 0 +++
11847 --- SIGCHLD {si_signo=SIGCHLD, si_code=CLD_EXITED, si_pid=11852, si_uid=1000, si_status=0, si_utime=6 /* 0.06 s */, si_stime=7 /* 0.07 s */} ---
11861 +++ exited with 0 +++
11862 openat(AT_FDCWD, "/etc/ld.so.cache", O_RDONLY|O_CLOEXEC) = 3
11862 openat(AT_FDCWD, "/lib/x86_64-linux-gnu/libpcre2-8.so.0", O_RDONLY|O_CLOEXEC) = 3
11862 openat(AT_FDCWD, "/lib/x86_64-linux-gnu/libc.so.6", O_RDONLY|O_CLOEXEC) = 3
11862 openat(AT_FDCWD, "/usr/lib/locale/locale-archive", O_RDONLY|O_CLOEXEC) = 3
11862 openat(AT_FDCWD, "/usr/share/locale/locale.alias", O_RDONLY|O_CLOEXEC) = 3
11862 openat(AT_FDCWD, "/usr/lib/locale/C.UTF-8/LC_IDENTIFICATION", O_RDONLY|O_CLOEXEC) = -1 ENOENT (No such file or directory)
11862 openat(AT_FDCWD, "/usr/lib/locale/C.utf8/LC_IDENTIFICATION", O_RDONLY|O_CLOEXEC) = 3
11862 openat(AT_FDCWD, "/usr/lib/x86_64-linux-gnu/gconv/gconv-modules.cache", O_RDONLY|O_CLOEXEC) = 3
11862 openat(AT_FDCWD, "/usr/lib/locale/C.UTF-8/LC_MEASUREMENT", O_RDONLY|O_CLOEXEC) = -1 ENOENT (No such file or directory)
11862 openat(AT_FDCWD, "/usr/lib/locale/C.utf8/LC_MEASUREMENT", O_RDONLY|O_CLOEXEC) = 3
11862 openat(AT_FDCWD, "/usr/lib/locale/C.UTF-8/LC_TELEPHONE", O_RDONLY|O_CLOEXEC) = -1 ENOENT (No such file or directory)
11862 openat(AT_FDCWD, "/usr/lib/locale/C.utf8/LC_TELEPHONE", O_RDONLY|O_CLOEXEC) = 3
11862 openat(AT_FDCWD, "/usr/lib/locale/C.UTF-8/LC_ADDRESS", O_RDONLY|O_CLOEXEC) = -1 ENOENT (No such file or directory)
11862 openat(AT_FDCWD, "/usr/lib/locale/C.utf8/LC_ADDRESS", O_RDONLY|O_CLOEXEC) = 3
11862 openat(AT_FDCWD, "/usr/lib/locale/C.UTF-8/LC_NAME", O_RDONLY|O_CLOEXEC) = -1 ENOENT (No such file or directory)
11862 openat(AT_FDCWD, "/usr/lib/locale/C.utf8/LC_NAME", O_RDONLY|O_CLOEXEC) = 3
11862 openat(AT_FDCWD, "/usr/lib/locale/C.UTF-8/LC_PAPER", O_RDONLY|O_CLOEXEC) = -1 ENOENT (No such file or directory)
11862 openat(AT_FDCWD, "/usr/lib/locale/C.utf8/LC_PAPER", O_RDONLY|O_CLOEXEC) = 3
11862 openat(AT_FDCWD, "/usr/lib/locale/C.UTF-8/LC_MESSAGES", O_RDONLY|O_CLOEXEC) = -1 ENOENT (No such file or directory)
11862 openat(AT_FDCWD, "/usr/lib/locale/C.utf8/LC_MESSAGES", O_RDONLY|O_CLOEXEC) = 3
11862 openat(AT_FDCWD, "/usr/lib/locale/C.utf8/LC_MESSAGES/SYS_LC_MESSAGES", O_RDONLY|O_CLOEXEC) = 3
11862 openat(AT_FDCWD, "/usr/lib/locale/C.UTF-8/LC_MONETARY", O_RDONLY|O_CLOEXEC) = -1 ENOENT (No such file or directory)
11862 openat(AT_FDCWD, "/usr/lib/locale/C.utf8/LC_MONETARY", O_RDONLY|O_CLOEXEC) = 3
11862 openat(AT_FDCWD, "/usr/lib/locale/C.UTF-8/LC_COLLATE", O_RDONLY|O_CLOEXEC) = -1 ENOENT (No such file or directory)
11862 openat(AT_FDCWD, "/usr/lib/locale/C.utf8/LC_COLLATE", O_RDONLY|O_CLOEXEC) = 3
11862 openat(AT_FDCWD, "/usr/lib/locale/C.UTF-8/LC_TIME", O_RDONLY|O_CLOEXEC) = -1 ENOENT (No such file or directory)
11862 openat(AT_FDCWD, "/usr/lib/locale/C.utf8/LC_TIME", O_RDONLY|O_CLOEXEC) = 3
11862 openat(AT_FDCWD, "/usr/lib/locale/C.UTF-8/LC_NUMERIC", O_RDONLY|O_CLOEXEC) = -1 ENOENT (No such file or directory)
11862 openat(AT_FDCWD, "/usr/lib/locale/C.utf8/LC_NUMERIC", O_RDONLY|O_CLOEXEC) = 3
11862 openat(AT_FDCWD, "/usr/lib/locale/C.UTF-8/LC_CTYPE", O_RDONLY|O_CLOEXEC) = -1 ENOENT (No such file or directory)
11862 openat(AT_FDCWD, "/usr/lib/locale/C.utf8/LC_CTYPE", O_RDONLY|O_CLOEXEC) = 3
11862 openat(AT_FDCWD, "/proc/self/maps", O_RDONLY) = 3
11862 +++ exited with 0 +++
11847 --- SIGCHLD {si_signo=SIGCHLD, si_code=CLD_EXITED, si_pid=11861, si_uid=1000, si_status=0, si_utime=0, si_stime=0} ---
11864 openat(AT_FDCWD, "/nix/store/8smmj5gbhnnqaf28qxak4xv57ccgm96p-acl-2.3.2/lib/glibc-hwcaps/x86-64-v4/libacl.so.1", O_RDONLY|O_CLOEXEC) = -1 ENOENT (No such file or directory)
11864 openat(AT_FDCWD, "/nix/store/8smmj5gbhnnqaf28qxak4xv57ccgm96p-acl-2.3.2/lib/glibc-hwcaps/x86-64-v3/libacl.so.1", O_RDONLY|O_CLOEXEC) = -1 ENOENT (No such file or directory)
11864 openat(AT_FDCWD, "/nix/store/8smmj5gbhnnqaf28qxak4xv57ccgm96p-acl-2.3.2/lib/glibc-hwcaps/x86-64-v2/libacl.so.1", O_RDONLY|O_CLOEXEC) = -1 ENOENT (No such file or directory)
11864 openat(AT_FDCWD, "/nix/store/8smmj5gbhnnqaf28qxak4xv57ccgm96p-acl-2.3.2/lib/libacl.so.1", O_RDONLY|O_CLOEXEC) = 3
11864 openat(AT_FDCWD, "/nix/store/8smmj5gbhnnqaf28qxak4xv57ccgm96p-acl-2.3.2/lib/libattr.so.1", O_RDONLY|O_CLOEXEC) = -1 ENOENT (No such file or directory)
11864 openat(AT_FDCWD, "/nix/store/ik62z14lxr205b5gzfh4cjcla6gh9l6z-attr-2.5.2/lib/glibc-hwcaps/x86-64-v4/libattr.so.1", O_RDONLY|O_CLOEXEC) = -1 ENOENT (No such file or directory)
11864 openat(AT_FDCWD, "/nix/store/ik62z14lxr205b5gzfh4cjcla6gh9l6z-attr-2.5.2/lib/glibc-hwcaps/x86-64-v3/libattr.so.1", O_RDONLY|O_CLOEXEC) = -1 ENOENT (No such file or directory)
11864 openat(AT_FDCWD, "/nix/store/ik62z14lxr205b5gzfh4cjcla6gh9l6z-attr-2.5.2/lib/glibc-hwcaps/x86-64-v2/libattr.so.1", O_RDONLY|O_CLOEXEC) = -1 ENOENT (No such file or directory)
11864 openat(AT_FDCWD, "/nix/store/ik62z14lxr205b5gzfh4cjcla6gh9l6z-attr-2.5.2/lib/libattr.so.1", O_RDONLY|O_CLOEXEC <unfinished ...>
11865 openat(AT_FDCWD, "/nix/store/8smmj5gbhnnqaf28qxak4xv57ccgm96p-acl-2.3.2/lib/glibc-hwcaps/x86-64-v4/libacl.so.1", O_RDONLY|O_CLOEXEC) = -1 ENOENT (No such file or directory)
11865 openat(AT_FDCWD, "/nix/store/8smmj5gbhnnqaf28qxak4xv57ccgm96p-acl-2.3.2/lib/glibc-hwcaps/x86-64-v3/libacl.so.1", O_RDONLY|O_CLOEXEC) = -1 ENOENT (No such file or directory)
11865 openat(AT_FDCWD, "/nix/store/8smmj5gbhnnqaf28qxak4xv57ccgm96p-acl-2.3.2/lib/glibc-hwcaps/x86-64-v2/libacl.so.1", O_RDONLY|O_CLOEXEC) = -1 ENOENT (No such file or directory)
11864 <... openat resumed>)             = 3
11865 openat(AT_FDCWD, "/nix/store/8smmj5gbhnnqaf28qxak4xv57ccgm96p-acl-2.3.2/lib/libacl.so.1", O_RDONLY|O_CLOEXEC) = 3
11865 openat(AT_FDCWD, "/nix/store/8smmj5gbhnnqaf28qxak4xv57ccgm96p-acl-2.3.2/lib/libattr.so.1", O_RDONLY|O_CLOEXEC) = -1 ENOENT (No such file or directory)
11865 openat(AT_FDCWD, "/nix/store/ik62z14lxr205b5gzfh4cjcla6gh9l6z-attr-2.5.2/lib/glibc-hwcaps/x86-64-v4/libattr.so.1", O_RDONLY|O_CLOEXEC) = -1 ENOENT (No such file or directory)
11865 openat(AT_FDCWD, "/nix/store/ik62z14lxr205b5gzfh4cjcla6gh9l6z-attr-2.5.2/lib/glibc-hwcaps/x86-64-v3/libattr.so.1", O_RDONLY|O_CLOEXEC) = -1 ENOENT (No such file or directory)
11865 openat(AT_FDCWD, "/nix/store/ik62z14lxr205b5gzfh4cjcla6gh9l6z-attr-2.5.2/lib/glibc-hwcaps/x86-64-v2/libattr.so.1", O_RDONLY|O_CLOEXEC) = -1 ENOENT (No such file or directory)
11865 openat(AT_FDCWD, "/nix/store/ik62z14lxr205b5gzfh4cjcla6gh9l6z-attr-2.5.2/lib/libattr.so.1", O_RDONLY|O_CLOEXEC <unfinished ...>
11864 openat(AT_FDCWD, "/nix/store/8smmj5gbhnnqaf28qxak4xv57ccgm96p-acl-2.3.2/lib/libgmp.so.10", O_RDONLY|O_CLOEXEC <unfinished ...>
11865 <... openat resumed>)             = 3
11864 <... openat resumed>)             = -1 ENOENT (No such file or directory)
11864 openat(AT_FDCWD, "/nix/store/ik62z14lxr205b5gzfh4cjcla6gh9l6z-attr-2.5.2/lib/libgmp.so.10", O_RDONLY|O_CLOEXEC) = -1 ENOENT (No such file or directory)
11864 openat(AT_FDCWD, "/nix/store/x477rxqxm6cgsz0s8w05zkp1xl3ssp92-gmp-with-cxx-6.3.0/lib/glibc-hwcaps/x86-64-v4/libgmp.so.10", O_RDONLY|O_CLOEXEC) = -1 ENOENT (No such file or directory)
11864 openat(AT_FDCWD, "/nix/store/x477rxqxm6cgsz0s8w05zkp1xl3ssp92-gmp-with-cxx-6.3.0/lib/glibc-hwcaps/x86-64-v3/libgmp.so.10", O_RDONLY|O_CLOEXEC) = -1 ENOENT (No such file or directory)
11864 openat(AT_FDCWD, "/nix/store/x477rxqxm6cgsz0s8w05zkp1xl3ssp92-gmp-with-cxx-6.3.0/lib/glibc-hwcaps/x86-64-v2/libgmp.so.10", O_RDONLY|O_CLOEXEC <unfinished ...>
11865 openat(AT_FDCWD, "/nix/store/8smmj5gbhnnqaf28qxak4xv57ccgm96p-acl-2.3.2/lib/libgmp.so.10", O_RDONLY|O_CLOEXEC <unfinished ...>
11864 <... openat resumed>)             = -1 ENOENT (No such file or directory)
11865 <... openat resumed>)             = -1 ENOENT (No such file or directory)
11865 openat(AT_FDCWD, "/nix/store/ik62z14lxr205b5gzfh4cjcla6gh9l6z-attr-2.5.2/lib/libgmp.so.10", O_RDONLY|O_CLOEXEC) = -1 ENOENT (No such file or directory)
11864 openat(AT_FDCWD, "/nix/store/x477rxqxm6cgsz0s8w05zkp1xl3ssp92-gmp-with-cxx-6.3.0/lib/libgmp.so.10", O_RDONLY|O_CLOEXEC <unfinished ...>
11865 openat(AT_FDCWD, "/nix/store/x477rxqxm6cgsz0s8w05zkp1xl3ssp92-gmp-with-cxx-6.3.0/lib/glibc-hwcaps/x86-64-v4/libgmp.so.10", O_RDONLY|O_CLOEXEC <unfinished ...>
11864 <... openat resumed>)             = 3
11865 <... openat resumed>)             = -1 ENOENT (No such file or directory)
11865 openat(AT_FDCWD, "/nix/store/x477rxqxm6cgsz0s8w05zkp1xl3ssp92-gmp-with-cxx-6.3.0/lib/glibc-hwcaps/x86-64-v3/libgmp.so.10", O_RDONLY|O_CLOEXEC) = -1 ENOENT (No such file or directory)
11865 openat(AT_FDCWD, "/nix/store/x477rxqxm6cgsz0s8w05zkp1xl3ssp92-gmp-with-cxx-6.3.0/lib/glibc-hwcaps/x86-64-v2/libgmp.so.10", O_RDONLY|O_CLOEXEC) = -1 ENOENT (No such file or directory)
11865 openat(AT_FDCWD, "/nix/store/x477rxqxm6cgsz0s8w05zkp1xl3ssp92-gmp-with-cxx-6.3.0/lib/libgmp.so.10", O_RDONLY|O_CLOEXEC) = 3
11864 openat(AT_FDCWD, "/nix/store/8smmj5gbhnnqaf28qxak4xv57ccgm96p-acl-2.3.2/lib/libc.so.6", O_RDONLY|O_CLOEXEC) = -1 ENOENT (No such file or directory)
11864 openat(AT_FDCWD, "/nix/store/ik62z14lxr205b5gzfh4cjcla6gh9l6z-attr-2.5.2/lib/libc.so.6", O_RDONLY|O_CLOEXEC) = -1 ENOENT (No such file or directory)
11864 openat(AT_FDCWD, "/nix/store/x477rxqxm6cgsz0s8w05zkp1xl3ssp92-gmp-with-cxx-6.3.0/lib/libc.so.6", O_RDONLY|O_CLOEXEC) = -1 ENOENT (No such file or directory)
11864 openat(AT_FDCWD, "/nix/store/g8zyryr9cr6540xsyg4avqkwgxpnwj2a-glibc-2.40-66/lib/glibc-hwcaps/x86-64-v4/libc.so.6", O_RDONLY|O_CLOEXEC) = -1 ENOENT (No such file or directory)
11865 openat(AT_FDCWD, "/nix/store/8smmj5gbhnnqaf28qxak4xv57ccgm96p-acl-2.3.2/lib/libc.so.6", O_RDONLY|O_CLOEXEC <unfinished ...>
11864 openat(AT_FDCWD, "/nix/store/g8zyryr9cr6540xsyg4avqkwgxpnwj2a-glibc-2.40-66/lib/glibc-hwcaps/x86-64-v3/libc.so.6", O_RDONLY|O_CLOEXEC <unfinished ...>
11865 <... openat resumed>)             = -1 ENOENT (No such file or directory)
11864 <... openat resumed>)             = -1 ENOENT (No such file or directory)
11865 openat(AT_FDCWD, "/nix/store/ik62z14lxr205b5gzfh4cjcla6gh9l6z-attr-2.5.2/lib/libc.so.6", O_RDONLY|O_CLOEXEC) = -1 ENOENT (No such file or directory)
11865 openat(AT_FDCWD, "/nix/store/x477rxqxm6cgsz0s8w05zkp1xl3ssp92-gmp-with-cxx-6.3.0/lib/libc.so.6", O_RDONLY|O_CLOEXEC <unfinished ...>
11864 openat(AT_FDCWD, "/nix/store/g8zyryr9cr6540xsyg4avqkwgxpnwj2a-glibc-2.40-66/lib/glibc-hwcaps/x86-64-v2/libc.so.6", O_RDONLY|O_CLOEXEC <unfinished ...>
11865 <... openat resumed>)             = -1 ENOENT (No such file or directory)
11864 <... openat resumed>)             = -1 ENOENT (No such file or directory)
11865 openat(AT_FDCWD, "/nix/store/g8zyryr9cr6540xsyg4avqkwgxpnwj2a-glibc-2.40-66/lib/glibc-hwcaps/x86-64-v4/libc.so.6", O_RDONLY|O_CLOEXEC) = -1 ENOENT (No such file or directory)
11864 openat(AT_FDCWD, "/nix/store/g8zyryr9cr6540xsyg4avqkwgxpnwj2a-glibc-2.40-66/lib/libc.so.6", O_RDONLY|O_CLOEXEC <unfinished ...>
11865 openat(AT_FDCWD, "/nix/store/g8zyryr9cr6540xsyg4avqkwgxpnwj2a-glibc-2.40-66/lib/glibc-hwcaps/x86-64-v3/libc.so.6", O_RDONLY|O_CLOEXEC <unfinished ...>
11864 <... openat resumed>)             = 3
11865 <... openat resumed>)             = -1 ENOENT (No such file or directory)
11865 openat(AT_FDCWD, "/nix/store/g8zyryr9cr6540xsyg4avqkwgxpnwj2a-glibc-2.40-66/lib/glibc-hwcaps/x86-64-v2/libc.so.6", O_RDONLY|O_CLOEXEC) = -1 ENOENT (No such file or directory)
11865 openat(AT_FDCWD, "/nix/store/g8zyryr9cr6540xsyg4avqkwgxpnwj2a-glibc-2.40-66/lib/libc.so.6", O_RDONLY|O_CLOEXEC) = 3
11864 openat(AT_FDCWD, "/run/current-system/sw/lib/locale/locale-archive", O_RDONLY|O_CLOEXEC) = -1 ENOENT (No such file or directory)
11864 openat(AT_FDCWD, "/usr/lib/locale/locale-archive", O_RDONLY|O_CLOEXEC) = 3
11865 openat(AT_FDCWD, "/run/current-system/sw/lib/locale/locale-archive", O_RDONLY|O_CLOEXEC) = -1 ENOENT (No such file or directory)
11865 openat(AT_FDCWD, "/usr/lib/locale/locale-archive", O_RDONLY|O_CLOEXEC) = 3
11865 openat(AT_FDCWD, "/nix/store/g8zyryr9cr6540xsyg4avqkwgxpnwj2a-glibc-2.40-66/share/locale/locale.alias", O_RDONLY|O_CLOEXEC) = 3
11864 openat(AT_FDCWD, "/nix/store/g8zyryr9cr6540xsyg4avqkwgxpnwj2a-glibc-2.40-66/share/locale/locale.alias", O_RDONLY|O_CLOEXEC) = 3
11865 openat(AT_FDCWD, "/nix/store/g8zyryr9cr6540xsyg4avqkwgxpnwj2a-glibc-2.40-66/lib/locale/C.UTF-8/LC_IDENTIFICATION", O_RDONLY|O_CLOEXEC) = -1 ENOENT (No such file or directory)
11865 openat(AT_FDCWD, "/nix/store/g8zyryr9cr6540xsyg4avqkwgxpnwj2a-glibc-2.40-66/lib/locale/C.utf8/LC_IDENTIFICATION", O_RDONLY|O_CLOEXEC) = 3
11864 openat(AT_FDCWD, "/nix/store/g8zyryr9cr6540xsyg4avqkwgxpnwj2a-glibc-2.40-66/lib/locale/C.UTF-8/LC_IDENTIFICATION", O_RDONLY|O_CLOEXEC) = -1 ENOENT (No such file or directory)
11864 openat(AT_FDCWD, "/nix/store/g8zyryr9cr6540xsyg4avqkwgxpnwj2a-glibc-2.40-66/lib/locale/C.utf8/LC_IDENTIFICATION", O_RDONLY|O_CLOEXEC <unfinished ...>
11865 openat(AT_FDCWD, "/nix/store/g8zyryr9cr6540xsyg4avqkwgxpnwj2a-glibc-2.40-66/lib/gconv/gconv-modules.cache", O_RDONLY|O_CLOEXEC <unfinished ...>
11864 <... openat resumed>)             = 3
11865 <... openat resumed>)             = -1 ENOENT (No such file or directory)
11865 openat(AT_FDCWD, "/nix/store/g8zyryr9cr6540xsyg4avqkwgxpnwj2a-glibc-2.40-66/lib/gconv/gconv-modules", O_RDONLY|O_CLOEXEC) = 3
11864 openat(AT_FDCWD, "/nix/store/g8zyryr9cr6540xsyg4avqkwgxpnwj2a-glibc-2.40-66/lib/gconv/gconv-modules.cache", O_RDONLY|O_CLOEXEC) = -1 ENOENT (No such file or directory)
11864 openat(AT_FDCWD, "/nix/store/g8zyryr9cr6540xsyg4avqkwgxpnwj2a-glibc-2.40-66/lib/gconv/gconv-modules", O_RDONLY|O_CLOEXEC) = 3
11865 openat(AT_FDCWD, "/nix/store/g8zyryr9cr6540xsyg4avqkwgxpnwj2a-glibc-2.40-66/lib/gconv/gconv-modules.d", O_RDONLY|O_NONBLOCK|O_CLOEXEC|O_DIRECTORY) = 3
11864 openat(AT_FDCWD, "/nix/store/g8zyryr9cr6540xsyg4avqkwgxpnwj2a-glibc-2.40-66/lib/gconv/gconv-modules.d", O_RDONLY|O_NONBLOCK|O_CLOEXEC|O_DIRECTORY) = 3
11864 openat(AT_FDCWD, "/nix/store/g8zyryr9cr6540xsyg4avqkwgxpnwj2a-glibc-2.40-66/lib/gconv/gconv-modules.d/gconv-modules-extra.conf", O_RDONLY|O_CLOEXEC <unfinished ...>
11865 openat(AT_FDCWD, "/nix/store/g8zyryr9cr6540xsyg4avqkwgxpnwj2a-glibc-2.40-66/lib/gconv/gconv-modules.d/gconv-modules-extra.conf", O_RDONLY|O_CLOEXEC) = 4
11864 <... openat resumed>)             = 4
11865 openat(AT_FDCWD, "/nix/store/g8zyryr9cr6540xsyg4avqkwgxpnwj2a-glibc-2.40-66/lib/locale/C.UTF-8/LC_MEASUREMENT", O_RDONLY|O_CLOEXEC) = -1 ENOENT (No such file or directory)
11865 openat(AT_FDCWD, "/nix/store/g8zyryr9cr6540xsyg4avqkwgxpnwj2a-glibc-2.40-66/lib/locale/C.utf8/LC_MEASUREMENT", O_RDONLY|O_CLOEXEC) = 3
11865 openat(AT_FDCWD, "/nix/store/g8zyryr9cr6540xsyg4avqkwgxpnwj2a-glibc-2.40-66/lib/locale/C.UTF-8/LC_TELEPHONE", O_RDONLY|O_CLOEXEC) = -1 ENOENT (No such file or directory)
11865 openat(AT_FDCWD, "/nix/store/g8zyryr9cr6540xsyg4avqkwgxpnwj2a-glibc-2.40-66/lib/locale/C.utf8/LC_TELEPHONE", O_RDONLY|O_CLOEXEC <unfinished ...>
11864 openat(AT_FDCWD, "/nix/store/g8zyryr9cr6540xsyg4avqkwgxpnwj2a-glibc-2.40-66/lib/locale/C.UTF-8/LC_MEASUREMENT", O_RDONLY|O_CLOEXEC <unfinished ...>
11865 <... openat resumed>)             = 3
11864 <... openat resumed>)             = -1 ENOENT (No such file or directory)
11864 openat(AT_FDCWD, "/nix/store/g8zyryr9cr6540xsyg4avqkwgxpnwj2a-glibc-2.40-66/lib/locale/C.utf8/LC_MEASUREMENT", O_RDONLY|O_CLOEXEC) = 3
11865 openat(AT_FDCWD, "/nix/store/g8zyryr9cr6540xsyg4avqkwgxpnwj2a-glibc-2.40-66/lib/locale/C.UTF-8/LC_ADDRESS", O_RDONLY|O_CLOEXEC) = -1 ENOENT (No such file or directory)
11865 openat(AT_FDCWD, "/nix/store/g8zyryr9cr6540xsyg4avqkwgxpnwj2a-glibc-2.40-66/lib/locale/C.utf8/LC_ADDRESS", O_RDONLY|O_CLOEXEC) = 3
11864 openat(AT_FDCWD, "/nix/store/g8zyryr9cr6540xsyg4avqkwgxpnwj2a-glibc-2.40-66/lib/locale/C.UTF-8/LC_TELEPHONE", O_RDONLY|O_CLOEXEC) = -1 ENOENT (No such file or directory)
11864 openat(AT_FDCWD, "/nix/store/g8zyryr9cr6540xsyg4avqkwgxpnwj2a-glibc-2.40-66/lib/locale/C.utf8/LC_TELEPHONE", O_RDONLY|O_CLOEXEC) = 3
11865 openat(AT_FDCWD, "/nix/store/g8zyryr9cr6540xsyg4avqkwgxpnwj2a-glibc-2.40-66/lib/locale/C.UTF-8/LC_NAME", O_RDONLY|O_CLOEXEC) = -1 ENOENT (No such file or directory)
11865 openat(AT_FDCWD, "/nix/store/g8zyryr9cr6540xsyg4avqkwgxpnwj2a-glibc-2.40-66/lib/locale/C.utf8/LC_NAME", O_RDONLY|O_CLOEXEC) = 3
11864 openat(AT_FDCWD, "/nix/store/g8zyryr9cr6540xsyg4avqkwgxpnwj2a-glibc-2.40-66/lib/locale/C.UTF-8/LC_ADDRESS", O_RDONLY|O_CLOEXEC) = -1 ENOENT (No such file or directory)
11864 openat(AT_FDCWD, "/nix/store/g8zyryr9cr6540xsyg4avqkwgxpnwj2a-glibc-2.40-66/lib/locale/C.utf8/LC_ADDRESS", O_RDONLY|O_CLOEXEC <unfinished ...>
11865 openat(AT_FDCWD, "/nix/store/g8zyryr9cr6540xsyg4avqkwgxpnwj2a-glibc-2.40-66/lib/locale/C.UTF-8/LC_PAPER", O_RDONLY|O_CLOEXEC <unfinished ...>
11864 <... openat resumed>)             = 3
11865 <... openat resumed>)             = -1 ENOENT (No such file or directory)
11865 openat(AT_FDCWD, "/nix/store/g8zyryr9cr6540xsyg4avqkwgxpnwj2a-glibc-2.40-66/lib/locale/C.utf8/LC_PAPER", O_RDONLY|O_CLOEXEC) = 3
11864 openat(AT_FDCWD, "/nix/store/g8zyryr9cr6540xsyg4avqkwgxpnwj2a-glibc-2.40-66/lib/locale/C.UTF-8/LC_NAME", O_RDONLY|O_CLOEXEC) = -1 ENOENT (No such file or directory)
11864 openat(AT_FDCWD, "/nix/store/g8zyryr9cr6540xsyg4avqkwgxpnwj2a-glibc-2.40-66/lib/locale/C.utf8/LC_NAME", O_RDONLY|O_CLOEXEC <unfinished ...>
11865 openat(AT_FDCWD, "/nix/store/g8zyryr9cr6540xsyg4avqkwgxpnwj2a-glibc-2.40-66/lib/locale/C.UTF-8/LC_MESSAGES", O_RDONLY|O_CLOEXEC) = -1 ENOENT (No such file or directory)
11864 <... openat resumed>)             = 3
11865 openat(AT_FDCWD, "/nix/store/g8zyryr9cr6540xsyg4avqkwgxpnwj2a-glibc-2.40-66/lib/locale/C.utf8/LC_MESSAGES", O_RDONLY|O_CLOEXEC) = 3
11865 openat(AT_FDCWD, "/nix/store/g8zyryr9cr6540xsyg4avqkwgxpnwj2a-glibc-2.40-66/lib/locale/C.utf8/LC_MESSAGES/SYS_LC_MESSAGES", O_RDONLY|O_CLOEXEC <unfinished ...>
11864 openat(AT_FDCWD, "/nix/store/g8zyryr9cr6540xsyg4avqkwgxpnwj2a-glibc-2.40-66/lib/locale/C.UTF-8/LC_PAPER", O_RDONLY|O_CLOEXEC <unfinished ...>
11865 <... openat resumed>)             = 3
11864 <... openat resumed>)             = -1 ENOENT (No such file or directory)
11864 openat(AT_FDCWD, "/nix/store/g8zyryr9cr6540xsyg4avqkwgxpnwj2a-glibc-2.40-66/lib/locale/C.utf8/LC_PAPER", O_RDONLY|O_CLOEXEC) = 3
11865 openat(AT_FDCWD, "/nix/store/g8zyryr9cr6540xsyg4avqkwgxpnwj2a-glibc-2.40-66/lib/locale/C.UTF-8/LC_MONETARY", O_RDONLY|O_CLOEXEC) = -1 ENOENT (No such file or directory)
11865 openat(AT_FDCWD, "/nix/store/g8zyryr9cr6540xsyg4avqkwgxpnwj2a-glibc-2.40-66/lib/locale/C.utf8/LC_MONETARY", O_RDONLY|O_CLOEXEC) = 3
11864 openat(AT_FDCWD, "/nix/store/g8zyryr9cr6540xsyg4avqkwgxpnwj2a-glibc-2.40-66/lib/locale/C.UTF-8/LC_MESSAGES", O_RDONLY|O_CLOEXEC) = -1 ENOENT (No such file or directory)
11864 openat(AT_FDCWD, "/nix/store/g8zyryr9cr6540xsyg4avqkwgxpnwj2a-glibc-2.40-66/lib/locale/C.utf8/LC_MESSAGES", O_RDONLY|O_CLOEXEC) = 3
11865 openat(AT_FDCWD, "/nix/store/g8zyryr9cr6540xsyg4avqkwgxpnwj2a-glibc-2.40-66/lib/locale/C.UTF-8/LC_COLLATE", O_RDONLY|O_CLOEXEC) = -1 ENOENT (No such file or directory)
11865 openat(AT_FDCWD, "/nix/store/g8zyryr9cr6540xsyg4avqkwgxpnwj2a-glibc-2.40-66/lib/locale/C.utf8/LC_COLLATE", O_RDONLY|O_CLOEXEC <unfinished ...>
11864 openat(AT_FDCWD, "/nix/store/g8zyryr9cr6540xsyg4avqkwgxpnwj2a-glibc-2.40-66/lib/locale/C.utf8/LC_MESSAGES/SYS_LC_MESSAGES", O_RDONLY|O_CLOEXEC <unfinished ...>
11865 <... openat resumed>)             = 3
11864 <... openat resumed>)             = 3
11865 openat(AT_FDCWD, "/nix/store/g8zyryr9cr6540xsyg4avqkwgxpnwj2a-glibc-2.40-66/lib/locale/C.UTF-8/LC_TIME", O_RDONLY|O_CLOEXEC) = -1 ENOENT (No such file or directory)
11865 openat(AT_FDCWD, "/nix/store/g8zyryr9cr6540xsyg4avqkwgxpnwj2a-glibc-2.40-66/lib/locale/C.utf8/LC_TIME", O_RDONLY|O_CLOEXEC <unfinished ...>
11864 openat(AT_FDCWD, "/nix/store/g8zyryr9cr6540xsyg4avqkwgxpnwj2a-glibc-2.40-66/lib/locale/C.UTF-8/LC_MONETARY", O_RDONLY|O_CLOEXEC <unfinished ...>
11865 <... openat resumed>)             = 3
11864 <... openat resumed>)             = -1 ENOENT (No such file or directory)
11864 openat(AT_FDCWD, "/nix/store/g8zyryr9cr6540xsyg4avqkwgxpnwj2a-glibc-2.40-66/lib/locale/C.utf8/LC_MONETARY", O_RDONLY|O_CLOEXEC) = 3
11865 openat(AT_FDCWD, "/nix/store/g8zyryr9cr6540xsyg4avqkwgxpnwj2a-glibc-2.40-66/lib/locale/C.UTF-8/LC_NUMERIC", O_RDONLY|O_CLOEXEC) = -1 ENOENT (No such file or directory)
11865 openat(AT_FDCWD, "/nix/store/g8zyryr9cr6540xsyg4avqkwgxpnwj2a-glibc-2.40-66/lib/locale/C.utf8/LC_NUMERIC", O_RDONLY|O_CLOEXEC) = 3
11864 openat(AT_FDCWD, "/nix/store/g8zyryr9cr6540xsyg4avqkwgxpnwj2a-glibc-2.40-66/lib/locale/C.UTF-8/LC_COLLATE", O_RDONLY|O_CLOEXEC) = -1 ENOENT (No such file or directory)
11865 openat(AT_FDCWD, "/nix/store/g8zyryr9cr6540xsyg4avqkwgxpnwj2a-glibc-2.40-66/lib/locale/C.UTF-8/LC_CTYPE", O_RDONLY|O_CLOEXEC <unfinished ...>
11864 openat(AT_FDCWD, "/nix/store/g8zyryr9cr6540xsyg4avqkwgxpnwj2a-glibc-2.40-66/lib/locale/C.utf8/LC_COLLATE", O_RDONLY|O_CLOEXEC <unfinished ...>
11865 <... openat resumed>)             = -1 ENOENT (No such file or directory)
11865 openat(AT_FDCWD, "/nix/store/g8zyryr9cr6540xsyg4avqkwgxpnwj2a-glibc-2.40-66/lib/locale/C.utf8/LC_CTYPE", O_RDONLY|O_CLOEXEC <unfinished ...>
11864 <... openat resumed>)             = 3
11865 <... openat resumed>)             = 3
11864 openat(AT_FDCWD, "/nix/store/g8zyryr9cr6540xsyg4avqkwgxpnwj2a-glibc-2.40-66/lib/locale/C.UTF-8/LC_TIME", O_RDONLY|O_CLOEXEC) = -1 ENOENT (No such file or directory)
11864 openat(AT_FDCWD, "/nix/store/g8zyryr9cr6540xsyg4avqkwgxpnwj2a-glibc-2.40-66/lib/locale/C.utf8/LC_TIME", O_RDONLY|O_CLOEXEC) = 3
11864 openat(AT_FDCWD, "/nix/store/g8zyryr9cr6540xsyg4avqkwgxpnwj2a-glibc-2.40-66/lib/locale/C.UTF-8/LC_NUMERIC", O_RDONLY|O_CLOEXEC) = -1 ENOENT (No such file or directory)
11864 openat(AT_FDCWD, "/nix/store/g8zyryr9cr6540xsyg4avqkwgxpnwj2a-glibc-2.40-66/lib/locale/C.utf8/LC_NUMERIC", O_RDONLY|O_CLOEXEC) = 3
11864 openat(AT_FDCWD, "/nix/store/g8zyryr9cr6540xsyg4avqkwgxpnwj2a-glibc-2.40-66/lib/locale/C.UTF-8/LC_CTYPE", O_RDONLY|O_CLOEXEC) = -1 ENOENT (No such file or directory)
11864 openat(AT_FDCWD, "/nix/store/g8zyryr9cr6540xsyg4avqkwgxpnwj2a-glibc-2.40-66/lib/locale/C.utf8/LC_CTYPE", O_RDONLY|O_CLOEXEC) = 3
11864 openat(AT_FDCWD, "reports/e3-apertura-preparada-20260922/release-assets.sha256", O_RDONLY) = 3
11864 +++ exited with 0 +++
11865 +++ exited with 0 +++
11863 --- SIGCHLD {si_signo=SIGCHLD, si_code=CLD_EXITED, si_pid=11864, si_uid=1000, si_status=0, si_utime=0, si_stime=0} ---
11863 +++ exited with 0 +++
11847 --- SIGCHLD {si_signo=SIGCHLD, si_code=CLD_EXITED, si_pid=11863, si_uid=1000, si_status=0, si_utime=0, si_stime=0} ---
11866 openat(AT_FDCWD, "/nix/store/8smmj5gbhnnqaf28qxak4xv57ccgm96p-acl-2.3.2/lib/glibc-hwcaps/x86-64-v4/libacl.so.1", O_RDONLY|O_CLOEXEC) = -1 ENOENT (No such file or directory)
11866 openat(AT_FDCWD, "/nix/store/8smmj5gbhnnqaf28qxak4xv57ccgm96p-acl-2.3.2/lib/glibc-hwcaps/x86-64-v3/libacl.so.1", O_RDONLY|O_CLOEXEC) = -1 ENOENT (No such file or directory)
11866 openat(AT_FDCWD, "/nix/store/8smmj5gbhnnqaf28qxak4xv57ccgm96p-acl-2.3.2/lib/glibc-hwcaps/x86-64-v2/libacl.so.1", O_RDONLY|O_CLOEXEC) = -1 ENOENT (No such file or directory)
11866 openat(AT_FDCWD, "/nix/store/8smmj5gbhnnqaf28qxak4xv57ccgm96p-acl-2.3.2/lib/libacl.so.1", O_RDONLY|O_CLOEXEC) = 3
11866 openat(AT_FDCWD, "/nix/store/8smmj5gbhnnqaf28qxak4xv57ccgm96p-acl-2.3.2/lib/libattr.so.1", O_RDONLY|O_CLOEXEC) = -1 ENOENT (No such file or directory)
11866 openat(AT_FDCWD, "/nix/store/ik62z14lxr205b5gzfh4cjcla6gh9l6z-attr-2.5.2/lib/glibc-hwcaps/x86-64-v4/libattr.so.1", O_RDONLY|O_CLOEXEC) = -1 ENOENT (No such file or directory)
11866 openat(AT_FDCWD, "/nix/store/ik62z14lxr205b5gzfh4cjcla6gh9l6z-attr-2.5.2/lib/glibc-hwcaps/x86-64-v3/libattr.so.1", O_RDONLY|O_CLOEXEC) = -1 ENOENT (No such file or directory)
11866 openat(AT_FDCWD, "/nix/store/ik62z14lxr205b5gzfh4cjcla6gh9l6z-attr-2.5.2/lib/glibc-hwcaps/x86-64-v2/libattr.so.1", O_RDONLY|O_CLOEXEC) = -1 ENOENT (No such file or directory)
11866 openat(AT_FDCWD, "/nix/store/ik62z14lxr205b5gzfh4cjcla6gh9l6z-attr-2.5.2/lib/libattr.so.1", O_RDONLY|O_CLOEXEC) = 3
11866 openat(AT_FDCWD, "/nix/store/8smmj5gbhnnqaf28qxak4xv57ccgm96p-acl-2.3.2/lib/libgmp.so.10", O_RDONLY|O_CLOEXEC) = -1 ENOENT (No such file or directory)
11866 openat(AT_FDCWD, "/nix/store/ik62z14lxr205b5gzfh4cjcla6gh9l6z-attr-2.5.2/lib/libgmp.so.10", O_RDONLY|O_CLOEXEC) = -1 ENOENT (No such file or directory)
11866 openat(AT_FDCWD, "/nix/store/x477rxqxm6cgsz0s8w05zkp1xl3ssp92-gmp-with-cxx-6.3.0/lib/glibc-hwcaps/x86-64-v4/libgmp.so.10", O_RDONLY|O_CLOEXEC) = -1 ENOENT (No such file or directory)
11866 openat(AT_FDCWD, "/nix/store/x477rxqxm6cgsz0s8w05zkp1xl3ssp92-gmp-with-cxx-6.3.0/lib/glibc-hwcaps/x86-64-v3/libgmp.so.10", O_RDONLY|O_CLOEXEC) = -1 ENOENT (No such file or directory)
11866 openat(AT_FDCWD, "/nix/store/x477rxqxm6cgsz0s8w05zkp1xl3ssp92-gmp-with-cxx-6.3.0/lib/glibc-hwcaps/x86-64-v2/libgmp.so.10", O_RDONLY|O_CLOEXEC) = -1 ENOENT (No such file or directory)
11866 openat(AT_FDCWD, "/nix/store/x477rxqxm6cgsz0s8w05zkp1xl3ssp92-gmp-with-cxx-6.3.0/lib/libgmp.so.10", O_RDONLY|O_CLOEXEC) = 3
11866 openat(AT_FDCWD, "/nix/store/8smmj5gbhnnqaf28qxak4xv57ccgm96p-acl-2.3.2/lib/libc.so.6", O_RDONLY|O_CLOEXEC) = -1 ENOENT (No such file or directory)
11866 openat(AT_FDCWD, "/nix/store/ik62z14lxr205b5gzfh4cjcla6gh9l6z-attr-2.5.2/lib/libc.so.6", O_RDONLY|O_CLOEXEC) = -1 ENOENT (No such file or directory)
11866 openat(AT_FDCWD, "/nix/store/x477rxqxm6cgsz0s8w05zkp1xl3ssp92-gmp-with-cxx-6.3.0/lib/libc.so.6", O_RDONLY|O_CLOEXEC) = -1 ENOENT (No such file or directory)
11866 openat(AT_FDCWD, "/nix/store/g8zyryr9cr6540xsyg4avqkwgxpnwj2a-glibc-2.40-66/lib/glibc-hwcaps/x86-64-v4/libc.so.6", O_RDONLY|O_CLOEXEC) = -1 ENOENT (No such file or directory)
11866 openat(AT_FDCWD, "/nix/store/g8zyryr9cr6540xsyg4avqkwgxpnwj2a-glibc-2.40-66/lib/glibc-hwcaps/x86-64-v3/libc.so.6", O_RDONLY|O_CLOEXEC) = -1 ENOENT (No such file or directory)
11866 openat(AT_FDCWD, "/nix/store/g8zyryr9cr6540xsyg4avqkwgxpnwj2a-glibc-2.40-66/lib/glibc-hwcaps/x86-64-v2/libc.so.6", O_RDONLY|O_CLOEXEC) = -1 ENOENT (No such file or directory)
11866 openat(AT_FDCWD, "/nix/store/g8zyryr9cr6540xsyg4avqkwgxpnwj2a-glibc-2.40-66/lib/libc.so.6", O_RDONLY|O_CLOEXEC) = 3
11866 openat(AT_FDCWD, "/run/current-system/sw/lib/locale/locale-archive", O_RDONLY|O_CLOEXEC) = -1 ENOENT (No such file or directory)
11866 openat(AT_FDCWD, "/usr/lib/locale/locale-archive", O_RDONLY|O_CLOEXEC) = 3
11866 openat(AT_FDCWD, "/nix/store/g8zyryr9cr6540xsyg4avqkwgxpnwj2a-glibc-2.40-66/share/locale/locale.alias", O_RDONLY|O_CLOEXEC) = 3
11866 openat(AT_FDCWD, "/nix/store/g8zyryr9cr6540xsyg4avqkwgxpnwj2a-glibc-2.40-66/lib/locale/C.UTF-8/LC_IDENTIFICATION", O_RDONLY|O_CLOEXEC) = -1 ENOENT (No such file or directory)
11866 openat(AT_FDCWD, "/nix/store/g8zyryr9cr6540xsyg4avqkwgxpnwj2a-glibc-2.40-66/lib/locale/C.utf8/LC_IDENTIFICATION", O_RDONLY|O_CLOEXEC) = 3
11866 openat(AT_FDCWD, "/nix/store/g8zyryr9cr6540xsyg4avqkwgxpnwj2a-glibc-2.40-66/lib/gconv/gconv-modules.cache", O_RDONLY|O_CLOEXEC) = -1 ENOENT (No such file or directory)
11866 openat(AT_FDCWD, "/nix/store/g8zyryr9cr6540xsyg4avqkwgxpnwj2a-glibc-2.40-66/lib/gconv/gconv-modules", O_RDONLY|O_CLOEXEC) = 3
11866 openat(AT_FDCWD, "/nix/store/g8zyryr9cr6540xsyg4avqkwgxpnwj2a-glibc-2.40-66/lib/gconv/gconv-modules.d", O_RDONLY|O_NONBLOCK|O_CLOEXEC|O_DIRECTORY) = 3
11866 openat(AT_FDCWD, "/nix/store/g8zyryr9cr6540xsyg4avqkwgxpnwj2a-glibc-2.40-66/lib/gconv/gconv-modules.d/gconv-modules-extra.conf", O_RDONLY|O_CLOEXEC) = 4
11866 openat(AT_FDCWD, "/nix/store/g8zyryr9cr6540xsyg4avqkwgxpnwj2a-glibc-2.40-66/lib/locale/C.UTF-8/LC_MEASUREMENT", O_RDONLY|O_CLOEXEC) = -1 ENOENT (No such file or directory)
11866 openat(AT_FDCWD, "/nix/store/g8zyryr9cr6540xsyg4avqkwgxpnwj2a-glibc-2.40-66/lib/locale/C.utf8/LC_MEASUREMENT", O_RDONLY|O_CLOEXEC) = 3
11866 openat(AT_FDCWD, "/nix/store/g8zyryr9cr6540xsyg4avqkwgxpnwj2a-glibc-2.40-66/lib/locale/C.UTF-8/LC_TELEPHONE", O_RDONLY|O_CLOEXEC) = -1 ENOENT (No such file or directory)
11866 openat(AT_FDCWD, "/nix/store/g8zyryr9cr6540xsyg4avqkwgxpnwj2a-glibc-2.40-66/lib/locale/C.utf8/LC_TELEPHONE", O_RDONLY|O_CLOEXEC) = 3
11866 openat(AT_FDCWD, "/nix/store/g8zyryr9cr6540xsyg4avqkwgxpnwj2a-glibc-2.40-66/lib/locale/C.UTF-8/LC_ADDRESS", O_RDONLY|O_CLOEXEC) = -1 ENOENT (No such file or directory)
11866 openat(AT_FDCWD, "/nix/store/g8zyryr9cr6540xsyg4avqkwgxpnwj2a-glibc-2.40-66/lib/locale/C.utf8/LC_ADDRESS", O_RDONLY|O_CLOEXEC) = 3
11866 openat(AT_FDCWD, "/nix/store/g8zyryr9cr6540xsyg4avqkwgxpnwj2a-glibc-2.40-66/lib/locale/C.UTF-8/LC_NAME", O_RDONLY|O_CLOEXEC) = -1 ENOENT (No such file or directory)
11866 openat(AT_FDCWD, "/nix/store/g8zyryr9cr6540xsyg4avqkwgxpnwj2a-glibc-2.40-66/lib/locale/C.utf8/LC_NAME", O_RDONLY|O_CLOEXEC) = 3
11866 openat(AT_FDCWD, "/nix/store/g8zyryr9cr6540xsyg4avqkwgxpnwj2a-glibc-2.40-66/lib/locale/C.UTF-8/LC_PAPER", O_RDONLY|O_CLOEXEC) = -1 ENOENT (No such file or directory)
11866 openat(AT_FDCWD, "/nix/store/g8zyryr9cr6540xsyg4avqkwgxpnwj2a-glibc-2.40-66/lib/locale/C.utf8/LC_PAPER", O_RDONLY|O_CLOEXEC) = 3
11866 openat(AT_FDCWD, "/nix/store/g8zyryr9cr6540xsyg4avqkwgxpnwj2a-glibc-2.40-66/lib/locale/C.UTF-8/LC_MESSAGES", O_RDONLY|O_CLOEXEC) = -1 ENOENT (No such file or directory)
11866 openat(AT_FDCWD, "/nix/store/g8zyryr9cr6540xsyg4avqkwgxpnwj2a-glibc-2.40-66/lib/locale/C.utf8/LC_MESSAGES", O_RDONLY|O_CLOEXEC) = 3
11866 openat(AT_FDCWD, "/nix/store/g8zyryr9cr6540xsyg4avqkwgxpnwj2a-glibc-2.40-66/lib/locale/C.utf8/LC_MESSAGES/SYS_LC_MESSAGES", O_RDONLY|O_CLOEXEC) = 3
11866 openat(AT_FDCWD, "/nix/store/g8zyryr9cr6540xsyg4avqkwgxpnwj2a-glibc-2.40-66/lib/locale/C.UTF-8/LC_MONETARY", O_RDONLY|O_CLOEXEC) = -1 ENOENT (No such file or directory)
11866 openat(AT_FDCWD, "/nix/store/g8zyryr9cr6540xsyg4avqkwgxpnwj2a-glibc-2.40-66/lib/locale/C.utf8/LC_MONETARY", O_RDONLY|O_CLOEXEC) = 3
11866 openat(AT_FDCWD, "/nix/store/g8zyryr9cr6540xsyg4avqkwgxpnwj2a-glibc-2.40-66/lib/locale/C.UTF-8/LC_COLLATE", O_RDONLY|O_CLOEXEC) = -1 ENOENT (No such file or directory)
11866 openat(AT_FDCWD, "/nix/store/g8zyryr9cr6540xsyg4avqkwgxpnwj2a-glibc-2.40-66/lib/locale/C.utf8/LC_COLLATE", O_RDONLY|O_CLOEXEC) = 3
11866 openat(AT_FDCWD, "/nix/store/g8zyryr9cr6540xsyg4avqkwgxpnwj2a-glibc-2.40-66/lib/locale/C.UTF-8/LC_TIME", O_RDONLY|O_CLOEXEC) = -1 ENOENT (No such file or directory)
11866 openat(AT_FDCWD, "/nix/store/g8zyryr9cr6540xsyg4avqkwgxpnwj2a-glibc-2.40-66/lib/locale/C.utf8/LC_TIME", O_RDONLY|O_CLOEXEC) = 3
11866 openat(AT_FDCWD, "/nix/store/g8zyryr9cr6540xsyg4avqkwgxpnwj2a-glibc-2.40-66/lib/locale/C.UTF-8/LC_NUMERIC", O_RDONLY|O_CLOEXEC) = -1 ENOENT (No such file or directory)
11866 openat(AT_FDCWD, "/nix/store/g8zyryr9cr6540xsyg4avqkwgxpnwj2a-glibc-2.40-66/lib/locale/C.utf8/LC_NUMERIC", O_RDONLY|O_CLOEXEC) = 3
11866 openat(AT_FDCWD, "/nix/store/g8zyryr9cr6540xsyg4avqkwgxpnwj2a-glibc-2.40-66/lib/locale/C.UTF-8/LC_CTYPE", O_RDONLY|O_CLOEXEC) = -1 ENOENT (No such file or directory)
11866 openat(AT_FDCWD, "/nix/store/g8zyryr9cr6540xsyg4avqkwgxpnwj2a-glibc-2.40-66/lib/locale/C.utf8/LC_CTYPE", O_RDONLY|O_CLOEXEC) = 3
11866 openat(AT_FDCWD, "reports/e3-apertura-preparada-20260922/release-assets.sha256", O_RDONLY) = 3
11866 openat(AT_FDCWD, "artifacts/api-server/dist-e3-apertura-20260922/assets/fonts/DEJAVU-LICENSE.txt", O_RDONLY) = 4
11866 openat(AT_FDCWD, "artifacts/api-server/dist-e3-apertura-20260922/assets/fonts/DejaVuSans.ttf", O_RDONLY) = 4
11866 openat(AT_FDCWD, "artifacts/api-server/dist-e3-apertura-20260922/index.mjs", O_RDONLY) = 4
11866 openat(AT_FDCWD, "artifacts/api-server/dist-e3-apertura-20260922/index.mjs.map", O_RDONLY) = 4
11866 openat(AT_FDCWD, "artifacts/api-server/dist-e3-apertura-20260922/pino-file.mjs", O_RDONLY) = 4
11866 openat(AT_FDCWD, "artifacts/api-server/dist-e3-apertura-20260922/pino-file.mjs.map", O_RDONLY) = 4
11866 openat(AT_FDCWD, "artifacts/api-server/dist-e3-apertura-20260922/pino-pretty.mjs", O_RDONLY) = 4
11866 openat(AT_FDCWD, "artifacts/api-server/dist-e3-apertura-20260922/pino-pretty.mjs.map", O_RDONLY) = 4
11866 openat(AT_FDCWD, "artifacts/api-server/dist-e3-apertura-20260922/pino-worker.mjs", O_RDONLY) = 4
11866 openat(AT_FDCWD, "artifacts/api-server/dist-e3-apertura-20260922/pino-worker.mjs.map", O_RDONLY) = 4
11866 openat(AT_FDCWD, "artifacts/api-server/dist-e3-apertura-20260922/thread-stream-worker.mjs", O_RDONLY) = 4
11866 openat(AT_FDCWD, "artifacts/api-server/dist-e3-apertura-20260922/thread-stream-worker.mjs.map", O_RDONLY) = 4
11866 openat(AT_FDCWD, "artifacts/mariana-textil/dist-e3-apertura-20260922/assets/index-CJ5sQYvB.js", O_RDONLY) = 4
11866 openat(AT_FDCWD, "artifacts/mariana-textil/dist-e3-apertura-20260922/assets/index-DQmkcH1G.js", O_RDONLY) = 4
11866 openat(AT_FDCWD, "artifacts/mariana-textil/dist-e3-apertura-20260922/assets/index-NA0ZC8zw.css", O_RDONLY) = 4
11866 openat(AT_FDCWD, "artifacts/mariana-textil/dist-e3-apertura-20260922/assets/mariana-textil-logo-FFOiXRd3.png", O_RDONLY) = 4
11866 openat(AT_FDCWD, "artifacts/mariana-textil/dist-e3-apertura-20260922/assets/mariana-textil-logo-monochrome-_7AVoW2A.png", O_RDONLY) = 4
11866 openat(AT_FDCWD, "artifacts/mariana-textil/dist-e3-apertura-20260922/favicon.png", O_RDONLY) = 4
11866 openat(AT_FDCWD, "artifacts/mariana-textil/dist-e3-apertura-20260922/index.html", O_RDONLY) = 4
11866 openat(AT_FDCWD, "artifacts/mariana-textil/dist-e3-apertura-20260922/robots.txt", O_RDONLY) = 4
11866 openat(AT_FDCWD, "artifacts/mariana-textil/dist-e3-apertura-20260922/sounds/alerta.ogg", O_RDONLY) = 4
11866 openat(AT_FDCWD, "artifacts/mariana-textil/dist-e3-apertura-20260922/sounds/aviso.ogg", O_RDONLY) = 4
11866 openat(AT_FDCWD, "artifacts/mariana-textil/dist-e3-apertura-20260922/sounds/solicitud.ogg", O_RDONLY) = 4
11866 openat(AT_FDCWD, "reports/e3-apertura-preparada-20260922/api-start-audit-record.mjs", O_RDONLY) = 4
11866 openat(AT_FDCWD, "reports/e3-apertura-preparada-20260922/release-catalog.sql", O_RDONLY) = 4
11866 openat(AT_FDCWD, "reports/e3-apertura-preparada-20260922/release-expected.json", O_RDONLY) = 4
11866 openat(AT_FDCWD, "reports/e3-apertura-preparada-20260922/release-preflight.mjs", O_RDONLY) = 4
11866 +++ exited with 0 +++
11847 --- SIGCHLD {si_signo=SIGCHLD, si_code=CLD_EXITED, si_pid=11866, si_uid=1000, si_status=0, si_utime=13 /* 0.13 s */, si_stime=4 /* 0.04 s */} ---
11867 openat(AT_FDCWD, "/nix/store/ddranxbikfg4jkf3n1m0a0h9qqxj1vf0-ncurses-6.5/lib/glibc-hwcaps/x86-64-v4/libreadline.so.8", O_RDONLY|O_CLOEXEC) = -1 ENOENT (No such file or directory)
11867 openat(AT_FDCWD, "/nix/store/ddranxbikfg4jkf3n1m0a0h9qqxj1vf0-ncurses-6.5/lib/glibc-hwcaps/x86-64-v3/libreadline.so.8", O_RDONLY|O_CLOEXEC) = -1 ENOENT (No such file or directory)
11867 openat(AT_FDCWD, "/nix/store/ddranxbikfg4jkf3n1m0a0h9qqxj1vf0-ncurses-6.5/lib/glibc-hwcaps/x86-64-v2/libreadline.so.8", O_RDONLY|O_CLOEXEC) = -1 ENOENT (No such file or directory)
11867 openat(AT_FDCWD, "/nix/store/ddranxbikfg4jkf3n1m0a0h9qqxj1vf0-ncurses-6.5/lib/libreadline.so.8", O_RDONLY|O_CLOEXEC) = -1 ENOENT (No such file or directory)
11867 openat(AT_FDCWD, "/nix/store/vksayvpb9qm9h32k0qqg67nclrq8sf79-readline-8.3p1/lib/glibc-hwcaps/x86-64-v4/libreadline.so.8", O_RDONLY|O_CLOEXEC) = -1 ENOENT (No such file or directory)
11867 openat(AT_FDCWD, "/nix/store/vksayvpb9qm9h32k0qqg67nclrq8sf79-readline-8.3p1/lib/glibc-hwcaps/x86-64-v3/libreadline.so.8", O_RDONLY|O_CLOEXEC) = -1 ENOENT (No such file or directory)
11867 openat(AT_FDCWD, "/nix/store/vksayvpb9qm9h32k0qqg67nclrq8sf79-readline-8.3p1/lib/glibc-hwcaps/x86-64-v2/libreadline.so.8", O_RDONLY|O_CLOEXEC) = -1 ENOENT (No such file or directory)
11867 openat(AT_FDCWD, "/nix/store/vksayvpb9qm9h32k0qqg67nclrq8sf79-readline-8.3p1/lib/libreadline.so.8", O_RDONLY|O_CLOEXEC) = 3
11867 openat(AT_FDCWD, "/nix/store/ddranxbikfg4jkf3n1m0a0h9qqxj1vf0-ncurses-6.5/lib/libhistory.so.8", O_RDONLY|O_CLOEXEC) = -1 ENOENT (No such file or directory)
11867 openat(AT_FDCWD, "/nix/store/vksayvpb9qm9h32k0qqg67nclrq8sf79-readline-8.3p1/lib/libhistory.so.8", O_RDONLY|O_CLOEXEC) = 3
11867 openat(AT_FDCWD, "/nix/store/ddranxbikfg4jkf3n1m0a0h9qqxj1vf0-ncurses-6.5/lib/libncursesw.so.6", O_RDONLY|O_CLOEXEC) = 3
11867 openat(AT_FDCWD, "/nix/store/ddranxbikfg4jkf3n1m0a0h9qqxj1vf0-ncurses-6.5/lib/libdl.so.2", O_RDONLY|O_CLOEXEC) = -1 ENOENT (No such file or directory)
11867 openat(AT_FDCWD, "/nix/store/vksayvpb9qm9h32k0qqg67nclrq8sf79-readline-8.3p1/lib/libdl.so.2", O_RDONLY|O_CLOEXEC) = -1 ENOENT (No such file or directory)
11867 openat(AT_FDCWD, "/nix/store/j193mfi0f921y0kfs8vjc1znnr45ispv-glibc-2.40-66/lib/glibc-hwcaps/x86-64-v4/libdl.so.2", O_RDONLY|O_CLOEXEC) = -1 ENOENT (No such file or directory)
11867 openat(AT_FDCWD, "/nix/store/j193mfi0f921y0kfs8vjc1znnr45ispv-glibc-2.40-66/lib/glibc-hwcaps/x86-64-v3/libdl.so.2", O_RDONLY|O_CLOEXEC) = -1 ENOENT (No such file or directory)
11867 openat(AT_FDCWD, "/nix/store/j193mfi0f921y0kfs8vjc1znnr45ispv-glibc-2.40-66/lib/glibc-hwcaps/x86-64-v2/libdl.so.2", O_RDONLY|O_CLOEXEC) = -1 ENOENT (No such file or directory)
11867 openat(AT_FDCWD, "/nix/store/j193mfi0f921y0kfs8vjc1znnr45ispv-glibc-2.40-66/lib/libdl.so.2", O_RDONLY|O_CLOEXEC) = 3
11867 openat(AT_FDCWD, "/nix/store/ddranxbikfg4jkf3n1m0a0h9qqxj1vf0-ncurses-6.5/lib/libc.so.6", O_RDONLY|O_CLOEXEC) = -1 ENOENT (No such file or directory)
11867 openat(AT_FDCWD, "/nix/store/vksayvpb9qm9h32k0qqg67nclrq8sf79-readline-8.3p1/lib/libc.so.6", O_RDONLY|O_CLOEXEC) = -1 ENOENT (No such file or directory)
11867 openat(AT_FDCWD, "/nix/store/j193mfi0f921y0kfs8vjc1znnr45ispv-glibc-2.40-66/lib/libc.so.6", O_RDONLY|O_CLOEXEC) = 3
11867 openat(AT_FDCWD, "/dev/tty", O_RDWR|O_NONBLOCK) = -1 ENXIO (No such device or address)
11867 openat(AT_FDCWD, "/run/current-system/sw/lib/locale/locale-archive", O_RDONLY|O_CLOEXEC) = -1 ENOENT (No such file or directory)
11867 openat(AT_FDCWD, "/usr/lib/locale/locale-archive", O_RDONLY|O_CLOEXEC) = 3
11867 openat(AT_FDCWD, "/nix/store/j193mfi0f921y0kfs8vjc1znnr45ispv-glibc-2.40-66/share/locale/locale.alias", O_RDONLY|O_CLOEXEC) = 3
11867 openat(AT_FDCWD, "/nix/store/j193mfi0f921y0kfs8vjc1znnr45ispv-glibc-2.40-66/lib/locale/C.UTF-8/LC_IDENTIFICATION", O_RDONLY|O_CLOEXEC) = -1 ENOENT (No such file or directory)
11867 openat(AT_FDCWD, "/nix/store/j193mfi0f921y0kfs8vjc1znnr45ispv-glibc-2.40-66/lib/locale/C.utf8/LC_IDENTIFICATION", O_RDONLY|O_CLOEXEC) = 3
11867 openat(AT_FDCWD, "/nix/store/j193mfi0f921y0kfs8vjc1znnr45ispv-glibc-2.40-66/lib/gconv/gconv-modules.cache", O_RDONLY|O_CLOEXEC) = -1 ENOENT (No such file or directory)
11867 openat(AT_FDCWD, "/nix/store/j193mfi0f921y0kfs8vjc1znnr45ispv-glibc-2.40-66/lib/gconv/gconv-modules", O_RDONLY|O_CLOEXEC) = 3
11867 openat(AT_FDCWD, "/nix/store/j193mfi0f921y0kfs8vjc1znnr45ispv-glibc-2.40-66/lib/gconv/gconv-modules.d", O_RDONLY|O_NONBLOCK|O_CLOEXEC|O_DIRECTORY) = 3
11867 openat(AT_FDCWD, "/nix/store/j193mfi0f921y0kfs8vjc1znnr45ispv-glibc-2.40-66/lib/gconv/gconv-modules.d/gconv-modules-extra.conf", O_RDONLY|O_CLOEXEC) = 4
11867 openat(AT_FDCWD, "/nix/store/j193mfi0f921y0kfs8vjc1znnr45ispv-glibc-2.40-66/lib/locale/C.UTF-8/LC_MEASUREMENT", O_RDONLY|O_CLOEXEC) = -1 ENOENT (No such file or directory)
11867 openat(AT_FDCWD, "/nix/store/j193mfi0f921y0kfs8vjc1znnr45ispv-glibc-2.40-66/lib/locale/C.utf8/LC_MEASUREMENT", O_RDONLY|O_CLOEXEC) = 3
11867 openat(AT_FDCWD, "/nix/store/j193mfi0f921y0kfs8vjc1znnr45ispv-glibc-2.40-66/lib/locale/C.UTF-8/LC_TELEPHONE", O_RDONLY|O_CLOEXEC) = -1 ENOENT (No such file or directory)
11867 openat(AT_FDCWD, "/nix/store/j193mfi0f921y0kfs8vjc1znnr45ispv-glibc-2.40-66/lib/locale/C.utf8/LC_TELEPHONE", O_RDONLY|O_CLOEXEC) = 3
11867 openat(AT_FDCWD, "/nix/store/j193mfi0f921y0kfs8vjc1znnr45ispv-glibc-2.40-66/lib/locale/C.UTF-8/LC_ADDRESS", O_RDONLY|O_CLOEXEC) = -1 ENOENT (No such file or directory)
11867 openat(AT_FDCWD, "/nix/store/j193mfi0f921y0kfs8vjc1znnr45ispv-glibc-2.40-66/lib/locale/C.utf8/LC_ADDRESS", O_RDONLY|O_CLOEXEC) = 3
11867 openat(AT_FDCWD, "/nix/store/j193mfi0f921y0kfs8vjc1znnr45ispv-glibc-2.40-66/lib/locale/C.UTF-8/LC_NAME", O_RDONLY|O_CLOEXEC) = -1 ENOENT (No such file or directory)
11867 openat(AT_FDCWD, "/nix/store/j193mfi0f921y0kfs8vjc1znnr45ispv-glibc-2.40-66/lib/locale/C.utf8/LC_NAME", O_RDONLY|O_CLOEXEC) = 3
11867 openat(AT_FDCWD, "/nix/store/j193mfi0f921y0kfs8vjc1znnr45ispv-glibc-2.40-66/lib/locale/C.UTF-8/LC_PAPER", O_RDONLY|O_CLOEXEC) = -1 ENOENT (No such file or directory)
11867 openat(AT_FDCWD, "/nix/store/j193mfi0f921y0kfs8vjc1znnr45ispv-glibc-2.40-66/lib/locale/C.utf8/LC_PAPER", O_RDONLY|O_CLOEXEC) = 3
11867 openat(AT_FDCWD, "/nix/store/j193mfi0f921y0kfs8vjc1znnr45ispv-glibc-2.40-66/lib/locale/C.UTF-8/LC_MESSAGES", O_RDONLY|O_CLOEXEC) = -1 ENOENT (No such file or directory)
11867 openat(AT_FDCWD, "/nix/store/j193mfi0f921y0kfs8vjc1znnr45ispv-glibc-2.40-66/lib/locale/C.utf8/LC_MESSAGES", O_RDONLY|O_CLOEXEC) = 3
11867 openat(AT_FDCWD, "/nix/store/j193mfi0f921y0kfs8vjc1znnr45ispv-glibc-2.40-66/lib/locale/C.utf8/LC_MESSAGES/SYS_LC_MESSAGES", O_RDONLY|O_CLOEXEC) = 3
11867 openat(AT_FDCWD, "/nix/store/j193mfi0f921y0kfs8vjc1znnr45ispv-glibc-2.40-66/lib/locale/C.UTF-8/LC_MONETARY", O_RDONLY|O_CLOEXEC) = -1 ENOENT (No such file or directory)
11867 openat(AT_FDCWD, "/nix/store/j193mfi0f921y0kfs8vjc1znnr45ispv-glibc-2.40-66/lib/locale/C.utf8/LC_MONETARY", O_RDONLY|O_CLOEXEC) = 3
11867 openat(AT_FDCWD, "/nix/store/j193mfi0f921y0kfs8vjc1znnr45ispv-glibc-2.40-66/lib/locale/C.UTF-8/LC_COLLATE", O_RDONLY|O_CLOEXEC) = -1 ENOENT (No such file or directory)
11867 openat(AT_FDCWD, "/nix/store/j193mfi0f921y0kfs8vjc1znnr45ispv-glibc-2.40-66/lib/locale/C.utf8/LC_COLLATE", O_RDONLY|O_CLOEXEC) = 3
11867 openat(AT_FDCWD, "/nix/store/j193mfi0f921y0kfs8vjc1znnr45ispv-glibc-2.40-66/lib/locale/C.UTF-8/LC_TIME", O_RDONLY|O_CLOEXEC) = -1 ENOENT (No such file or directory)
11867 openat(AT_FDCWD, "/nix/store/j193mfi0f921y0kfs8vjc1znnr45ispv-glibc-2.40-66/lib/locale/C.utf8/LC_TIME", O_RDONLY|O_CLOEXEC) = 3
11867 openat(AT_FDCWD, "/nix/store/j193mfi0f921y0kfs8vjc1znnr45ispv-glibc-2.40-66/lib/locale/C.UTF-8/LC_NUMERIC", O_RDONLY|O_CLOEXEC) = -1 ENOENT (No such file or directory)
11867 openat(AT_FDCWD, "/nix/store/j193mfi0f921y0kfs8vjc1znnr45ispv-glibc-2.40-66/lib/locale/C.utf8/LC_NUMERIC", O_RDONLY|O_CLOEXEC) = 3
11867 openat(AT_FDCWD, "/nix/store/j193mfi0f921y0kfs8vjc1znnr45ispv-glibc-2.40-66/lib/locale/C.UTF-8/LC_CTYPE", O_RDONLY|O_CLOEXEC) = -1 ENOENT (No such file or directory)
11867 openat(AT_FDCWD, "/nix/store/j193mfi0f921y0kfs8vjc1znnr45ispv-glibc-2.40-66/lib/locale/C.utf8/LC_CTYPE", O_RDONLY|O_CLOEXEC) = 3
11867 openat(AT_FDCWD, "/etc/nsswitch.conf", O_RDONLY|O_CLOEXEC) = 3
11867 openat(AT_FDCWD, "/etc/passwd", O_RDONLY|O_CLOEXEC) = 3
11867 openat(AT_FDCWD, "/nix/store/s7awkfc4pym4zj139fsxrjs5xwf5hhnd-nodejs-24.13.0-wrapped/bin/node", O_RDONLY) = 3
11867 openat(AT_FDCWD, "/nix/store/ri9paa3mri4kqakljak8ldvbcp7lpmif-zlib-1.3.1/lib/glibc-hwcaps/x86-64-v4/libz.so.1", O_RDONLY|O_CLOEXEC) = -1 ENOENT (No such file or directory)
11867 openat(AT_FDCWD, "/nix/store/ri9paa3mri4kqakljak8ldvbcp7lpmif-zlib-1.3.1/lib/glibc-hwcaps/x86-64-v3/libz.so.1", O_RDONLY|O_CLOEXEC) = -1 ENOENT (No such file or directory)
11867 openat(AT_FDCWD, "/nix/store/ri9paa3mri4kqakljak8ldvbcp7lpmif-zlib-1.3.1/lib/glibc-hwcaps/x86-64-v2/libz.so.1", O_RDONLY|O_CLOEXEC) = -1 ENOENT (No such file or directory)
11867 openat(AT_FDCWD, "/nix/store/ri9paa3mri4kqakljak8ldvbcp7lpmif-zlib-1.3.1/lib/libz.so.1", O_RDONLY|O_CLOEXEC) = 3
11867 openat(AT_FDCWD, "/nix/store/ri9paa3mri4kqakljak8ldvbcp7lpmif-zlib-1.3.1/lib/libllhttp.so.9.3", O_RDONLY|O_CLOEXEC) = -1 ENOENT (No such file or directory)
11867 openat(AT_FDCWD, "/nix/store/8kwysbrm9zrfcsfbix7hkjj72r5kgiwv-llhttp-9.3.0/lib/glibc-hwcaps/x86-64-v4/libllhttp.so.9.3", O_RDONLY|O_CLOEXEC) = -1 ENOENT (No such file or directory)
11867 openat(AT_FDCWD, "/nix/store/8kwysbrm9zrfcsfbix7hkjj72r5kgiwv-llhttp-9.3.0/lib/glibc-hwcaps/x86-64-v3/libllhttp.so.9.3", O_RDONLY|O_CLOEXEC) = -1 ENOENT (No such file or directory)
11867 openat(AT_FDCWD, "/nix/store/8kwysbrm9zrfcsfbix7hkjj72r5kgiwv-llhttp-9.3.0/lib/glibc-hwcaps/x86-64-v2/libllhttp.so.9.3", O_RDONLY|O_CLOEXEC) = -1 ENOENT (No such file or directory)
11867 openat(AT_FDCWD, "/nix/store/8kwysbrm9zrfcsfbix7hkjj72r5kgiwv-llhttp-9.3.0/lib/libllhttp.so.9.3", O_RDONLY|O_CLOEXEC) = 3
11867 openat(AT_FDCWD, "/nix/store/ri9paa3mri4kqakljak8ldvbcp7lpmif-zlib-1.3.1/lib/libuv.so.1", O_RDONLY|O_CLOEXEC) = -1 ENOENT (No such file or directory)
11867 openat(AT_FDCWD, "/nix/store/8kwysbrm9zrfcsfbix7hkjj72r5kgiwv-llhttp-9.3.0/lib/libuv.so.1", O_RDONLY|O_CLOEXEC) = -1 ENOENT (No such file or directory)
11867 openat(AT_FDCWD, "/nix/store/y890wk5v7h4dzfs69jycv3fj0fx5y9i5-libuv-1.51.0/lib/glibc-hwcaps/x86-64-v4/libuv.so.1", O_RDONLY|O_CLOEXEC) = -1 ENOENT (No such file or directory)
11867 openat(AT_FDCWD, "/nix/store/y890wk5v7h4dzfs69jycv3fj0fx5y9i5-libuv-1.51.0/lib/glibc-hwcaps/x86-64-v3/libuv.so.1", O_RDONLY|O_CLOEXEC) = -1 ENOENT (No such file or directory)
11867 openat(AT_FDCWD, "/nix/store/y890wk5v7h4dzfs69jycv3fj0fx5y9i5-libuv-1.51.0/lib/glibc-hwcaps/x86-64-v2/libuv.so.1", O_RDONLY|O_CLOEXEC) = -1 ENOENT (No such file or directory)
11867 openat(AT_FDCWD, "/nix/store/y890wk5v7h4dzfs69jycv3fj0fx5y9i5-libuv-1.51.0/lib/libuv.so.1", O_RDONLY|O_CLOEXEC) = 3
11867 openat(AT_FDCWD, "/nix/store/ri9paa3mri4kqakljak8ldvbcp7lpmif-zlib-1.3.1/lib/libsimdjson.so.29", O_RDONLY|O_CLOEXEC) = -1 ENOENT (No such file or directory)
11867 openat(AT_FDCWD, "/nix/store/8kwysbrm9zrfcsfbix7hkjj72r5kgiwv-llhttp-9.3.0/lib/libsimdjson.so.29", O_RDONLY|O_CLOEXEC) = -1 ENOENT (No such file or directory)
11867 openat(AT_FDCWD, "/nix/store/y890wk5v7h4dzfs69jycv3fj0fx5y9i5-libuv-1.51.0/lib/libsimdjson.so.29", O_RDONLY|O_CLOEXEC) = -1 ENOENT (No such file or directory)
11867 openat(AT_FDCWD, "/nix/store/3mg43r6bvdvf0zm3rxj1x9v2vwg6kwmn-simdjson-4.2.4/lib/glibc-hwcaps/x86-64-v4/libsimdjson.so.29", O_RDONLY|O_CLOEXEC) = -1 ENOENT (No such file or directory)
11867 openat(AT_FDCWD, "/nix/store/3mg43r6bvdvf0zm3rxj1x9v2vwg6kwmn-simdjson-4.2.4/lib/glibc-hwcaps/x86-64-v3/libsimdjson.so.29", O_RDONLY|O_CLOEXEC) = -1 ENOENT (No such file or directory)
11867 openat(AT_FDCWD, "/nix/store/3mg43r6bvdvf0zm3rxj1x9v2vwg6kwmn-simdjson-4.2.4/lib/glibc-hwcaps/x86-64-v2/libsimdjson.so.29", O_RDONLY|O_CLOEXEC) = -1 ENOENT (No such file or directory)
11867 openat(AT_FDCWD, "/nix/store/3mg43r6bvdvf0zm3rxj1x9v2vwg6kwmn-simdjson-4.2.4/lib/libsimdjson.so.29", O_RDONLY|O_CLOEXEC) = 3
11867 openat(AT_FDCWD, "/nix/store/ri9paa3mri4kqakljak8ldvbcp7lpmif-zlib-1.3.1/lib/libbrotlidec.so.1", O_RDONLY|O_CLOEXEC) = -1 ENOENT (No such file or directory)
11867 openat(AT_FDCWD, "/nix/store/8kwysbrm9zrfcsfbix7hkjj72r5kgiwv-llhttp-9.3.0/lib/libbrotlidec.so.1", O_RDONLY|O_CLOEXEC) = -1 ENOENT (No such file or directory)
11867 openat(AT_FDCWD, "/nix/store/y890wk5v7h4dzfs69jycv3fj0fx5y9i5-libuv-1.51.0/lib/libbrotlidec.so.1", O_RDONLY|O_CLOEXEC) = -1 ENOENT (No such file or directory)
11867 openat(AT_FDCWD, "/nix/store/3mg43r6bvdvf0zm3rxj1x9v2vwg6kwmn-simdjson-4.2.4/lib/libbrotlidec.so.1", O_RDONLY|O_CLOEXEC) = -1 ENOENT (No such file or directory)
11867 openat(AT_FDCWD, "/nix/store/q5hdxy658850yynggmkjblbqfgs1w4nq-brotli-1.2.0-lib/lib/glibc-hwcaps/x86-64-v4/libbrotlidec.so.1", O_RDONLY|O_CLOEXEC) = -1 ENOENT (No such file or directory)
11867 openat(AT_FDCWD, "/nix/store/q5hdxy658850yynggmkjblbqfgs1w4nq-brotli-1.2.0-lib/lib/glibc-hwcaps/x86-64-v3/libbrotlidec.so.1", O_RDONLY|O_CLOEXEC) = -1 ENOENT (No such file or directory)
11867 openat(AT_FDCWD, "/nix/store/q5hdxy658850yynggmkjblbqfgs1w4nq-brotli-1.2.0-lib/lib/glibc-hwcaps/x86-64-v2/libbrotlidec.so.1", O_RDONLY|O_CLOEXEC) = -1 ENOENT (No such file or directory)
11867 openat(AT_FDCWD, "/nix/store/q5hdxy658850yynggmkjblbqfgs1w4nq-brotli-1.2.0-lib/lib/libbrotlidec.so.1", O_RDONLY|O_CLOEXEC) = 3
11867 openat(AT_FDCWD, "/nix/store/ri9paa3mri4kqakljak8ldvbcp7lpmif-zlib-1.3.1/lib/libbrotlienc.so.1", O_RDONLY|O_CLOEXEC) = -1 ENOENT (No such file or directory)
11867 openat(AT_FDCWD, "/nix/store/8kwysbrm9zrfcsfbix7hkjj72r5kgiwv-llhttp-9.3.0/lib/libbrotlienc.so.1", O_RDONLY|O_CLOEXEC) = -1 ENOENT (No such file or directory)
11867 openat(AT_FDCWD, "/nix/store/y890wk5v7h4dzfs69jycv3fj0fx5y9i5-libuv-1.51.0/lib/libbrotlienc.so.1", O_RDONLY|O_CLOEXEC) = -1 ENOENT (No such file or directory)
11867 openat(AT_FDCWD, "/nix/store/3mg43r6bvdvf0zm3rxj1x9v2vwg6kwmn-simdjson-4.2.4/lib/libbrotlienc.so.1", O_RDONLY|O_CLOEXEC) = -1 ENOENT (No such file or directory)
11867 openat(AT_FDCWD, "/nix/store/q5hdxy658850yynggmkjblbqfgs1w4nq-brotli-1.2.0-lib/lib/libbrotlienc.so.1", O_RDONLY|O_CLOEXEC) = 3
11867 openat(AT_FDCWD, "/nix/store/ri9paa3mri4kqakljak8ldvbcp7lpmif-zlib-1.3.1/lib/libcares.so.2", O_RDONLY|O_CLOEXEC) = -1 ENOENT (No such file or directory)
11867 openat(AT_FDCWD, "/nix/store/8kwysbrm9zrfcsfbix7hkjj72r5kgiwv-llhttp-9.3.0/lib/libcares.so.2", O_RDONLY|O_CLOEXEC) = -1 ENOENT (No such file or directory)
11867 openat(AT_FDCWD, "/nix/store/y890wk5v7h4dzfs69jycv3fj0fx5y9i5-libuv-1.51.0/lib/libcares.so.2", O_RDONLY|O_CLOEXEC) = -1 ENOENT (No such file or directory)
11867 openat(AT_FDCWD, "/nix/store/3mg43r6bvdvf0zm3rxj1x9v2vwg6kwmn-simdjson-4.2.4/lib/libcares.so.2", O_RDONLY|O_CLOEXEC) = -1 ENOENT (No such file or directory)
11867 openat(AT_FDCWD, "/nix/store/q5hdxy658850yynggmkjblbqfgs1w4nq-brotli-1.2.0-lib/lib/libcares.so.2", O_RDONLY|O_CLOEXEC) = -1 ENOENT (No such file or directory)
11867 openat(AT_FDCWD, "/nix/store/dkvxkb5cb4zl792gz2msbgxhhk2mh43i-c-ares-1.34.6/lib/glibc-hwcaps/x86-64-v4/libcares.so.2", O_RDONLY|O_CLOEXEC) = -1 ENOENT (No such file or directory)
11867 openat(AT_FDCWD, "/nix/store/dkvxkb5cb4zl792gz2msbgxhhk2mh43i-c-ares-1.34.6/lib/glibc-hwcaps/x86-64-v3/libcares.so.2", O_RDONLY|O_CLOEXEC) = -1 ENOENT (No such file or directory)
11867 openat(AT_FDCWD, "/nix/store/dkvxkb5cb4zl792gz2msbgxhhk2mh43i-c-ares-1.34.6/lib/glibc-hwcaps/x86-64-v2/libcares.so.2", O_RDONLY|O_CLOEXEC) = -1 ENOENT (No such file or directory)
11867 openat(AT_FDCWD, "/nix/store/dkvxkb5cb4zl792gz2msbgxhhk2mh43i-c-ares-1.34.6/lib/libcares.so.2", O_RDONLY|O_CLOEXEC) = 3
11867 openat(AT_FDCWD, "/nix/store/ri9paa3mri4kqakljak8ldvbcp7lpmif-zlib-1.3.1/lib/libnghttp2.so.14", O_RDONLY|O_CLOEXEC) = -1 ENOENT (No such file or directory)
11867 openat(AT_FDCWD, "/nix/store/8kwysbrm9zrfcsfbix7hkjj72r5kgiwv-llhttp-9.3.0/lib/libnghttp2.so.14", O_RDONLY|O_CLOEXEC) = -1 ENOENT (No such file or directory)
11867 openat(AT_FDCWD, "/nix/store/y890wk5v7h4dzfs69jycv3fj0fx5y9i5-libuv-1.51.0/lib/libnghttp2.so.14", O_RDONLY|O_CLOEXEC) = -1 ENOENT (No such file or directory)
11867 openat(AT_FDCWD, "/nix/store/3mg43r6bvdvf0zm3rxj1x9v2vwg6kwmn-simdjson-4.2.4/lib/libnghttp2.so.14", O_RDONLY|O_CLOEXEC) = -1 ENOENT (No such file or directory)
11867 openat(AT_FDCWD, "/nix/store/q5hdxy658850yynggmkjblbqfgs1w4nq-brotli-1.2.0-lib/lib/libnghttp2.so.14", O_RDONLY|O_CLOEXEC) = -1 ENOENT (No such file or directory)
11867 openat(AT_FDCWD, "/nix/store/dkvxkb5cb4zl792gz2msbgxhhk2mh43i-c-ares-1.34.6/lib/libnghttp2.so.14", O_RDONLY|O_CLOEXEC) = -1 ENOENT (No such file or directory)
11867 openat(AT_FDCWD, "/nix/store/j45rf4zx05ckp2d3fj6nb7js7zhs10dx-nghttp2-1.67.1-lib/lib/glibc-hwcaps/x86-64-v4/libnghttp2.so.14", O_RDONLY|O_CLOEXEC) = -1 ENOENT (No such file or directory)
11867 openat(AT_FDCWD, "/nix/store/j45rf4zx05ckp2d3fj6nb7js7zhs10dx-nghttp2-1.67.1-lib/lib/glibc-hwcaps/x86-64-v3/libnghttp2.so.14", O_RDONLY|O_CLOEXEC) = -1 ENOENT (No such file or directory)
11867 openat(AT_FDCWD, "/nix/store/j45rf4zx05ckp2d3fj6nb7js7zhs10dx-nghttp2-1.67.1-lib/lib/glibc-hwcaps/x86-64-v2/libnghttp2.so.14", O_RDONLY|O_CLOEXEC) = -1 ENOENT (No such file or directory)
11867 openat(AT_FDCWD, "/nix/store/j45rf4zx05ckp2d3fj6nb7js7zhs10dx-nghttp2-1.67.1-lib/lib/libnghttp2.so.14", O_RDONLY|O_CLOEXEC) = 3
11867 openat(AT_FDCWD, "/nix/store/ri9paa3mri4kqakljak8ldvbcp7lpmif-zlib-1.3.1/lib/libnghttp3.so.9", O_RDONLY|O_CLOEXEC) = -1 ENOENT (No such file or directory)
11867 openat(AT_FDCWD, "/nix/store/8kwysbrm9zrfcsfbix7hkjj72r5kgiwv-llhttp-9.3.0/lib/libnghttp3.so.9", O_RDONLY|O_CLOEXEC) = -1 ENOENT (No such file or directory)
11867 openat(AT_FDCWD, "/nix/store/y890wk5v7h4dzfs69jycv3fj0fx5y9i5-libuv-1.51.0/lib/libnghttp3.so.9", O_RDONLY|O_CLOEXEC) = -1 ENOENT (No such file or directory)
11867 openat(AT_FDCWD, "/nix/store/3mg43r6bvdvf0zm3rxj1x9v2vwg6kwmn-simdjson-4.2.4/lib/libnghttp3.so.9", O_RDONLY|O_CLOEXEC) = -1 ENOENT (No such file or directory)
11867 openat(AT_FDCWD, "/nix/store/q5hdxy658850yynggmkjblbqfgs1w4nq-brotli-1.2.0-lib/lib/libnghttp3.so.9", O_RDONLY|O_CLOEXEC) = -1 ENOENT (No such file or directory)
11867 openat(AT_FDCWD, "/nix/store/dkvxkb5cb4zl792gz2msbgxhhk2mh43i-c-ares-1.34.6/lib/libnghttp3.so.9", O_RDONLY|O_CLOEXEC) = -1 ENOENT (No such file or directory)
11867 openat(AT_FDCWD, "/nix/store/j45rf4zx05ckp2d3fj6nb7js7zhs10dx-nghttp2-1.67.1-lib/lib/libnghttp3.so.9", O_RDONLY|O_CLOEXEC) = -1 ENOENT (No such file or directory)
11867 openat(AT_FDCWD, "/nix/store/x1avvg7xfcb6699afppcbd5qk24smg4n-nghttp3-1.13.1/lib/glibc-hwcaps/x86-64-v4/libnghttp3.so.9", O_RDONLY|O_CLOEXEC) = -1 ENOENT (No such file or directory)
11867 openat(AT_FDCWD, "/nix/store/x1avvg7xfcb6699afppcbd5qk24smg4n-nghttp3-1.13.1/lib/glibc-hwcaps/x86-64-v3/libnghttp3.so.9", O_RDONLY|O_CLOEXEC) = -1 ENOENT (No such file or directory)
11867 openat(AT_FDCWD, "/nix/store/x1avvg7xfcb6699afppcbd5qk24smg4n-nghttp3-1.13.1/lib/glibc-hwcaps/x86-64-v2/libnghttp3.so.9", O_RDONLY|O_CLOEXEC) = -1 ENOENT (No such file or directory)
11867 openat(AT_FDCWD, "/nix/store/x1avvg7xfcb6699afppcbd5qk24smg4n-nghttp3-1.13.1/lib/libnghttp3.so.9", O_RDONLY|O_CLOEXEC) = 3
11867 openat(AT_FDCWD, "/nix/store/ri9paa3mri4kqakljak8ldvbcp7lpmif-zlib-1.3.1/lib/libngtcp2.so.16", O_RDONLY|O_CLOEXEC) = -1 ENOENT (No such file or directory)
11867 openat(AT_FDCWD, "/nix/store/8kwysbrm9zrfcsfbix7hkjj72r5kgiwv-llhttp-9.3.0/lib/libngtcp2.so.16", O_RDONLY|O_CLOEXEC) = -1 ENOENT (No such file or directory)
11867 openat(AT_FDCWD, "/nix/store/y890wk5v7h4dzfs69jycv3fj0fx5y9i5-libuv-1.51.0/lib/libngtcp2.so.16", O_RDONLY|O_CLOEXEC) = -1 ENOENT (No such file or directory)
11867 openat(AT_FDCWD, "/nix/store/3mg43r6bvdvf0zm3rxj1x9v2vwg6kwmn-simdjson-4.2.4/lib/libngtcp2.so.16", O_RDONLY|O_CLOEXEC) = -1 ENOENT (No such file or directory)
11867 openat(AT_FDCWD, "/nix/store/q5hdxy658850yynggmkjblbqfgs1w4nq-brotli-1.2.0-lib/lib/libngtcp2.so.16", O_RDONLY|O_CLOEXEC) = -1 ENOENT (No such file or directory)
11867 openat(AT_FDCWD, "/nix/store/dkvxkb5cb4zl792gz2msbgxhhk2mh43i-c-ares-1.34.6/lib/libngtcp2.so.16", O_RDONLY|O_CLOEXEC) = -1 ENOENT (No such file or directory)
11867 openat(AT_FDCWD, "/nix/store/j45rf4zx05ckp2d3fj6nb7js7zhs10dx-nghttp2-1.67.1-lib/lib/libngtcp2.so.16", O_RDONLY|O_CLOEXEC) = -1 ENOENT (No such file or directory)
11867 openat(AT_FDCWD, "/nix/store/x1avvg7xfcb6699afppcbd5qk24smg4n-nghttp3-1.13.1/lib/libngtcp2.so.16", O_RDONLY|O_CLOEXEC) = -1 ENOENT (No such file or directory)
11867 openat(AT_FDCWD, "/nix/store/zi565pibhgz582kxliylqpvmq1gq9z71-ngtcp2-1.18.0/lib/glibc-hwcaps/x86-64-v4/libngtcp2.so.16", O_RDONLY|O_CLOEXEC) = -1 ENOENT (No such file or directory)
11867 openat(AT_FDCWD, "/nix/store/zi565pibhgz582kxliylqpvmq1gq9z71-ngtcp2-1.18.0/lib/glibc-hwcaps/x86-64-v3/libngtcp2.so.16", O_RDONLY|O_CLOEXEC) = -1 ENOENT (No such file or directory)
11867 openat(AT_FDCWD, "/nix/store/zi565pibhgz582kxliylqpvmq1gq9z71-ngtcp2-1.18.0/lib/glibc-hwcaps/x86-64-v2/libngtcp2.so.16", O_RDONLY|O_CLOEXEC) = -1 ENOENT (No such file or directory)
11867 openat(AT_FDCWD, "/nix/store/zi565pibhgz582kxliylqpvmq1gq9z71-ngtcp2-1.18.0/lib/libngtcp2.so.16", O_RDONLY|O_CLOEXEC) = 3
11867 openat(AT_FDCWD, "/nix/store/ri9paa3mri4kqakljak8ldvbcp7lpmif-zlib-1.3.1/lib/libsqlite3.so", O_RDONLY|O_CLOEXEC) = -1 ENOENT (No such file or directory)
11867 openat(AT_FDCWD, "/nix/store/8kwysbrm9zrfcsfbix7hkjj72r5kgiwv-llhttp-9.3.0/lib/libsqlite3.so", O_RDONLY|O_CLOEXEC) = -1 ENOENT (No such file or directory)
11867 openat(AT_FDCWD, "/nix/store/y890wk5v7h4dzfs69jycv3fj0fx5y9i5-libuv-1.51.0/lib/libsqlite3.so", O_RDONLY|O_CLOEXEC) = -1 ENOENT (No such file or directory)
11867 openat(AT_FDCWD, "/nix/store/3mg43r6bvdvf0zm3rxj1x9v2vwg6kwmn-simdjson-4.2.4/lib/libsqlite3.so", O_RDONLY|O_CLOEXEC) = -1 ENOENT (No such file or directory)
11867 openat(AT_FDCWD, "/nix/store/q5hdxy658850yynggmkjblbqfgs1w4nq-brotli-1.2.0-lib/lib/libsqlite3.so", O_RDONLY|O_CLOEXEC) = -1 ENOENT (No such file or directory)
11867 openat(AT_FDCWD, "/nix/store/dkvxkb5cb4zl792gz2msbgxhhk2mh43i-c-ares-1.34.6/lib/libsqlite3.so", O_RDONLY|O_CLOEXEC) = -1 ENOENT (No such file or directory)
11867 openat(AT_FDCWD, "/nix/store/j45rf4zx05ckp2d3fj6nb7js7zhs10dx-nghttp2-1.67.1-lib/lib/libsqlite3.so", O_RDONLY|O_CLOEXEC) = -1 ENOENT (No such file or directory)
11867 openat(AT_FDCWD, "/nix/store/x1avvg7xfcb6699afppcbd5qk24smg4n-nghttp3-1.13.1/lib/libsqlite3.so", O_RDONLY|O_CLOEXEC) = -1 ENOENT (No such file or directory)
11867 openat(AT_FDCWD, "/nix/store/zi565pibhgz582kxliylqpvmq1gq9z71-ngtcp2-1.18.0/lib/libsqlite3.so", O_RDONLY|O_CLOEXEC) = -1 ENOENT (No such file or directory)
11867 openat(AT_FDCWD, "/nix/store/bn7m7qn8k7b27jy5lkq3bg4vcxnyjpq0-sqlite-3.51.2/lib/glibc-hwcaps/x86-64-v4/libsqlite3.so", O_RDONLY|O_CLOEXEC) = -1 ENOENT (No such file or directory)
11867 openat(AT_FDCWD, "/nix/store/bn7m7qn8k7b27jy5lkq3bg4vcxnyjpq0-sqlite-3.51.2/lib/glibc-hwcaps/x86-64-v3/libsqlite3.so", O_RDONLY|O_CLOEXEC) = -1 ENOENT (No such file or directory)
11867 openat(AT_FDCWD, "/nix/store/bn7m7qn8k7b27jy5lkq3bg4vcxnyjpq0-sqlite-3.51.2/lib/glibc-hwcaps/x86-64-v2/libsqlite3.so", O_RDONLY|O_CLOEXEC) = -1 ENOENT (No such file or directory)
11867 openat(AT_FDCWD, "/nix/store/bn7m7qn8k7b27jy5lkq3bg4vcxnyjpq0-sqlite-3.51.2/lib/libsqlite3.so", O_RDONLY|O_CLOEXEC) = 3
11867 openat(AT_FDCWD, "/nix/store/ri9paa3mri4kqakljak8ldvbcp7lpmif-zlib-1.3.1/lib/libuvwasi.so", O_RDONLY|O_CLOEXEC) = -1 ENOENT (No such file or directory)
11867 openat(AT_FDCWD, "/nix/store/8kwysbrm9zrfcsfbix7hkjj72r5kgiwv-llhttp-9.3.0/lib/libuvwasi.so", O_RDONLY|O_CLOEXEC) = -1 ENOENT (No such file or directory)
11867 openat(AT_FDCWD, "/nix/store/y890wk5v7h4dzfs69jycv3fj0fx5y9i5-libuv-1.51.0/lib/libuvwasi.so", O_RDONLY|O_CLOEXEC) = -1 ENOENT (No such file or directory)
11867 openat(AT_FDCWD, "/nix/store/3mg43r6bvdvf0zm3rxj1x9v2vwg6kwmn-simdjson-4.2.4/lib/libuvwasi.so", O_RDONLY|O_CLOEXEC) = -1 ENOENT (No such file or directory)
11867 openat(AT_FDCWD, "/nix/store/q5hdxy658850yynggmkjblbqfgs1w4nq-brotli-1.2.0-lib/lib/libuvwasi.so", O_RDONLY|O_CLOEXEC) = -1 ENOENT (No such file or directory)
11867 openat(AT_FDCWD, "/nix/store/dkvxkb5cb4zl792gz2msbgxhhk2mh43i-c-ares-1.34.6/lib/libuvwasi.so", O_RDONLY|O_CLOEXEC) = -1 ENOENT (No such file or directory)
11867 openat(AT_FDCWD, "/nix/store/j45rf4zx05ckp2d3fj6nb7js7zhs10dx-nghttp2-1.67.1-lib/lib/libuvwasi.so", O_RDONLY|O_CLOEXEC) = -1 ENOENT (No such file or directory)
11867 openat(AT_FDCWD, "/nix/store/x1avvg7xfcb6699afppcbd5qk24smg4n-nghttp3-1.13.1/lib/libuvwasi.so", O_RDONLY|O_CLOEXEC) = -1 ENOENT (No such file or directory)
11867 openat(AT_FDCWD, "/nix/store/zi565pibhgz582kxliylqpvmq1gq9z71-ngtcp2-1.18.0/lib/libuvwasi.so", O_RDONLY|O_CLOEXEC) = -1 ENOENT (No such file or directory)
11867 openat(AT_FDCWD, "/nix/store/bn7m7qn8k7b27jy5lkq3bg4vcxnyjpq0-sqlite-3.51.2/lib/libuvwasi.so", O_RDONLY|O_CLOEXEC) = -1 ENOENT (No such file or directory)
11867 openat(AT_FDCWD, "/nix/store/x0bq7h936cp5dz83wq0wdhnimzcy85fd-uvwasi-0.0.23/lib/glibc-hwcaps/x86-64-v4/libuvwasi.so", O_RDONLY|O_CLOEXEC) = -1 ENOENT (No such file or directory)
11867 openat(AT_FDCWD, "/nix/store/x0bq7h936cp5dz83wq0wdhnimzcy85fd-uvwasi-0.0.23/lib/glibc-hwcaps/x86-64-v3/libuvwasi.so", O_RDONLY|O_CLOEXEC) = -1 ENOENT (No such file or directory)
11867 openat(AT_FDCWD, "/nix/store/x0bq7h936cp5dz83wq0wdhnimzcy85fd-uvwasi-0.0.23/lib/glibc-hwcaps/x86-64-v2/libuvwasi.so", O_RDONLY|O_CLOEXEC) = -1 ENOENT (No such file or directory)
11867 openat(AT_FDCWD, "/nix/store/x0bq7h936cp5dz83wq0wdhnimzcy85fd-uvwasi-0.0.23/lib/libuvwasi.so", O_RDONLY|O_CLOEXEC) = 3
11867 openat(AT_FDCWD, "/nix/store/ri9paa3mri4kqakljak8ldvbcp7lpmif-zlib-1.3.1/lib/libzstd.so.1", O_RDONLY|O_CLOEXEC) = -1 ENOENT (No such file or directory)
11867 openat(AT_FDCWD, "/nix/store/8kwysbrm9zrfcsfbix7hkjj72r5kgiwv-llhttp-9.3.0/lib/libzstd.so.1", O_RDONLY|O_CLOEXEC) = -1 ENOENT (No such file or directory)
11867 openat(AT_FDCWD, "/nix/store/y890wk5v7h4dzfs69jycv3fj0fx5y9i5-libuv-1.51.0/lib/libzstd.so.1", O_RDONLY|O_CLOEXEC) = -1 ENOENT (No such file or directory)
11867 openat(AT_FDCWD, "/nix/store/3mg43r6bvdvf0zm3rxj1x9v2vwg6kwmn-simdjson-4.2.4/lib/libzstd.so.1", O_RDONLY|O_CLOEXEC) = -1 ENOENT (No such file or directory)
11867 openat(AT_FDCWD, "/nix/store/q5hdxy658850yynggmkjblbqfgs1w4nq-brotli-1.2.0-lib/lib/libzstd.so.1", O_RDONLY|O_CLOEXEC) = -1 ENOENT (No such file or directory)
11867 openat(AT_FDCWD, "/nix/store/dkvxkb5cb4zl792gz2msbgxhhk2mh43i-c-ares-1.34.6/lib/libzstd.so.1", O_RDONLY|O_CLOEXEC) = -1 ENOENT (No such file or directory)
11867 openat(AT_FDCWD, "/nix/store/j45rf4zx05ckp2d3fj6nb7js7zhs10dx-nghttp2-1.67.1-lib/lib/libzstd.so.1", O_RDONLY|O_CLOEXEC) = -1 ENOENT (No such file or directory)
11867 openat(AT_FDCWD, "/nix/store/x1avvg7xfcb6699afppcbd5qk24smg4n-nghttp3-1.13.1/lib/libzstd.so.1", O_RDONLY|O_CLOEXEC) = -1 ENOENT (No such file or directory)
11867 openat(AT_FDCWD, "/nix/store/zi565pibhgz582kxliylqpvmq1gq9z71-ngtcp2-1.18.0/lib/libzstd.so.1", O_RDONLY|O_CLOEXEC) = -1 ENOENT (No such file or directory)
11867 openat(AT_FDCWD, "/nix/store/bn7m7qn8k7b27jy5lkq3bg4vcxnyjpq0-sqlite-3.51.2/lib/libzstd.so.1", O_RDONLY|O_CLOEXEC) = -1 ENOENT (No such file or directory)
11867 openat(AT_FDCWD, "/nix/store/x0bq7h936cp5dz83wq0wdhnimzcy85fd-uvwasi-0.0.23/lib/libzstd.so.1", O_RDONLY|O_CLOEXEC) = -1 ENOENT (No such file or directory)
11867 openat(AT_FDCWD, "/nix/store/hqjka260vqvnl1k73dwqqqhcx0yiy6c0-zstd-1.5.7/lib/glibc-hwcaps/x86-64-v4/libzstd.so.1", O_RDONLY|O_CLOEXEC) = -1 ENOENT (No such file or directory)
11867 openat(AT_FDCWD, "/nix/store/hqjka260vqvnl1k73dwqqqhcx0yiy6c0-zstd-1.5.7/lib/glibc-hwcaps/x86-64-v3/libzstd.so.1", O_RDONLY|O_CLOEXEC) = -1 ENOENT (No such file or directory)
11867 openat(AT_FDCWD, "/nix/store/hqjka260vqvnl1k73dwqqqhcx0yiy6c0-zstd-1.5.7/lib/glibc-hwcaps/x86-64-v2/libzstd.so.1", O_RDONLY|O_CLOEXEC) = -1 ENOENT (No such file or directory)
11867 openat(AT_FDCWD, "/nix/store/hqjka260vqvnl1k73dwqqqhcx0yiy6c0-zstd-1.5.7/lib/libzstd.so.1", O_RDONLY|O_CLOEXEC) = 3
11867 openat(AT_FDCWD, "/nix/store/ri9paa3mri4kqakljak8ldvbcp7lpmif-zlib-1.3.1/lib/libcrypto.so.3", O_RDONLY|O_CLOEXEC) = -1 ENOENT (No such file or directory)
11867 openat(AT_FDCWD, "/nix/store/8kwysbrm9zrfcsfbix7hkjj72r5kgiwv-llhttp-9.3.0/lib/libcrypto.so.3", O_RDONLY|O_CLOEXEC) = -1 ENOENT (No such file or directory)
11867 openat(AT_FDCWD, "/nix/store/y890wk5v7h4dzfs69jycv3fj0fx5y9i5-libuv-1.51.0/lib/libcrypto.so.3", O_RDONLY|O_CLOEXEC) = -1 ENOENT (No such file or directory)
11867 openat(AT_FDCWD, "/nix/store/3mg43r6bvdvf0zm3rxj1x9v2vwg6kwmn-simdjson-4.2.4/lib/libcrypto.so.3", O_RDONLY|O_CLOEXEC) = -1 ENOENT (No such file or directory)
11867 openat(AT_FDCWD, "/nix/store/q5hdxy658850yynggmkjblbqfgs1w4nq-brotli-1.2.0-lib/lib/libcrypto.so.3", O_RDONLY|O_CLOEXEC) = -1 ENOENT (No such file or directory)
11867 openat(AT_FDCWD, "/nix/store/dkvxkb5cb4zl792gz2msbgxhhk2mh43i-c-ares-1.34.6/lib/libcrypto.so.3", O_RDONLY|O_CLOEXEC) = -1 ENOENT (No such file or directory)
11867 openat(AT_FDCWD, "/nix/store/j45rf4zx05ckp2d3fj6nb7js7zhs10dx-nghttp2-1.67.1-lib/lib/libcrypto.so.3", O_RDONLY|O_CLOEXEC) = -1 ENOENT (No such file or directory)
11867 openat(AT_FDCWD, "/nix/store/x1avvg7xfcb6699afppcbd5qk24smg4n-nghttp3-1.13.1/lib/libcrypto.so.3", O_RDONLY|O_CLOEXEC) = -1 ENOENT (No such file or directory)
11867 openat(AT_FDCWD, "/nix/store/zi565pibhgz582kxliylqpvmq1gq9z71-ngtcp2-1.18.0/lib/libcrypto.so.3", O_RDONLY|O_CLOEXEC) = -1 ENOENT (No such file or directory)
11867 openat(AT_FDCWD, "/nix/store/bn7m7qn8k7b27jy5lkq3bg4vcxnyjpq0-sqlite-3.51.2/lib/libcrypto.so.3", O_RDONLY|O_CLOEXEC) = -1 ENOENT (No such file or directory)
11867 openat(AT_FDCWD, "/nix/store/x0bq7h936cp5dz83wq0wdhnimzcy85fd-uvwasi-0.0.23/lib/libcrypto.so.3", O_RDONLY|O_CLOEXEC) = -1 ENOENT (No such file or directory)
11867 openat(AT_FDCWD, "/nix/store/hqjka260vqvnl1k73dwqqqhcx0yiy6c0-zstd-1.5.7/lib/libcrypto.so.3", O_RDONLY|O_CLOEXEC) = -1 ENOENT (No such file or directory)
11867 openat(AT_FDCWD, "/nix/store/g7lir5wb7g1a31szgw6n5wa0kbsq04zd-openssl-3.6.0/lib/glibc-hwcaps/x86-64-v4/libcrypto.so.3", O_RDONLY|O_CLOEXEC) = -1 ENOENT (No such file or directory)
11867 openat(AT_FDCWD, "/nix/store/g7lir5wb7g1a31szgw6n5wa0kbsq04zd-openssl-3.6.0/lib/glibc-hwcaps/x86-64-v3/libcrypto.so.3", O_RDONLY|O_CLOEXEC) = -1 ENOENT (No such file or directory)
11867 openat(AT_FDCWD, "/nix/store/g7lir5wb7g1a31szgw6n5wa0kbsq04zd-openssl-3.6.0/lib/glibc-hwcaps/x86-64-v2/libcrypto.so.3", O_RDONLY|O_CLOEXEC) = -1 ENOENT (No such file or directory)
11867 openat(AT_FDCWD, "/nix/store/g7lir5wb7g1a31szgw6n5wa0kbsq04zd-openssl-3.6.0/lib/libcrypto.so.3", O_RDONLY|O_CLOEXEC) = 3
11867 openat(AT_FDCWD, "/nix/store/ri9paa3mri4kqakljak8ldvbcp7lpmif-zlib-1.3.1/lib/libssl.so.3", O_RDONLY|O_CLOEXEC) = -1 ENOENT (No such file or directory)
11867 openat(AT_FDCWD, "/nix/store/8kwysbrm9zrfcsfbix7hkjj72r5kgiwv-llhttp-9.3.0/lib/libssl.so.3", O_RDONLY|O_CLOEXEC) = -1 ENOENT (No such file or directory)
11867 openat(AT_FDCWD, "/nix/store/y890wk5v7h4dzfs69jycv3fj0fx5y9i5-libuv-1.51.0/lib/libssl.so.3", O_RDONLY|O_CLOEXEC) = -1 ENOENT (No such file or directory)
11867 openat(AT_FDCWD, "/nix/store/3mg43r6bvdvf0zm3rxj1x9v2vwg6kwmn-simdjson-4.2.4/lib/libssl.so.3", O_RDONLY|O_CLOEXEC) = -1 ENOENT (No such file or directory)
11867 openat(AT_FDCWD, "/nix/store/q5hdxy658850yynggmkjblbqfgs1w4nq-brotli-1.2.0-lib/lib/libssl.so.3", O_RDONLY|O_CLOEXEC) = -1 ENOENT (No such file or directory)
11867 openat(AT_FDCWD, "/nix/store/dkvxkb5cb4zl792gz2msbgxhhk2mh43i-c-ares-1.34.6/lib/libssl.so.3", O_RDONLY|O_CLOEXEC) = -1 ENOENT (No such file or directory)
11867 openat(AT_FDCWD, "/nix/store/j45rf4zx05ckp2d3fj6nb7js7zhs10dx-nghttp2-1.67.1-lib/lib/libssl.so.3", O_RDONLY|O_CLOEXEC) = -1 ENOENT (No such file or directory)
11867 openat(AT_FDCWD, "/nix/store/x1avvg7xfcb6699afppcbd5qk24smg4n-nghttp3-1.13.1/lib/libssl.so.3", O_RDONLY|O_CLOEXEC) = -1 ENOENT (No such file or directory)
11867 openat(AT_FDCWD, "/nix/store/zi565pibhgz582kxliylqpvmq1gq9z71-ngtcp2-1.18.0/lib/libssl.so.3", O_RDONLY|O_CLOEXEC) = -1 ENOENT (No such file or directory)
11867 openat(AT_FDCWD, "/nix/store/bn7m7qn8k7b27jy5lkq3bg4vcxnyjpq0-sqlite-3.51.2/lib/libssl.so.3", O_RDONLY|O_CLOEXEC) = -1 ENOENT (No such file or directory)
11867 openat(AT_FDCWD, "/nix/store/x0bq7h936cp5dz83wq0wdhnimzcy85fd-uvwasi-0.0.23/lib/libssl.so.3", O_RDONLY|O_CLOEXEC) = -1 ENOENT (No such file or directory)
11867 openat(AT_FDCWD, "/nix/store/hqjka260vqvnl1k73dwqqqhcx0yiy6c0-zstd-1.5.7/lib/libssl.so.3", O_RDONLY|O_CLOEXEC) = -1 ENOENT (No such file or directory)
11867 openat(AT_FDCWD, "/nix/store/g7lir5wb7g1a31szgw6n5wa0kbsq04zd-openssl-3.6.0/lib/libssl.so.3", O_RDONLY|O_CLOEXEC) = 3
11867 openat(AT_FDCWD, "/nix/store/ri9paa3mri4kqakljak8ldvbcp7lpmif-zlib-1.3.1/lib/libicui18n.so.76", O_RDONLY|O_CLOEXEC) = -1 ENOENT (No such file or directory)
11867 openat(AT_FDCWD, "/nix/store/8kwysbrm9zrfcsfbix7hkjj72r5kgiwv-llhttp-9.3.0/lib/libicui18n.so.76", O_RDONLY|O_CLOEXEC) = -1 ENOENT (No such file or directory)
11867 openat(AT_FDCWD, "/nix/store/y890wk5v7h4dzfs69jycv3fj0fx5y9i5-libuv-1.51.0/lib/libicui18n.so.76", O_RDONLY|O_CLOEXEC) = -1 ENOENT (No such file or directory)
11867 openat(AT_FDCWD, "/nix/store/3mg43r6bvdvf0zm3rxj1x9v2vwg6kwmn-simdjson-4.2.4/lib/libicui18n.so.76", O_RDONLY|O_CLOEXEC) = -1 ENOENT (No such file or directory)
11867 openat(AT_FDCWD, "/nix/store/q5hdxy658850yynggmkjblbqfgs1w4nq-brotli-1.2.0-lib/lib/libicui18n.so.76", O_RDONLY|O_CLOEXEC) = -1 ENOENT (No such file or directory)
11867 openat(AT_FDCWD, "/nix/store/dkvxkb5cb4zl792gz2msbgxhhk2mh43i-c-ares-1.34.6/lib/libicui18n.so.76", O_RDONLY|O_CLOEXEC) = -1 ENOENT (No such file or directory)
11867 openat(AT_FDCWD, "/nix/store/j45rf4zx05ckp2d3fj6nb7js7zhs10dx-nghttp2-1.67.1-lib/lib/libicui18n.so.76", O_RDONLY|O_CLOEXEC) = -1 ENOENT (No such file or directory)
11867 openat(AT_FDCWD, "/nix/store/x1avvg7xfcb6699afppcbd5qk24smg4n-nghttp3-1.13.1/lib/libicui18n.so.76", O_RDONLY|O_CLOEXEC) = -1 ENOENT (No such file or directory)
11867 openat(AT_FDCWD, "/nix/store/zi565pibhgz582kxliylqpvmq1gq9z71-ngtcp2-1.18.0/lib/libicui18n.so.76", O_RDONLY|O_CLOEXEC) = -1 ENOENT (No such file or directory)
11867 openat(AT_FDCWD, "/nix/store/bn7m7qn8k7b27jy5lkq3bg4vcxnyjpq0-sqlite-3.51.2/lib/libicui18n.so.76", O_RDONLY|O_CLOEXEC) = -1 ENOENT (No such file or directory)
11867 openat(AT_FDCWD, "/nix/store/x0bq7h936cp5dz83wq0wdhnimzcy85fd-uvwasi-0.0.23/lib/libicui18n.so.76", O_RDONLY|O_CLOEXEC) = -1 ENOENT (No such file or directory)
11867 openat(AT_FDCWD, "/nix/store/hqjka260vqvnl1k73dwqqqhcx0yiy6c0-zstd-1.5.7/lib/libicui18n.so.76", O_RDONLY|O_CLOEXEC) = -1 ENOENT (No such file or directory)
11867 openat(AT_FDCWD, "/nix/store/g7lir5wb7g1a31szgw6n5wa0kbsq04zd-openssl-3.6.0/lib/libicui18n.so.76", O_RDONLY|O_CLOEXEC) = -1 ENOENT (No such file or directory)
11867 openat(AT_FDCWD, "/nix/store/q34rjcffjcmhbnsx8nd6w0i2xamz66i3-icu4c-76.1/lib/glibc-hwcaps/x86-64-v4/libicui18n.so.76", O_RDONLY|O_CLOEXEC) = -1 ENOENT (No such file or directory)
11867 openat(AT_FDCWD, "/nix/store/q34rjcffjcmhbnsx8nd6w0i2xamz66i3-icu4c-76.1/lib/glibc-hwcaps/x86-64-v3/libicui18n.so.76", O_RDONLY|O_CLOEXEC) = -1 ENOENT (No such file or directory)
11867 openat(AT_FDCWD, "/nix/store/q34rjcffjcmhbnsx8nd6w0i2xamz66i3-icu4c-76.1/lib/glibc-hwcaps/x86-64-v2/libicui18n.so.76", O_RDONLY|O_CLOEXEC) = -1 ENOENT (No such file or directory)
11867 openat(AT_FDCWD, "/nix/store/q34rjcffjcmhbnsx8nd6w0i2xamz66i3-icu4c-76.1/lib/libicui18n.so.76", O_RDONLY|O_CLOEXEC) = 3
11867 openat(AT_FDCWD, "/nix/store/ri9paa3mri4kqakljak8ldvbcp7lpmif-zlib-1.3.1/lib/libicuuc.so.76", O_RDONLY|O_CLOEXEC) = -1 ENOENT (No such file or directory)
11867 openat(AT_FDCWD, "/nix/store/8kwysbrm9zrfcsfbix7hkjj72r5kgiwv-llhttp-9.3.0/lib/libicuuc.so.76", O_RDONLY|O_CLOEXEC) = -1 ENOENT (No such file or directory)
11867 openat(AT_FDCWD, "/nix/store/y890wk5v7h4dzfs69jycv3fj0fx5y9i5-libuv-1.51.0/lib/libicuuc.so.76", O_RDONLY|O_CLOEXEC) = -1 ENOENT (No such file or directory)
11867 openat(AT_FDCWD, "/nix/store/3mg43r6bvdvf0zm3rxj1x9v2vwg6kwmn-simdjson-4.2.4/lib/libicuuc.so.76", O_RDONLY|O_CLOEXEC) = -1 ENOENT (No such file or directory)
11867 openat(AT_FDCWD, "/nix/store/q5hdxy658850yynggmkjblbqfgs1w4nq-brotli-1.2.0-lib/lib/libicuuc.so.76", O_RDONLY|O_CLOEXEC) = -1 ENOENT (No such file or directory)
11867 openat(AT_FDCWD, "/nix/store/dkvxkb5cb4zl792gz2msbgxhhk2mh43i-c-ares-1.34.6/lib/libicuuc.so.76", O_RDONLY|O_CLOEXEC) = -1 ENOENT (No such file or directory)
11867 openat(AT_FDCWD, "/nix/store/j45rf4zx05ckp2d3fj6nb7js7zhs10dx-nghttp2-1.67.1-lib/lib/libicuuc.so.76", O_RDONLY|O_CLOEXEC) = -1 ENOENT (No such file or directory)
11867 openat(AT_FDCWD, "/nix/store/x1avvg7xfcb6699afppcbd5qk24smg4n-nghttp3-1.13.1/lib/libicuuc.so.76", O_RDONLY|O_CLOEXEC) = -1 ENOENT (No such file or directory)
11867 openat(AT_FDCWD, "/nix/store/zi565pibhgz582kxliylqpvmq1gq9z71-ngtcp2-1.18.0/lib/libicuuc.so.76", O_RDONLY|O_CLOEXEC) = -1 ENOENT (No such file or directory)
11867 openat(AT_FDCWD, "/nix/store/bn7m7qn8k7b27jy5lkq3bg4vcxnyjpq0-sqlite-3.51.2/lib/libicuuc.so.76", O_RDONLY|O_CLOEXEC) = -1 ENOENT (No such file or directory)
11867 openat(AT_FDCWD, "/nix/store/x0bq7h936cp5dz83wq0wdhnimzcy85fd-uvwasi-0.0.23/lib/libicuuc.so.76", O_RDONLY|O_CLOEXEC) = -1 ENOENT (No such file or directory)
11867 openat(AT_FDCWD, "/nix/store/hqjka260vqvnl1k73dwqqqhcx0yiy6c0-zstd-1.5.7/lib/libicuuc.so.76", O_RDONLY|O_CLOEXEC) = -1 ENOENT (No such file or directory)
11867 openat(AT_FDCWD, "/nix/store/g7lir5wb7g1a31szgw6n5wa0kbsq04zd-openssl-3.6.0/lib/libicuuc.so.76", O_RDONLY|O_CLOEXEC) = -1 ENOENT (No such file or directory)
11867 openat(AT_FDCWD, "/nix/store/q34rjcffjcmhbnsx8nd6w0i2xamz66i3-icu4c-76.1/lib/libicuuc.so.76", O_RDONLY|O_CLOEXEC) = 3
11867 openat(AT_FDCWD, "/nix/store/ri9paa3mri4kqakljak8ldvbcp7lpmif-zlib-1.3.1/lib/libdl.so.2", O_RDONLY|O_CLOEXEC) = -1 ENOENT (No such file or directory)
11867 openat(AT_FDCWD, "/nix/store/8kwysbrm9zrfcsfbix7hkjj72r5kgiwv-llhttp-9.3.0/lib/libdl.so.2", O_RDONLY|O_CLOEXEC) = -1 ENOENT (No such file or directory)
11867 openat(AT_FDCWD, "/nix/store/y890wk5v7h4dzfs69jycv3fj0fx5y9i5-libuv-1.51.0/lib/libdl.so.2", O_RDONLY|O_CLOEXEC) = -1 ENOENT (No such file or directory)
11867 openat(AT_FDCWD, "/nix/store/3mg43r6bvdvf0zm3rxj1x9v2vwg6kwmn-simdjson-4.2.4/lib/libdl.so.2", O_RDONLY|O_CLOEXEC) = -1 ENOENT (No such file or directory)
11867 openat(AT_FDCWD, "/nix/store/q5hdxy658850yynggmkjblbqfgs1w4nq-brotli-1.2.0-lib/lib/libdl.so.2", O_RDONLY|O_CLOEXEC) = -1 ENOENT (No such file or directory)
11867 openat(AT_FDCWD, "/nix/store/dkvxkb5cb4zl792gz2msbgxhhk2mh43i-c-ares-1.34.6/lib/libdl.so.2", O_RDONLY|O_CLOEXEC) = -1 ENOENT (No such file or directory)
11867 openat(AT_FDCWD, "/nix/store/j45rf4zx05ckp2d3fj6nb7js7zhs10dx-nghttp2-1.67.1-lib/lib/libdl.so.2", O_RDONLY|O_CLOEXEC) = -1 ENOENT (No such file or directory)
11867 openat(AT_FDCWD, "/nix/store/x1avvg7xfcb6699afppcbd5qk24smg4n-nghttp3-1.13.1/lib/libdl.so.2", O_RDONLY|O_CLOEXEC) = -1 ENOENT (No such file or directory)
11867 openat(AT_FDCWD, "/nix/store/zi565pibhgz582kxliylqpvmq1gq9z71-ngtcp2-1.18.0/lib/libdl.so.2", O_RDONLY|O_CLOEXEC) = -1 ENOENT (No such file or directory)
11867 openat(AT_FDCWD, "/nix/store/bn7m7qn8k7b27jy5lkq3bg4vcxnyjpq0-sqlite-3.51.2/lib/libdl.so.2", O_RDONLY|O_CLOEXEC) = -1 ENOENT (No such file or directory)
11867 openat(AT_FDCWD, "/nix/store/x0bq7h936cp5dz83wq0wdhnimzcy85fd-uvwasi-0.0.23/lib/libdl.so.2", O_RDONLY|O_CLOEXEC) = -1 ENOENT (No such file or directory)
11867 openat(AT_FDCWD, "/nix/store/hqjka260vqvnl1k73dwqqqhcx0yiy6c0-zstd-1.5.7/lib/libdl.so.2", O_RDONLY|O_CLOEXEC) = -1 ENOENT (No such file or directory)
11867 openat(AT_FDCWD, "/nix/store/g7lir5wb7g1a31szgw6n5wa0kbsq04zd-openssl-3.6.0/lib/libdl.so.2", O_RDONLY|O_CLOEXEC) = -1 ENOENT (No such file or directory)
11867 openat(AT_FDCWD, "/nix/store/q34rjcffjcmhbnsx8nd6w0i2xamz66i3-icu4c-76.1/lib/libdl.so.2", O_RDONLY|O_CLOEXEC) = -1 ENOENT (No such file or directory)
11867 openat(AT_FDCWD, "/nix/store/wb6rhpznjfczwlwx23zmdrrw74bayxw4-glibc-2.42-47/lib/glibc-hwcaps/x86-64-v4/libdl.so.2", O_RDONLY|O_CLOEXEC) = -1 ENOENT (No such file or directory)
11867 openat(AT_FDCWD, "/nix/store/wb6rhpznjfczwlwx23zmdrrw74bayxw4-glibc-2.42-47/lib/glibc-hwcaps/x86-64-v3/libdl.so.2", O_RDONLY|O_CLOEXEC) = -1 ENOENT (No such file or directory)
11867 openat(AT_FDCWD, "/nix/store/wb6rhpznjfczwlwx23zmdrrw74bayxw4-glibc-2.42-47/lib/glibc-hwcaps/x86-64-v2/libdl.so.2", O_RDONLY|O_CLOEXEC) = -1 ENOENT (No such file or directory)
11867 openat(AT_FDCWD, "/nix/store/wb6rhpznjfczwlwx23zmdrrw74bayxw4-glibc-2.42-47/lib/libdl.so.2", O_RDONLY|O_CLOEXEC) = 3
11867 openat(AT_FDCWD, "/nix/store/ri9paa3mri4kqakljak8ldvbcp7lpmif-zlib-1.3.1/lib/libstdc++.so.6", O_RDONLY|O_CLOEXEC) = -1 ENOENT (No such file or directory)
11867 openat(AT_FDCWD, "/nix/store/8kwysbrm9zrfcsfbix7hkjj72r5kgiwv-llhttp-9.3.0/lib/libstdc++.so.6", O_RDONLY|O_CLOEXEC) = -1 ENOENT (No such file or directory)
11867 openat(AT_FDCWD, "/nix/store/y890wk5v7h4dzfs69jycv3fj0fx5y9i5-libuv-1.51.0/lib/libstdc++.so.6", O_RDONLY|O_CLOEXEC) = -1 ENOENT (No such file or directory)
11867 openat(AT_FDCWD, "/nix/store/3mg43r6bvdvf0zm3rxj1x9v2vwg6kwmn-simdjson-4.2.4/lib/libstdc++.so.6", O_RDONLY|O_CLOEXEC) = -1 ENOENT (No such file or directory)
11867 openat(AT_FDCWD, "/nix/store/q5hdxy658850yynggmkjblbqfgs1w4nq-brotli-1.2.0-lib/lib/libstdc++.so.6", O_RDONLY|O_CLOEXEC) = -1 ENOENT (No such file or directory)
11867 openat(AT_FDCWD, "/nix/store/dkvxkb5cb4zl792gz2msbgxhhk2mh43i-c-ares-1.34.6/lib/libstdc++.so.6", O_RDONLY|O_CLOEXEC) = -1 ENOENT (No such file or directory)
11867 openat(AT_FDCWD, "/nix/store/j45rf4zx05ckp2d3fj6nb7js7zhs10dx-nghttp2-1.67.1-lib/lib/libstdc++.so.6", O_RDONLY|O_CLOEXEC) = -1 ENOENT (No such file or directory)
11867 openat(AT_FDCWD, "/nix/store/x1avvg7xfcb6699afppcbd5qk24smg4n-nghttp3-1.13.1/lib/libstdc++.so.6", O_RDONLY|O_CLOEXEC) = -1 ENOENT (No such file or directory)
11867 openat(AT_FDCWD, "/nix/store/zi565pibhgz582kxliylqpvmq1gq9z71-ngtcp2-1.18.0/lib/libstdc++.so.6", O_RDONLY|O_CLOEXEC) = -1 ENOENT (No such file or directory)
11867 openat(AT_FDCWD, "/nix/store/bn7m7qn8k7b27jy5lkq3bg4vcxnyjpq0-sqlite-3.51.2/lib/libstdc++.so.6", O_RDONLY|O_CLOEXEC) = -1 ENOENT (No such file or directory)
11867 openat(AT_FDCWD, "/nix/store/x0bq7h936cp5dz83wq0wdhnimzcy85fd-uvwasi-0.0.23/lib/libstdc++.so.6", O_RDONLY|O_CLOEXEC) = -1 ENOENT (No such file or directory)
11867 openat(AT_FDCWD, "/nix/store/hqjka260vqvnl1k73dwqqqhcx0yiy6c0-zstd-1.5.7/lib/libstdc++.so.6", O_RDONLY|O_CLOEXEC) = -1 ENOENT (No such file or directory)
11867 openat(AT_FDCWD, "/nix/store/g7lir5wb7g1a31szgw6n5wa0kbsq04zd-openssl-3.6.0/lib/libstdc++.so.6", O_RDONLY|O_CLOEXEC) = -1 ENOENT (No such file or directory)
11867 openat(AT_FDCWD, "/nix/store/q34rjcffjcmhbnsx8nd6w0i2xamz66i3-icu4c-76.1/lib/libstdc++.so.6", O_RDONLY|O_CLOEXEC) = -1 ENOENT (No such file or directory)
11867 openat(AT_FDCWD, "/nix/store/wb6rhpznjfczwlwx23zmdrrw74bayxw4-glibc-2.42-47/lib/libstdc++.so.6", O_RDONLY|O_CLOEXEC) = -1 ENOENT (No such file or directory)
11867 openat(AT_FDCWD, "/nix/store/j2kgllgds4w7na8zqv1msi0mpvpjxda8-gcc-15.2.0-lib/lib/glibc-hwcaps/x86-64-v4/libstdc++.so.6", O_RDONLY|O_CLOEXEC) = -1 ENOENT (No such file or directory)
11867 openat(AT_FDCWD, "/nix/store/j2kgllgds4w7na8zqv1msi0mpvpjxda8-gcc-15.2.0-lib/lib/glibc-hwcaps/x86-64-v3/libstdc++.so.6", O_RDONLY|O_CLOEXEC) = -1 ENOENT (No such file or directory)
11867 openat(AT_FDCWD, "/nix/store/j2kgllgds4w7na8zqv1msi0mpvpjxda8-gcc-15.2.0-lib/lib/glibc-hwcaps/x86-64-v2/libstdc++.so.6", O_RDONLY|O_CLOEXEC) = -1 ENOENT (No such file or directory)
11867 openat(AT_FDCWD, "/nix/store/j2kgllgds4w7na8zqv1msi0mpvpjxda8-gcc-15.2.0-lib/lib/libstdc++.so.6", O_RDONLY|O_CLOEXEC) = 3
11867 openat(AT_FDCWD, "/nix/store/ri9paa3mri4kqakljak8ldvbcp7lpmif-zlib-1.3.1/lib/libm.so.6", O_RDONLY|O_CLOEXEC) = -1 ENOENT (No such file or directory)
11867 openat(AT_FDCWD, "/nix/store/8kwysbrm9zrfcsfbix7hkjj72r5kgiwv-llhttp-9.3.0/lib/libm.so.6", O_RDONLY|O_CLOEXEC) = -1 ENOENT (No such file or directory)
11867 openat(AT_FDCWD, "/nix/store/y890wk5v7h4dzfs69jycv3fj0fx5y9i5-libuv-1.51.0/lib/libm.so.6", O_RDONLY|O_CLOEXEC) = -1 ENOENT (No such file or directory)
11867 openat(AT_FDCWD, "/nix/store/3mg43r6bvdvf0zm3rxj1x9v2vwg6kwmn-simdjson-4.2.4/lib/libm.so.6", O_RDONLY|O_CLOEXEC) = -1 ENOENT (No such file or directory)
11867 openat(AT_FDCWD, "/nix/store/q5hdxy658850yynggmkjblbqfgs1w4nq-brotli-1.2.0-lib/lib/libm.so.6", O_RDONLY|O_CLOEXEC) = -1 ENOENT (No such file or directory)
11867 openat(AT_FDCWD, "/nix/store/dkvxkb5cb4zl792gz2msbgxhhk2mh43i-c-ares-1.34.6/lib/libm.so.6", O_RDONLY|O_CLOEXEC) = -1 ENOENT (No such file or directory)
11867 openat(AT_FDCWD, "/nix/store/j45rf4zx05ckp2d3fj6nb7js7zhs10dx-nghttp2-1.67.1-lib/lib/libm.so.6", O_RDONLY|O_CLOEXEC) = -1 ENOENT (No such file or directory)
11867 openat(AT_FDCWD, "/nix/store/x1avvg7xfcb6699afppcbd5qk24smg4n-nghttp3-1.13.1/lib/libm.so.6", O_RDONLY|O_CLOEXEC) = -1 ENOENT (No such file or directory)
11867 openat(AT_FDCWD, "/nix/store/zi565pibhgz582kxliylqpvmq1gq9z71-ngtcp2-1.18.0/lib/libm.so.6", O_RDONLY|O_CLOEXEC) = -1 ENOENT (No such file or directory)
11867 openat(AT_FDCWD, "/nix/store/bn7m7qn8k7b27jy5lkq3bg4vcxnyjpq0-sqlite-3.51.2/lib/libm.so.6", O_RDONLY|O_CLOEXEC) = -1 ENOENT (No such file or directory)
11867 openat(AT_FDCWD, "/nix/store/x0bq7h936cp5dz83wq0wdhnimzcy85fd-uvwasi-0.0.23/lib/libm.so.6", O_RDONLY|O_CLOEXEC) = -1 ENOENT (No such file or directory)
11867 openat(AT_FDCWD, "/nix/store/hqjka260vqvnl1k73dwqqqhcx0yiy6c0-zstd-1.5.7/lib/libm.so.6", O_RDONLY|O_CLOEXEC) = -1 ENOENT (No such file or directory)
11867 openat(AT_FDCWD, "/nix/store/g7lir5wb7g1a31szgw6n5wa0kbsq04zd-openssl-3.6.0/lib/libm.so.6", O_RDONLY|O_CLOEXEC) = -1 ENOENT (No such file or directory)
11867 openat(AT_FDCWD, "/nix/store/q34rjcffjcmhbnsx8nd6w0i2xamz66i3-icu4c-76.1/lib/libm.so.6", O_RDONLY|O_CLOEXEC) = -1 ENOENT (No such file or directory)
11867 openat(AT_FDCWD, "/nix/store/wb6rhpznjfczwlwx23zmdrrw74bayxw4-glibc-2.42-47/lib/libm.so.6", O_RDONLY|O_CLOEXEC) = 3
11867 openat(AT_FDCWD, "/nix/store/ri9paa3mri4kqakljak8ldvbcp7lpmif-zlib-1.3.1/lib/libgcc_s.so.1", O_RDONLY|O_CLOEXEC) = -1 ENOENT (No such file or directory)
11867 openat(AT_FDCWD, "/nix/store/8kwysbrm9zrfcsfbix7hkjj72r5kgiwv-llhttp-9.3.0/lib/libgcc_s.so.1", O_RDONLY|O_CLOEXEC) = -1 ENOENT (No such file or directory)
11867 openat(AT_FDCWD, "/nix/store/y890wk5v7h4dzfs69jycv3fj0fx5y9i5-libuv-1.51.0/lib/libgcc_s.so.1", O_RDONLY|O_CLOEXEC) = -1 ENOENT (No such file or directory)
11867 openat(AT_FDCWD, "/nix/store/3mg43r6bvdvf0zm3rxj1x9v2vwg6kwmn-simdjson-4.2.4/lib/libgcc_s.so.1", O_RDONLY|O_CLOEXEC) = -1 ENOENT (No such file or directory)
11867 openat(AT_FDCWD, "/nix/store/q5hdxy658850yynggmkjblbqfgs1w4nq-brotli-1.2.0-lib/lib/libgcc_s.so.1", O_RDONLY|O_CLOEXEC) = -1 ENOENT (No such file or directory)
11867 openat(AT_FDCWD, "/nix/store/dkvxkb5cb4zl792gz2msbgxhhk2mh43i-c-ares-1.34.6/lib/libgcc_s.so.1", O_RDONLY|O_CLOEXEC) = -1 ENOENT (No such file or directory)
11867 openat(AT_FDCWD, "/nix/store/j45rf4zx05ckp2d3fj6nb7js7zhs10dx-nghttp2-1.67.1-lib/lib/libgcc_s.so.1", O_RDONLY|O_CLOEXEC) = -1 ENOENT (No such file or directory)
11867 openat(AT_FDCWD, "/nix/store/x1avvg7xfcb6699afppcbd5qk24smg4n-nghttp3-1.13.1/lib/libgcc_s.so.1", O_RDONLY|O_CLOEXEC) = -1 ENOENT (No such file or directory)
11867 openat(AT_FDCWD, "/nix/store/zi565pibhgz582kxliylqpvmq1gq9z71-ngtcp2-1.18.0/lib/libgcc_s.so.1", O_RDONLY|O_CLOEXEC) = -1 ENOENT (No such file or directory)
11867 openat(AT_FDCWD, "/nix/store/bn7m7qn8k7b27jy5lkq3bg4vcxnyjpq0-sqlite-3.51.2/lib/libgcc_s.so.1", O_RDONLY|O_CLOEXEC) = -1 ENOENT (No such file or directory)
11867 openat(AT_FDCWD, "/nix/store/x0bq7h936cp5dz83wq0wdhnimzcy85fd-uvwasi-0.0.23/lib/libgcc_s.so.1", O_RDONLY|O_CLOEXEC) = -1 ENOENT (No such file or directory)
11867 openat(AT_FDCWD, "/nix/store/hqjka260vqvnl1k73dwqqqhcx0yiy6c0-zstd-1.5.7/lib/libgcc_s.so.1", O_RDONLY|O_CLOEXEC) = -1 ENOENT (No such file or directory)
11867 openat(AT_FDCWD, "/nix/store/g7lir5wb7g1a31szgw6n5wa0kbsq04zd-openssl-3.6.0/lib/libgcc_s.so.1", O_RDONLY|O_CLOEXEC) = -1 ENOENT (No such file or directory)
11867 openat(AT_FDCWD, "/nix/store/q34rjcffjcmhbnsx8nd6w0i2xamz66i3-icu4c-76.1/lib/libgcc_s.so.1", O_RDONLY|O_CLOEXEC) = -1 ENOENT (No such file or directory)
11867 openat(AT_FDCWD, "/nix/store/wb6rhpznjfczwlwx23zmdrrw74bayxw4-glibc-2.42-47/lib/libgcc_s.so.1", O_RDONLY|O_CLOEXEC) = -1 ENOENT (No such file or directory)
11867 openat(AT_FDCWD, "/nix/store/j2kgllgds4w7na8zqv1msi0mpvpjxda8-gcc-15.2.0-lib/lib/libgcc_s.so.1", O_RDONLY|O_CLOEXEC) = 3
11867 openat(AT_FDCWD, "/nix/store/ri9paa3mri4kqakljak8ldvbcp7lpmif-zlib-1.3.1/lib/libpthread.so.0", O_RDONLY|O_CLOEXEC) = -1 ENOENT (No such file or directory)
11867 openat(AT_FDCWD, "/nix/store/8kwysbrm9zrfcsfbix7hkjj72r5kgiwv-llhttp-9.3.0/lib/libpthread.so.0", O_RDONLY|O_CLOEXEC) = -1 ENOENT (No such file or directory)
11867 openat(AT_FDCWD, "/nix/store/y890wk5v7h4dzfs69jycv3fj0fx5y9i5-libuv-1.51.0/lib/libpthread.so.0", O_RDONLY|O_CLOEXEC) = -1 ENOENT (No such file or directory)
11867 openat(AT_FDCWD, "/nix/store/3mg43r6bvdvf0zm3rxj1x9v2vwg6kwmn-simdjson-4.2.4/lib/libpthread.so.0", O_RDONLY|O_CLOEXEC) = -1 ENOENT (No such file or directory)
11867 openat(AT_FDCWD, "/nix/store/q5hdxy658850yynggmkjblbqfgs1w4nq-brotli-1.2.0-lib/lib/libpthread.so.0", O_RDONLY|O_CLOEXEC) = -1 ENOENT (No such file or directory)
11867 openat(AT_FDCWD, "/nix/store/dkvxkb5cb4zl792gz2msbgxhhk2mh43i-c-ares-1.34.6/lib/libpthread.so.0", O_RDONLY|O_CLOEXEC) = -1 ENOENT (No such file or directory)
11867 openat(AT_FDCWD, "/nix/store/j45rf4zx05ckp2d3fj6nb7js7zhs10dx-nghttp2-1.67.1-lib/lib/libpthread.so.0", O_RDONLY|O_CLOEXEC) = -1 ENOENT (No such file or directory)
11867 openat(AT_FDCWD, "/nix/store/x1avvg7xfcb6699afppcbd5qk24smg4n-nghttp3-1.13.1/lib/libpthread.so.0", O_RDONLY|O_CLOEXEC) = -1 ENOENT (No such file or directory)
11867 openat(AT_FDCWD, "/nix/store/zi565pibhgz582kxliylqpvmq1gq9z71-ngtcp2-1.18.0/lib/libpthread.so.0", O_RDONLY|O_CLOEXEC) = -1 ENOENT (No such file or directory)
11867 openat(AT_FDCWD, "/nix/store/bn7m7qn8k7b27jy5lkq3bg4vcxnyjpq0-sqlite-3.51.2/lib/libpthread.so.0", O_RDONLY|O_CLOEXEC) = -1 ENOENT (No such file or directory)
11867 openat(AT_FDCWD, "/nix/store/x0bq7h936cp5dz83wq0wdhnimzcy85fd-uvwasi-0.0.23/lib/libpthread.so.0", O_RDONLY|O_CLOEXEC) = -1 ENOENT (No such file or directory)
11867 openat(AT_FDCWD, "/nix/store/hqjka260vqvnl1k73dwqqqhcx0yiy6c0-zstd-1.5.7/lib/libpthread.so.0", O_RDONLY|O_CLOEXEC) = -1 ENOENT (No such file or directory)
11867 openat(AT_FDCWD, "/nix/store/g7lir5wb7g1a31szgw6n5wa0kbsq04zd-openssl-3.6.0/lib/libpthread.so.0", O_RDONLY|O_CLOEXEC) = -1 ENOENT (No such file or directory)
11867 openat(AT_FDCWD, "/nix/store/q34rjcffjcmhbnsx8nd6w0i2xamz66i3-icu4c-76.1/lib/libpthread.so.0", O_RDONLY|O_CLOEXEC) = -1 ENOENT (No such file or directory)
11867 openat(AT_FDCWD, "/nix/store/wb6rhpznjfczwlwx23zmdrrw74bayxw4-glibc-2.42-47/lib/libpthread.so.0", O_RDONLY|O_CLOEXEC) = 3
11867 openat(AT_FDCWD, "/nix/store/ri9paa3mri4kqakljak8ldvbcp7lpmif-zlib-1.3.1/lib/libc.so.6", O_RDONLY|O_CLOEXEC) = -1 ENOENT (No such file or directory)
11867 openat(AT_FDCWD, "/nix/store/8kwysbrm9zrfcsfbix7hkjj72r5kgiwv-llhttp-9.3.0/lib/libc.so.6", O_RDONLY|O_CLOEXEC) = -1 ENOENT (No such file or directory)
11867 openat(AT_FDCWD, "/nix/store/y890wk5v7h4dzfs69jycv3fj0fx5y9i5-libuv-1.51.0/lib/libc.so.6", O_RDONLY|O_CLOEXEC) = -1 ENOENT (No such file or directory)
11867 openat(AT_FDCWD, "/nix/store/3mg43r6bvdvf0zm3rxj1x9v2vwg6kwmn-simdjson-4.2.4/lib/libc.so.6", O_RDONLY|O_CLOEXEC) = -1 ENOENT (No such file or directory)
11867 openat(AT_FDCWD, "/nix/store/q5hdxy658850yynggmkjblbqfgs1w4nq-brotli-1.2.0-lib/lib/libc.so.6", O_RDONLY|O_CLOEXEC) = -1 ENOENT (No such file or directory)
11867 openat(AT_FDCWD, "/nix/store/dkvxkb5cb4zl792gz2msbgxhhk2mh43i-c-ares-1.34.6/lib/libc.so.6", O_RDONLY|O_CLOEXEC) = -1 ENOENT (No such file or directory)
11867 openat(AT_FDCWD, "/nix/store/j45rf4zx05ckp2d3fj6nb7js7zhs10dx-nghttp2-1.67.1-lib/lib/libc.so.6", O_RDONLY|O_CLOEXEC) = -1 ENOENT (No such file or directory)
11867 openat(AT_FDCWD, "/nix/store/x1avvg7xfcb6699afppcbd5qk24smg4n-nghttp3-1.13.1/lib/libc.so.6", O_RDONLY|O_CLOEXEC) = -1 ENOENT (No such file or directory)
11867 openat(AT_FDCWD, "/nix/store/zi565pibhgz582kxliylqpvmq1gq9z71-ngtcp2-1.18.0/lib/libc.so.6", O_RDONLY|O_CLOEXEC) = -1 ENOENT (No such file or directory)
11867 openat(AT_FDCWD, "/nix/store/bn7m7qn8k7b27jy5lkq3bg4vcxnyjpq0-sqlite-3.51.2/lib/libc.so.6", O_RDONLY|O_CLOEXEC) = -1 ENOENT (No such file or directory)
11867 openat(AT_FDCWD, "/nix/store/x0bq7h936cp5dz83wq0wdhnimzcy85fd-uvwasi-0.0.23/lib/libc.so.6", O_RDONLY|O_CLOEXEC) = -1 ENOENT (No such file or directory)
11867 openat(AT_FDCWD, "/nix/store/hqjka260vqvnl1k73dwqqqhcx0yiy6c0-zstd-1.5.7/lib/libc.so.6", O_RDONLY|O_CLOEXEC) = -1 ENOENT (No such file or directory)
11867 openat(AT_FDCWD, "/nix/store/g7lir5wb7g1a31szgw6n5wa0kbsq04zd-openssl-3.6.0/lib/libc.so.6", O_RDONLY|O_CLOEXEC) = -1 ENOENT (No such file or directory)
11867 openat(AT_FDCWD, "/nix/store/q34rjcffjcmhbnsx8nd6w0i2xamz66i3-icu4c-76.1/lib/libc.so.6", O_RDONLY|O_CLOEXEC) = -1 ENOENT (No such file or directory)
11867 openat(AT_FDCWD, "/nix/store/wb6rhpznjfczwlwx23zmdrrw74bayxw4-glibc-2.42-47/lib/libc.so.6", O_RDONLY|O_CLOEXEC) = 3
11867 openat(AT_FDCWD, "/nix/store/q5hdxy658850yynggmkjblbqfgs1w4nq-brotli-1.2.0-lib/lib/libbrotlicommon.so.1", O_RDONLY|O_CLOEXEC) = 3
11867 openat(AT_FDCWD, "/nix/store/q34rjcffjcmhbnsx8nd6w0i2xamz66i3-icu4c-76.1/lib/libicudata.so.76", O_RDONLY|O_CLOEXEC) = 3
11867 openat(AT_FDCWD, "/nix/store/g7lir5wb7g1a31szgw6n5wa0kbsq04zd-openssl-3.6.0/etc/ssl/openssl.cnf", O_RDONLY) = 3
11867 openat(AT_FDCWD, "/proc/version_signature", O_RDONLY|O_CLOEXEC) = -1 ENOENT (No such file or directory)
11867 openat(AT_FDCWD, "/proc/self/maps", O_RDONLY|O_CLOEXEC) = 17
11867 openat(AT_FDCWD, "/proc/self/cgroup", O_RDONLY|O_CLOEXEC) = 17
11867 openat(AT_FDCWD, "/sys/fs/cgroup/user.slice/shell.slice/shellexec-A0WDCXN9YCZFNH2F6HZCI.scope/memory.max", O_RDONLY|O_CLOEXEC) = 17
11867 openat(AT_FDCWD, "/sys/fs/cgroup/user.slice/shell.slice/shellexec-A0WDCXN9YCZFNH2F6HZCI.scope/memory.high", O_RDONLY|O_CLOEXEC) = 17
11867 openat(AT_FDCWD, "/proc/meminfo", O_RDONLY|O_CLOEXEC) = 17
11867 openat(AT_FDCWD, "/proc/self/maps", O_RDONLY) = 17
11867 openat(AT_FDCWD, "/nix/store/9cyx2v23dip6p9q98384k9v06c96qskb-nodejs-24.13.0/bin/node", O_RDONLY) = 17
11867 openat(AT_FDCWD, "/home/runner/workspace/reports/e3-apertura-preparada-20260922/api-start-audit-record.mjs", O_RDONLY|O_CLOEXEC) = 17
11867 openat(AT_FDCWD, "artifacts/api-server/dist-e3-apertura-20260922/index.mjs", O_RDONLY|O_CLOEXEC) = 17
11867 openat(AT_FDCWD, "/etc/localtime", O_RDONLY|O_CLOEXEC) = 17
11867 openat(AT_FDCWD, "reports/arranques-api.log", O_WRONLY|O_CREAT|O_APPEND|O_CLOEXEC, 0600) = 17
11871 +++ exited with 0 +++
11872 +++ exited with 0 +++
11870 +++ exited with 0 +++
11869 +++ exited with 0 +++
11868 +++ exited with 0 +++
11873 +++ exited with 0 +++
11867 +++ exited with 0 +++
11847 --- SIGCHLD {si_signo=SIGCHLD, si_code=CLD_EXITED, si_pid=11867, si_uid=1000, si_status=0, si_utime=4 /* 0.04 s */, si_stime=4 /* 0.04 s */} ---
11847 openat(AT_FDCWD, "/nix/store/ddranxbikfg4jkf3n1m0a0h9qqxj1vf0-ncurses-6.5/lib/glibc-hwcaps/x86-64-v4/libreadline.so.8", O_RDONLY|O_CLOEXEC) = -1 ENOENT (No such file or directory)
11847 openat(AT_FDCWD, "/nix/store/ddranxbikfg4jkf3n1m0a0h9qqxj1vf0-ncurses-6.5/lib/glibc-hwcaps/x86-64-v3/libreadline.so.8", O_RDONLY|O_CLOEXEC) = -1 ENOENT (No such file or directory)
11847 openat(AT_FDCWD, "/nix/store/ddranxbikfg4jkf3n1m0a0h9qqxj1vf0-ncurses-6.5/lib/glibc-hwcaps/x86-64-v2/libreadline.so.8", O_RDONLY|O_CLOEXEC) = -1 ENOENT (No such file or directory)
11847 openat(AT_FDCWD, "/nix/store/ddranxbikfg4jkf3n1m0a0h9qqxj1vf0-ncurses-6.5/lib/libreadline.so.8", O_RDONLY|O_CLOEXEC) = -1 ENOENT (No such file or directory)
11847 openat(AT_FDCWD, "/nix/store/vksayvpb9qm9h32k0qqg67nclrq8sf79-readline-8.3p1/lib/glibc-hwcaps/x86-64-v4/libreadline.so.8", O_RDONLY|O_CLOEXEC) = -1 ENOENT (No such file or directory)
11847 openat(AT_FDCWD, "/nix/store/vksayvpb9qm9h32k0qqg67nclrq8sf79-readline-8.3p1/lib/glibc-hwcaps/x86-64-v3/libreadline.so.8", O_RDONLY|O_CLOEXEC) = -1 ENOENT (No such file or directory)
11847 openat(AT_FDCWD, "/nix/store/vksayvpb9qm9h32k0qqg67nclrq8sf79-readline-8.3p1/lib/glibc-hwcaps/x86-64-v2/libreadline.so.8", O_RDONLY|O_CLOEXEC) = -1 ENOENT (No such file or directory)
11847 openat(AT_FDCWD, "/nix/store/vksayvpb9qm9h32k0qqg67nclrq8sf79-readline-8.3p1/lib/libreadline.so.8", O_RDONLY|O_CLOEXEC) = 3
11847 openat(AT_FDCWD, "/nix/store/ddranxbikfg4jkf3n1m0a0h9qqxj1vf0-ncurses-6.5/lib/libhistory.so.8", O_RDONLY|O_CLOEXEC) = -1 ENOENT (No such file or directory)
11847 openat(AT_FDCWD, "/nix/store/vksayvpb9qm9h32k0qqg67nclrq8sf79-readline-8.3p1/lib/libhistory.so.8", O_RDONLY|O_CLOEXEC) = 3
11847 openat(AT_FDCWD, "/nix/store/ddranxbikfg4jkf3n1m0a0h9qqxj1vf0-ncurses-6.5/lib/libncursesw.so.6", O_RDONLY|O_CLOEXEC) = 3
11847 openat(AT_FDCWD, "/nix/store/ddranxbikfg4jkf3n1m0a0h9qqxj1vf0-ncurses-6.5/lib/libdl.so.2", O_RDONLY|O_CLOEXEC) = -1 ENOENT (No such file or directory)
11847 openat(AT_FDCWD, "/nix/store/vksayvpb9qm9h32k0qqg67nclrq8sf79-readline-8.3p1/lib/libdl.so.2", O_RDONLY|O_CLOEXEC) = -1 ENOENT (No such file or directory)
11847 openat(AT_FDCWD, "/nix/store/j193mfi0f921y0kfs8vjc1znnr45ispv-glibc-2.40-66/lib/glibc-hwcaps/x86-64-v4/libdl.so.2", O_RDONLY|O_CLOEXEC) = -1 ENOENT (No such file or directory)
11847 openat(AT_FDCWD, "/nix/store/j193mfi0f921y0kfs8vjc1znnr45ispv-glibc-2.40-66/lib/glibc-hwcaps/x86-64-v3/libdl.so.2", O_RDONLY|O_CLOEXEC) = -1 ENOENT (No such file or directory)
11847 openat(AT_FDCWD, "/nix/store/j193mfi0f921y0kfs8vjc1znnr45ispv-glibc-2.40-66/lib/glibc-hwcaps/x86-64-v2/libdl.so.2", O_RDONLY|O_CLOEXEC) = -1 ENOENT (No such file or directory)
11847 openat(AT_FDCWD, "/nix/store/j193mfi0f921y0kfs8vjc1znnr45ispv-glibc-2.40-66/lib/libdl.so.2", O_RDONLY|O_CLOEXEC) = 3
11847 openat(AT_FDCWD, "/nix/store/ddranxbikfg4jkf3n1m0a0h9qqxj1vf0-ncurses-6.5/lib/libc.so.6", O_RDONLY|O_CLOEXEC) = -1 ENOENT (No such file or directory)
11847 openat(AT_FDCWD, "/nix/store/vksayvpb9qm9h32k0qqg67nclrq8sf79-readline-8.3p1/lib/libc.so.6", O_RDONLY|O_CLOEXEC) = -1 ENOENT (No such file or directory)
11847 openat(AT_FDCWD, "/nix/store/j193mfi0f921y0kfs8vjc1znnr45ispv-glibc-2.40-66/lib/libc.so.6", O_RDONLY|O_CLOEXEC) = 3
11847 openat(AT_FDCWD, "/dev/tty", O_RDWR|O_NONBLOCK) = -1 ENXIO (No such device or address)
11847 openat(AT_FDCWD, "/run/current-system/sw/lib/locale/locale-archive", O_RDONLY|O_CLOEXEC) = -1 ENOENT (No such file or directory)
11847 openat(AT_FDCWD, "/usr/lib/locale/locale-archive", O_RDONLY|O_CLOEXEC) = 3
11847 openat(AT_FDCWD, "/nix/store/j193mfi0f921y0kfs8vjc1znnr45ispv-glibc-2.40-66/share/locale/locale.alias", O_RDONLY|O_CLOEXEC) = 3
11847 openat(AT_FDCWD, "/nix/store/j193mfi0f921y0kfs8vjc1znnr45ispv-glibc-2.40-66/lib/locale/C.UTF-8/LC_IDENTIFICATION", O_RDONLY|O_CLOEXEC) = -1 ENOENT (No such file or directory)
11847 openat(AT_FDCWD, "/nix/store/j193mfi0f921y0kfs8vjc1znnr45ispv-glibc-2.40-66/lib/locale/C.utf8/LC_IDENTIFICATION", O_RDONLY|O_CLOEXEC) = 3
11847 openat(AT_FDCWD, "/nix/store/j193mfi0f921y0kfs8vjc1znnr45ispv-glibc-2.40-66/lib/gconv/gconv-modules.cache", O_RDONLY|O_CLOEXEC) = -1 ENOENT (No such file or directory)
11847 openat(AT_FDCWD, "/nix/store/j193mfi0f921y0kfs8vjc1znnr45ispv-glibc-2.40-66/lib/gconv/gconv-modules", O_RDONLY|O_CLOEXEC) = 3
11847 openat(AT_FDCWD, "/nix/store/j193mfi0f921y0kfs8vjc1znnr45ispv-glibc-2.40-66/lib/gconv/gconv-modules.d", O_RDONLY|O_NONBLOCK|O_CLOEXEC|O_DIRECTORY) = 3
11847 openat(AT_FDCWD, "/nix/store/j193mfi0f921y0kfs8vjc1znnr45ispv-glibc-2.40-66/lib/gconv/gconv-modules.d/gconv-modules-extra.conf", O_RDONLY|O_CLOEXEC) = 4
11847 openat(AT_FDCWD, "/nix/store/j193mfi0f921y0kfs8vjc1znnr45ispv-glibc-2.40-66/lib/locale/C.UTF-8/LC_MEASUREMENT", O_RDONLY|O_CLOEXEC) = -1 ENOENT (No such file or directory)
11847 openat(AT_FDCWD, "/nix/store/j193mfi0f921y0kfs8vjc1znnr45ispv-glibc-2.40-66/lib/locale/C.utf8/LC_MEASUREMENT", O_RDONLY|O_CLOEXEC) = 3
11847 openat(AT_FDCWD, "/nix/store/j193mfi0f921y0kfs8vjc1znnr45ispv-glibc-2.40-66/lib/locale/C.UTF-8/LC_TELEPHONE", O_RDONLY|O_CLOEXEC) = -1 ENOENT (No such file or directory)
11847 openat(AT_FDCWD, "/nix/store/j193mfi0f921y0kfs8vjc1znnr45ispv-glibc-2.40-66/lib/locale/C.utf8/LC_TELEPHONE", O_RDONLY|O_CLOEXEC) = 3
11847 openat(AT_FDCWD, "/nix/store/j193mfi0f921y0kfs8vjc1znnr45ispv-glibc-2.40-66/lib/locale/C.UTF-8/LC_ADDRESS", O_RDONLY|O_CLOEXEC) = -1 ENOENT (No such file or directory)
11847 openat(AT_FDCWD, "/nix/store/j193mfi0f921y0kfs8vjc1znnr45ispv-glibc-2.40-66/lib/locale/C.utf8/LC_ADDRESS", O_RDONLY|O_CLOEXEC) = 3
11847 openat(AT_FDCWD, "/nix/store/j193mfi0f921y0kfs8vjc1znnr45ispv-glibc-2.40-66/lib/locale/C.UTF-8/LC_NAME", O_RDONLY|O_CLOEXEC) = -1 ENOENT (No such file or directory)
11847 openat(AT_FDCWD, "/nix/store/j193mfi0f921y0kfs8vjc1znnr45ispv-glibc-2.40-66/lib/locale/C.utf8/LC_NAME", O_RDONLY|O_CLOEXEC) = 3
11847 openat(AT_FDCWD, "/nix/store/j193mfi0f921y0kfs8vjc1znnr45ispv-glibc-2.40-66/lib/locale/C.UTF-8/LC_PAPER", O_RDONLY|O_CLOEXEC) = -1 ENOENT (No such file or directory)
11847 openat(AT_FDCWD, "/nix/store/j193mfi0f921y0kfs8vjc1znnr45ispv-glibc-2.40-66/lib/locale/C.utf8/LC_PAPER", O_RDONLY|O_CLOEXEC) = 3
11847 openat(AT_FDCWD, "/nix/store/j193mfi0f921y0kfs8vjc1znnr45ispv-glibc-2.40-66/lib/locale/C.UTF-8/LC_MESSAGES", O_RDONLY|O_CLOEXEC) = -1 ENOENT (No such file or directory)
11847 openat(AT_FDCWD, "/nix/store/j193mfi0f921y0kfs8vjc1znnr45ispv-glibc-2.40-66/lib/locale/C.utf8/LC_MESSAGES", O_RDONLY|O_CLOEXEC) = 3
11847 openat(AT_FDCWD, "/nix/store/j193mfi0f921y0kfs8vjc1znnr45ispv-glibc-2.40-66/lib/locale/C.utf8/LC_MESSAGES/SYS_LC_MESSAGES", O_RDONLY|O_CLOEXEC) = 3
11847 openat(AT_FDCWD, "/nix/store/j193mfi0f921y0kfs8vjc1znnr45ispv-glibc-2.40-66/lib/locale/C.UTF-8/LC_MONETARY", O_RDONLY|O_CLOEXEC) = -1 ENOENT (No such file or directory)
11847 openat(AT_FDCWD, "/nix/store/j193mfi0f921y0kfs8vjc1znnr45ispv-glibc-2.40-66/lib/locale/C.utf8/LC_MONETARY", O_RDONLY|O_CLOEXEC) = 3
11847 openat(AT_FDCWD, "/nix/store/j193mfi0f921y0kfs8vjc1znnr45ispv-glibc-2.40-66/lib/locale/C.UTF-8/LC_COLLATE", O_RDONLY|O_CLOEXEC) = -1 ENOENT (No such file or directory)
11847 openat(AT_FDCWD, "/nix/store/j193mfi0f921y0kfs8vjc1znnr45ispv-glibc-2.40-66/lib/locale/C.utf8/LC_COLLATE", O_RDONLY|O_CLOEXEC) = 3
11847 openat(AT_FDCWD, "/nix/store/j193mfi0f921y0kfs8vjc1znnr45ispv-glibc-2.40-66/lib/locale/C.UTF-8/LC_TIME", O_RDONLY|O_CLOEXEC) = -1 ENOENT (No such file or directory)
11847 openat(AT_FDCWD, "/nix/store/j193mfi0f921y0kfs8vjc1znnr45ispv-glibc-2.40-66/lib/locale/C.utf8/LC_TIME", O_RDONLY|O_CLOEXEC) = 3
11847 openat(AT_FDCWD, "/nix/store/j193mfi0f921y0kfs8vjc1znnr45ispv-glibc-2.40-66/lib/locale/C.UTF-8/LC_NUMERIC", O_RDONLY|O_CLOEXEC) = -1 ENOENT (No such file or directory)
11847 openat(AT_FDCWD, "/nix/store/j193mfi0f921y0kfs8vjc1znnr45ispv-glibc-2.40-66/lib/locale/C.utf8/LC_NUMERIC", O_RDONLY|O_CLOEXEC) = 3
11847 openat(AT_FDCWD, "/nix/store/j193mfi0f921y0kfs8vjc1znnr45ispv-glibc-2.40-66/lib/locale/C.UTF-8/LC_CTYPE", O_RDONLY|O_CLOEXEC) = -1 ENOENT (No such file or directory)
11847 openat(AT_FDCWD, "/nix/store/j193mfi0f921y0kfs8vjc1znnr45ispv-glibc-2.40-66/lib/locale/C.utf8/LC_CTYPE", O_RDONLY|O_CLOEXEC) = 3
11847 openat(AT_FDCWD, "/etc/nsswitch.conf", O_RDONLY|O_CLOEXEC) = 3
11847 openat(AT_FDCWD, "/etc/passwd", O_RDONLY|O_CLOEXEC) = 3
11847 openat(AT_FDCWD, "/nix/store/s7awkfc4pym4zj139fsxrjs5xwf5hhnd-nodejs-24.13.0-wrapped/bin/node", O_RDONLY) = 3
11847 openat(AT_FDCWD, "/nix/store/ri9paa3mri4kqakljak8ldvbcp7lpmif-zlib-1.3.1/lib/glibc-hwcaps/x86-64-v4/libz.so.1", O_RDONLY|O_CLOEXEC) = -1 ENOENT (No such file or directory)
11847 openat(AT_FDCWD, "/nix/store/ri9paa3mri4kqakljak8ldvbcp7lpmif-zlib-1.3.1/lib/glibc-hwcaps/x86-64-v3/libz.so.1", O_RDONLY|O_CLOEXEC) = -1 ENOENT (No such file or directory)
11847 openat(AT_FDCWD, "/nix/store/ri9paa3mri4kqakljak8ldvbcp7lpmif-zlib-1.3.1/lib/glibc-hwcaps/x86-64-v2/libz.so.1", O_RDONLY|O_CLOEXEC) = -1 ENOENT (No such file or directory)
11847 openat(AT_FDCWD, "/nix/store/ri9paa3mri4kqakljak8ldvbcp7lpmif-zlib-1.3.1/lib/libz.so.1", O_RDONLY|O_CLOEXEC) = 3
11847 openat(AT_FDCWD, "/nix/store/ri9paa3mri4kqakljak8ldvbcp7lpmif-zlib-1.3.1/lib/libllhttp.so.9.3", O_RDONLY|O_CLOEXEC) = -1 ENOENT (No such file or directory)
11847 openat(AT_FDCWD, "/nix/store/8kwysbrm9zrfcsfbix7hkjj72r5kgiwv-llhttp-9.3.0/lib/glibc-hwcaps/x86-64-v4/libllhttp.so.9.3", O_RDONLY|O_CLOEXEC) = -1 ENOENT (No such file or directory)
11847 openat(AT_FDCWD, "/nix/store/8kwysbrm9zrfcsfbix7hkjj72r5kgiwv-llhttp-9.3.0/lib/glibc-hwcaps/x86-64-v3/libllhttp.so.9.3", O_RDONLY|O_CLOEXEC) = -1 ENOENT (No such file or directory)
11847 openat(AT_FDCWD, "/nix/store/8kwysbrm9zrfcsfbix7hkjj72r5kgiwv-llhttp-9.3.0/lib/glibc-hwcaps/x86-64-v2/libllhttp.so.9.3", O_RDONLY|O_CLOEXEC) = -1 ENOENT (No such file or directory)
11847 openat(AT_FDCWD, "/nix/store/8kwysbrm9zrfcsfbix7hkjj72r5kgiwv-llhttp-9.3.0/lib/libllhttp.so.9.3", O_RDONLY|O_CLOEXEC) = 3
11847 openat(AT_FDCWD, "/nix/store/ri9paa3mri4kqakljak8ldvbcp7lpmif-zlib-1.3.1/lib/libuv.so.1", O_RDONLY|O_CLOEXEC) = -1 ENOENT (No such file or directory)
11847 openat(AT_FDCWD, "/nix/store/8kwysbrm9zrfcsfbix7hkjj72r5kgiwv-llhttp-9.3.0/lib/libuv.so.1", O_RDONLY|O_CLOEXEC) = -1 ENOENT (No such file or directory)
11847 openat(AT_FDCWD, "/nix/store/y890wk5v7h4dzfs69jycv3fj0fx5y9i5-libuv-1.51.0/lib/glibc-hwcaps/x86-64-v4/libuv.so.1", O_RDONLY|O_CLOEXEC) = -1 ENOENT (No such file or directory)
11847 openat(AT_FDCWD, "/nix/store/y890wk5v7h4dzfs69jycv3fj0fx5y9i5-libuv-1.51.0/lib/glibc-hwcaps/x86-64-v3/libuv.so.1", O_RDONLY|O_CLOEXEC) = -1 ENOENT (No such file or directory)
11847 openat(AT_FDCWD, "/nix/store/y890wk5v7h4dzfs69jycv3fj0fx5y9i5-libuv-1.51.0/lib/glibc-hwcaps/x86-64-v2/libuv.so.1", O_RDONLY|O_CLOEXEC) = -1 ENOENT (No such file or directory)
11847 openat(AT_FDCWD, "/nix/store/y890wk5v7h4dzfs69jycv3fj0fx5y9i5-libuv-1.51.0/lib/libuv.so.1", O_RDONLY|O_CLOEXEC) = 3
11847 openat(AT_FDCWD, "/nix/store/ri9paa3mri4kqakljak8ldvbcp7lpmif-zlib-1.3.1/lib/libsimdjson.so.29", O_RDONLY|O_CLOEXEC) = -1 ENOENT (No such file or directory)
11847 openat(AT_FDCWD, "/nix/store/8kwysbrm9zrfcsfbix7hkjj72r5kgiwv-llhttp-9.3.0/lib/libsimdjson.so.29", O_RDONLY|O_CLOEXEC) = -1 ENOENT (No such file or directory)
11847 openat(AT_FDCWD, "/nix/store/y890wk5v7h4dzfs69jycv3fj0fx5y9i5-libuv-1.51.0/lib/libsimdjson.so.29", O_RDONLY|O_CLOEXEC) = -1 ENOENT (No such file or directory)
11847 openat(AT_FDCWD, "/nix/store/3mg43r6bvdvf0zm3rxj1x9v2vwg6kwmn-simdjson-4.2.4/lib/glibc-hwcaps/x86-64-v4/libsimdjson.so.29", O_RDONLY|O_CLOEXEC) = -1 ENOENT (No such file or directory)
11847 openat(AT_FDCWD, "/nix/store/3mg43r6bvdvf0zm3rxj1x9v2vwg6kwmn-simdjson-4.2.4/lib/glibc-hwcaps/x86-64-v3/libsimdjson.so.29", O_RDONLY|O_CLOEXEC) = -1 ENOENT (No such file or directory)
11847 openat(AT_FDCWD, "/nix/store/3mg43r6bvdvf0zm3rxj1x9v2vwg6kwmn-simdjson-4.2.4/lib/glibc-hwcaps/x86-64-v2/libsimdjson.so.29", O_RDONLY|O_CLOEXEC) = -1 ENOENT (No such file or directory)
11847 openat(AT_FDCWD, "/nix/store/3mg43r6bvdvf0zm3rxj1x9v2vwg6kwmn-simdjson-4.2.4/lib/libsimdjson.so.29", O_RDONLY|O_CLOEXEC) = 3
11847 openat(AT_FDCWD, "/nix/store/ri9paa3mri4kqakljak8ldvbcp7lpmif-zlib-1.3.1/lib/libbrotlidec.so.1", O_RDONLY|O_CLOEXEC) = -1 ENOENT (No such file or directory)
11847 openat(AT_FDCWD, "/nix/store/8kwysbrm9zrfcsfbix7hkjj72r5kgiwv-llhttp-9.3.0/lib/libbrotlidec.so.1", O_RDONLY|O_CLOEXEC) = -1 ENOENT (No such file or directory)
11847 openat(AT_FDCWD, "/nix/store/y890wk5v7h4dzfs69jycv3fj0fx5y9i5-libuv-1.51.0/lib/libbrotlidec.so.1", O_RDONLY|O_CLOEXEC) = -1 ENOENT (No such file or directory)
11847 openat(AT_FDCWD, "/nix/store/3mg43r6bvdvf0zm3rxj1x9v2vwg6kwmn-simdjson-4.2.4/lib/libbrotlidec.so.1", O_RDONLY|O_CLOEXEC) = -1 ENOENT (No such file or directory)
11847 openat(AT_FDCWD, "/nix/store/q5hdxy658850yynggmkjblbqfgs1w4nq-brotli-1.2.0-lib/lib/glibc-hwcaps/x86-64-v4/libbrotlidec.so.1", O_RDONLY|O_CLOEXEC) = -1 ENOENT (No such file or directory)
11847 openat(AT_FDCWD, "/nix/store/q5hdxy658850yynggmkjblbqfgs1w4nq-brotli-1.2.0-lib/lib/glibc-hwcaps/x86-64-v3/libbrotlidec.so.1", O_RDONLY|O_CLOEXEC) = -1 ENOENT (No such file or directory)
11847 openat(AT_FDCWD, "/nix/store/q5hdxy658850yynggmkjblbqfgs1w4nq-brotli-1.2.0-lib/lib/glibc-hwcaps/x86-64-v2/libbrotlidec.so.1", O_RDONLY|O_CLOEXEC) = -1 ENOENT (No such file or directory)
11847 openat(AT_FDCWD, "/nix/store/q5hdxy658850yynggmkjblbqfgs1w4nq-brotli-1.2.0-lib/lib/libbrotlidec.so.1", O_RDONLY|O_CLOEXEC) = 3
11847 openat(AT_FDCWD, "/nix/store/ri9paa3mri4kqakljak8ldvbcp7lpmif-zlib-1.3.1/lib/libbrotlienc.so.1", O_RDONLY|O_CLOEXEC) = -1 ENOENT (No such file or directory)
11847 openat(AT_FDCWD, "/nix/store/8kwysbrm9zrfcsfbix7hkjj72r5kgiwv-llhttp-9.3.0/lib/libbrotlienc.so.1", O_RDONLY|O_CLOEXEC) = -1 ENOENT (No such file or directory)
11847 openat(AT_FDCWD, "/nix/store/y890wk5v7h4dzfs69jycv3fj0fx5y9i5-libuv-1.51.0/lib/libbrotlienc.so.1", O_RDONLY|O_CLOEXEC) = -1 ENOENT (No such file or directory)
11847 openat(AT_FDCWD, "/nix/store/3mg43r6bvdvf0zm3rxj1x9v2vwg6kwmn-simdjson-4.2.4/lib/libbrotlienc.so.1", O_RDONLY|O_CLOEXEC) = -1 ENOENT (No such file or directory)
11847 openat(AT_FDCWD, "/nix/store/q5hdxy658850yynggmkjblbqfgs1w4nq-brotli-1.2.0-lib/lib/libbrotlienc.so.1", O_RDONLY|O_CLOEXEC) = 3
11847 openat(AT_FDCWD, "/nix/store/ri9paa3mri4kqakljak8ldvbcp7lpmif-zlib-1.3.1/lib/libcares.so.2", O_RDONLY|O_CLOEXEC) = -1 ENOENT (No such file or directory)
11847 openat(AT_FDCWD, "/nix/store/8kwysbrm9zrfcsfbix7hkjj72r5kgiwv-llhttp-9.3.0/lib/libcares.so.2", O_RDONLY|O_CLOEXEC) = -1 ENOENT (No such file or directory)
11847 openat(AT_FDCWD, "/nix/store/y890wk5v7h4dzfs69jycv3fj0fx5y9i5-libuv-1.51.0/lib/libcares.so.2", O_RDONLY|O_CLOEXEC) = -1 ENOENT (No such file or directory)
11847 openat(AT_FDCWD, "/nix/store/3mg43r6bvdvf0zm3rxj1x9v2vwg6kwmn-simdjson-4.2.4/lib/libcares.so.2", O_RDONLY|O_CLOEXEC) = -1 ENOENT (No such file or directory)
11847 openat(AT_FDCWD, "/nix/store/q5hdxy658850yynggmkjblbqfgs1w4nq-brotli-1.2.0-lib/lib/libcares.so.2", O_RDONLY|O_CLOEXEC) = -1 ENOENT (No such file or directory)
11847 openat(AT_FDCWD, "/nix/store/dkvxkb5cb4zl792gz2msbgxhhk2mh43i-c-ares-1.34.6/lib/glibc-hwcaps/x86-64-v4/libcares.so.2", O_RDONLY|O_CLOEXEC) = -1 ENOENT (No such file or directory)
11847 openat(AT_FDCWD, "/nix/store/dkvxkb5cb4zl792gz2msbgxhhk2mh43i-c-ares-1.34.6/lib/glibc-hwcaps/x86-64-v3/libcares.so.2", O_RDONLY|O_CLOEXEC) = -1 ENOENT (No such file or directory)
11847 openat(AT_FDCWD, "/nix/store/dkvxkb5cb4zl792gz2msbgxhhk2mh43i-c-ares-1.34.6/lib/glibc-hwcaps/x86-64-v2/libcares.so.2", O_RDONLY|O_CLOEXEC) = -1 ENOENT (No such file or directory)
11847 openat(AT_FDCWD, "/nix/store/dkvxkb5cb4zl792gz2msbgxhhk2mh43i-c-ares-1.34.6/lib/libcares.so.2", O_RDONLY|O_CLOEXEC) = 3
11847 openat(AT_FDCWD, "/nix/store/ri9paa3mri4kqakljak8ldvbcp7lpmif-zlib-1.3.1/lib/libnghttp2.so.14", O_RDONLY|O_CLOEXEC) = -1 ENOENT (No such file or directory)
11847 openat(AT_FDCWD, "/nix/store/8kwysbrm9zrfcsfbix7hkjj72r5kgiwv-llhttp-9.3.0/lib/libnghttp2.so.14", O_RDONLY|O_CLOEXEC) = -1 ENOENT (No such file or directory)
11847 openat(AT_FDCWD, "/nix/store/y890wk5v7h4dzfs69jycv3fj0fx5y9i5-libuv-1.51.0/lib/libnghttp2.so.14", O_RDONLY|O_CLOEXEC) = -1 ENOENT (No such file or directory)
11847 openat(AT_FDCWD, "/nix/store/3mg43r6bvdvf0zm3rxj1x9v2vwg6kwmn-simdjson-4.2.4/lib/libnghttp2.so.14", O_RDONLY|O_CLOEXEC) = -1 ENOENT (No such file or directory)
11847 openat(AT_FDCWD, "/nix/store/q5hdxy658850yynggmkjblbqfgs1w4nq-brotli-1.2.0-lib/lib/libnghttp2.so.14", O_RDONLY|O_CLOEXEC) = -1 ENOENT (No such file or directory)
11847 openat(AT_FDCWD, "/nix/store/dkvxkb5cb4zl792gz2msbgxhhk2mh43i-c-ares-1.34.6/lib/libnghttp2.so.14", O_RDONLY|O_CLOEXEC) = -1 ENOENT (No such file or directory)
11847 openat(AT_FDCWD, "/nix/store/j45rf4zx05ckp2d3fj6nb7js7zhs10dx-nghttp2-1.67.1-lib/lib/glibc-hwcaps/x86-64-v4/libnghttp2.so.14", O_RDONLY|O_CLOEXEC) = -1 ENOENT (No such file or directory)
11847 openat(AT_FDCWD, "/nix/store/j45rf4zx05ckp2d3fj6nb7js7zhs10dx-nghttp2-1.67.1-lib/lib/glibc-hwcaps/x86-64-v3/libnghttp2.so.14", O_RDONLY|O_CLOEXEC) = -1 ENOENT (No such file or directory)
11847 openat(AT_FDCWD, "/nix/store/j45rf4zx05ckp2d3fj6nb7js7zhs10dx-nghttp2-1.67.1-lib/lib/glibc-hwcaps/x86-64-v2/libnghttp2.so.14", O_RDONLY|O_CLOEXEC) = -1 ENOENT (No such file or directory)
11847 openat(AT_FDCWD, "/nix/store/j45rf4zx05ckp2d3fj6nb7js7zhs10dx-nghttp2-1.67.1-lib/lib/libnghttp2.so.14", O_RDONLY|O_CLOEXEC) = 3
11847 openat(AT_FDCWD, "/nix/store/ri9paa3mri4kqakljak8ldvbcp7lpmif-zlib-1.3.1/lib/libnghttp3.so.9", O_RDONLY|O_CLOEXEC) = -1 ENOENT (No such file or directory)
11847 openat(AT_FDCWD, "/nix/store/8kwysbrm9zrfcsfbix7hkjj72r5kgiwv-llhttp-9.3.0/lib/libnghttp3.so.9", O_RDONLY|O_CLOEXEC) = -1 ENOENT (No such file or directory)
11847 openat(AT_FDCWD, "/nix/store/y890wk5v7h4dzfs69jycv3fj0fx5y9i5-libuv-1.51.0/lib/libnghttp3.so.9", O_RDONLY|O_CLOEXEC) = -1 ENOENT (No such file or directory)
11847 openat(AT_FDCWD, "/nix/store/3mg43r6bvdvf0zm3rxj1x9v2vwg6kwmn-simdjson-4.2.4/lib/libnghttp3.so.9", O_RDONLY|O_CLOEXEC) = -1 ENOENT (No such file or directory)
11847 openat(AT_FDCWD, "/nix/store/q5hdxy658850yynggmkjblbqfgs1w4nq-brotli-1.2.0-lib/lib/libnghttp3.so.9", O_RDONLY|O_CLOEXEC) = -1 ENOENT (No such file or directory)
11847 openat(AT_FDCWD, "/nix/store/dkvxkb5cb4zl792gz2msbgxhhk2mh43i-c-ares-1.34.6/lib/libnghttp3.so.9", O_RDONLY|O_CLOEXEC) = -1 ENOENT (No such file or directory)
11847 openat(AT_FDCWD, "/nix/store/j45rf4zx05ckp2d3fj6nb7js7zhs10dx-nghttp2-1.67.1-lib/lib/libnghttp3.so.9", O_RDONLY|O_CLOEXEC) = -1 ENOENT (No such file or directory)
11847 openat(AT_FDCWD, "/nix/store/x1avvg7xfcb6699afppcbd5qk24smg4n-nghttp3-1.13.1/lib/glibc-hwcaps/x86-64-v4/libnghttp3.so.9", O_RDONLY|O_CLOEXEC) = -1 ENOENT (No such file or directory)
11847 openat(AT_FDCWD, "/nix/store/x1avvg7xfcb6699afppcbd5qk24smg4n-nghttp3-1.13.1/lib/glibc-hwcaps/x86-64-v3/libnghttp3.so.9", O_RDONLY|O_CLOEXEC) = -1 ENOENT (No such file or directory)
11847 openat(AT_FDCWD, "/nix/store/x1avvg7xfcb6699afppcbd5qk24smg4n-nghttp3-1.13.1/lib/glibc-hwcaps/x86-64-v2/libnghttp3.so.9", O_RDONLY|O_CLOEXEC) = -1 ENOENT (No such file or directory)
11847 openat(AT_FDCWD, "/nix/store/x1avvg7xfcb6699afppcbd5qk24smg4n-nghttp3-1.13.1/lib/libnghttp3.so.9", O_RDONLY|O_CLOEXEC) = 3
11847 openat(AT_FDCWD, "/nix/store/ri9paa3mri4kqakljak8ldvbcp7lpmif-zlib-1.3.1/lib/libngtcp2.so.16", O_RDONLY|O_CLOEXEC) = -1 ENOENT (No such file or directory)
11847 openat(AT_FDCWD, "/nix/store/8kwysbrm9zrfcsfbix7hkjj72r5kgiwv-llhttp-9.3.0/lib/libngtcp2.so.16", O_RDONLY|O_CLOEXEC) = -1 ENOENT (No such file or directory)
11847 openat(AT_FDCWD, "/nix/store/y890wk5v7h4dzfs69jycv3fj0fx5y9i5-libuv-1.51.0/lib/libngtcp2.so.16", O_RDONLY|O_CLOEXEC) = -1 ENOENT (No such file or directory)
11847 openat(AT_FDCWD, "/nix/store/3mg43r6bvdvf0zm3rxj1x9v2vwg6kwmn-simdjson-4.2.4/lib/libngtcp2.so.16", O_RDONLY|O_CLOEXEC) = -1 ENOENT (No such file or directory)
11847 openat(AT_FDCWD, "/nix/store/q5hdxy658850yynggmkjblbqfgs1w4nq-brotli-1.2.0-lib/lib/libngtcp2.so.16", O_RDONLY|O_CLOEXEC) = -1 ENOENT (No such file or directory)
11847 openat(AT_FDCWD, "/nix/store/dkvxkb5cb4zl792gz2msbgxhhk2mh43i-c-ares-1.34.6/lib/libngtcp2.so.16", O_RDONLY|O_CLOEXEC) = -1 ENOENT (No such file or directory)
11847 openat(AT_FDCWD, "/nix/store/j45rf4zx05ckp2d3fj6nb7js7zhs10dx-nghttp2-1.67.1-lib/lib/libngtcp2.so.16", O_RDONLY|O_CLOEXEC) = -1 ENOENT (No such file or directory)
11847 openat(AT_FDCWD, "/nix/store/x1avvg7xfcb6699afppcbd5qk24smg4n-nghttp3-1.13.1/lib/libngtcp2.so.16", O_RDONLY|O_CLOEXEC) = -1 ENOENT (No such file or directory)
11847 openat(AT_FDCWD, "/nix/store/zi565pibhgz582kxliylqpvmq1gq9z71-ngtcp2-1.18.0/lib/glibc-hwcaps/x86-64-v4/libngtcp2.so.16", O_RDONLY|O_CLOEXEC) = -1 ENOENT (No such file or directory)
11847 openat(AT_FDCWD, "/nix/store/zi565pibhgz582kxliylqpvmq1gq9z71-ngtcp2-1.18.0/lib/glibc-hwcaps/x86-64-v3/libngtcp2.so.16", O_RDONLY|O_CLOEXEC) = -1 ENOENT (No such file or directory)
11847 openat(AT_FDCWD, "/nix/store/zi565pibhgz582kxliylqpvmq1gq9z71-ngtcp2-1.18.0/lib/glibc-hwcaps/x86-64-v2/libngtcp2.so.16", O_RDONLY|O_CLOEXEC) = -1 ENOENT (No such file or directory)
11847 openat(AT_FDCWD, "/nix/store/zi565pibhgz582kxliylqpvmq1gq9z71-ngtcp2-1.18.0/lib/libngtcp2.so.16", O_RDONLY|O_CLOEXEC) = 3
11847 openat(AT_FDCWD, "/nix/store/ri9paa3mri4kqakljak8ldvbcp7lpmif-zlib-1.3.1/lib/libsqlite3.so", O_RDONLY|O_CLOEXEC) = -1 ENOENT (No such file or directory)
11847 openat(AT_FDCWD, "/nix/store/8kwysbrm9zrfcsfbix7hkjj72r5kgiwv-llhttp-9.3.0/lib/libsqlite3.so", O_RDONLY|O_CLOEXEC) = -1 ENOENT (No such file or directory)
11847 openat(AT_FDCWD, "/nix/store/y890wk5v7h4dzfs69jycv3fj0fx5y9i5-libuv-1.51.0/lib/libsqlite3.so", O_RDONLY|O_CLOEXEC) = -1 ENOENT (No such file or directory)
11847 openat(AT_FDCWD, "/nix/store/3mg43r6bvdvf0zm3rxj1x9v2vwg6kwmn-simdjson-4.2.4/lib/libsqlite3.so", O_RDONLY|O_CLOEXEC) = -1 ENOENT (No such file or directory)
11847 openat(AT_FDCWD, "/nix/store/q5hdxy658850yynggmkjblbqfgs1w4nq-brotli-1.2.0-lib/lib/libsqlite3.so", O_RDONLY|O_CLOEXEC) = -1 ENOENT (No such file or directory)
11847 openat(AT_FDCWD, "/nix/store/dkvxkb5cb4zl792gz2msbgxhhk2mh43i-c-ares-1.34.6/lib/libsqlite3.so", O_RDONLY|O_CLOEXEC) = -1 ENOENT (No such file or directory)
11847 openat(AT_FDCWD, "/nix/store/j45rf4zx05ckp2d3fj6nb7js7zhs10dx-nghttp2-1.67.1-lib/lib/libsqlite3.so", O_RDONLY|O_CLOEXEC) = -1 ENOENT (No such file or directory)
11847 openat(AT_FDCWD, "/nix/store/x1avvg7xfcb6699afppcbd5qk24smg4n-nghttp3-1.13.1/lib/libsqlite3.so", O_RDONLY|O_CLOEXEC) = -1 ENOENT (No such file or directory)
11847 openat(AT_FDCWD, "/nix/store/zi565pibhgz582kxliylqpvmq1gq9z71-ngtcp2-1.18.0/lib/libsqlite3.so", O_RDONLY|O_CLOEXEC) = -1 ENOENT (No such file or directory)
11847 openat(AT_FDCWD, "/nix/store/bn7m7qn8k7b27jy5lkq3bg4vcxnyjpq0-sqlite-3.51.2/lib/glibc-hwcaps/x86-64-v4/libsqlite3.so", O_RDONLY|O_CLOEXEC) = -1 ENOENT (No such file or directory)
11847 openat(AT_FDCWD, "/nix/store/bn7m7qn8k7b27jy5lkq3bg4vcxnyjpq0-sqlite-3.51.2/lib/glibc-hwcaps/x86-64-v3/libsqlite3.so", O_RDONLY|O_CLOEXEC) = -1 ENOENT (No such file or directory)
11847 openat(AT_FDCWD, "/nix/store/bn7m7qn8k7b27jy5lkq3bg4vcxnyjpq0-sqlite-3.51.2/lib/glibc-hwcaps/x86-64-v2/libsqlite3.so", O_RDONLY|O_CLOEXEC) = -1 ENOENT (No such file or directory)
11847 openat(AT_FDCWD, "/nix/store/bn7m7qn8k7b27jy5lkq3bg4vcxnyjpq0-sqlite-3.51.2/lib/libsqlite3.so", O_RDONLY|O_CLOEXEC) = 3
11847 openat(AT_FDCWD, "/nix/store/ri9paa3mri4kqakljak8ldvbcp7lpmif-zlib-1.3.1/lib/libuvwasi.so", O_RDONLY|O_CLOEXEC) = -1 ENOENT (No such file or directory)
11847 openat(AT_FDCWD, "/nix/store/8kwysbrm9zrfcsfbix7hkjj72r5kgiwv-llhttp-9.3.0/lib/libuvwasi.so", O_RDONLY|O_CLOEXEC) = -1 ENOENT (No such file or directory)
11847 openat(AT_FDCWD, "/nix/store/y890wk5v7h4dzfs69jycv3fj0fx5y9i5-libuv-1.51.0/lib/libuvwasi.so", O_RDONLY|O_CLOEXEC) = -1 ENOENT (No such file or directory)
11847 openat(AT_FDCWD, "/nix/store/3mg43r6bvdvf0zm3rxj1x9v2vwg6kwmn-simdjson-4.2.4/lib/libuvwasi.so", O_RDONLY|O_CLOEXEC) = -1 ENOENT (No such file or directory)
11847 openat(AT_FDCWD, "/nix/store/q5hdxy658850yynggmkjblbqfgs1w4nq-brotli-1.2.0-lib/lib/libuvwasi.so", O_RDONLY|O_CLOEXEC) = -1 ENOENT (No such file or directory)
11847 openat(AT_FDCWD, "/nix/store/dkvxkb5cb4zl792gz2msbgxhhk2mh43i-c-ares-1.34.6/lib/libuvwasi.so", O_RDONLY|O_CLOEXEC) = -1 ENOENT (No such file or directory)
11847 openat(AT_FDCWD, "/nix/store/j45rf4zx05ckp2d3fj6nb7js7zhs10dx-nghttp2-1.67.1-lib/lib/libuvwasi.so", O_RDONLY|O_CLOEXEC) = -1 ENOENT (No such file or directory)
11847 openat(AT_FDCWD, "/nix/store/x1avvg7xfcb6699afppcbd5qk24smg4n-nghttp3-1.13.1/lib/libuvwasi.so", O_RDONLY|O_CLOEXEC) = -1 ENOENT (No such file or directory)
11847 openat(AT_FDCWD, "/nix/store/zi565pibhgz582kxliylqpvmq1gq9z71-ngtcp2-1.18.0/lib/libuvwasi.so", O_RDONLY|O_CLOEXEC) = -1 ENOENT (No such file or directory)
11847 openat(AT_FDCWD, "/nix/store/bn7m7qn8k7b27jy5lkq3bg4vcxnyjpq0-sqlite-3.51.2/lib/libuvwasi.so", O_RDONLY|O_CLOEXEC) = -1 ENOENT (No such file or directory)
11847 openat(AT_FDCWD, "/nix/store/x0bq7h936cp5dz83wq0wdhnimzcy85fd-uvwasi-0.0.23/lib/glibc-hwcaps/x86-64-v4/libuvwasi.so", O_RDONLY|O_CLOEXEC) = -1 ENOENT (No such file or directory)
11847 openat(AT_FDCWD, "/nix/store/x0bq7h936cp5dz83wq0wdhnimzcy85fd-uvwasi-0.0.23/lib/glibc-hwcaps/x86-64-v3/libuvwasi.so", O_RDONLY|O_CLOEXEC) = -1 ENOENT (No such file or directory)
11847 openat(AT_FDCWD, "/nix/store/x0bq7h936cp5dz83wq0wdhnimzcy85fd-uvwasi-0.0.23/lib/glibc-hwcaps/x86-64-v2/libuvwasi.so", O_RDONLY|O_CLOEXEC) = -1 ENOENT (No such file or directory)
11847 openat(AT_FDCWD, "/nix/store/x0bq7h936cp5dz83wq0wdhnimzcy85fd-uvwasi-0.0.23/lib/libuvwasi.so", O_RDONLY|O_CLOEXEC) = 3
11847 openat(AT_FDCWD, "/nix/store/ri9paa3mri4kqakljak8ldvbcp7lpmif-zlib-1.3.1/lib/libzstd.so.1", O_RDONLY|O_CLOEXEC) = -1 ENOENT (No such file or directory)
11847 openat(AT_FDCWD, "/nix/store/8kwysbrm9zrfcsfbix7hkjj72r5kgiwv-llhttp-9.3.0/lib/libzstd.so.1", O_RDONLY|O_CLOEXEC) = -1 ENOENT (No such file or directory)
11847 openat(AT_FDCWD, "/nix/store/y890wk5v7h4dzfs69jycv3fj0fx5y9i5-libuv-1.51.0/lib/libzstd.so.1", O_RDONLY|O_CLOEXEC) = -1 ENOENT (No such file or directory)
11847 openat(AT_FDCWD, "/nix/store/3mg43r6bvdvf0zm3rxj1x9v2vwg6kwmn-simdjson-4.2.4/lib/libzstd.so.1", O_RDONLY|O_CLOEXEC) = -1 ENOENT (No such file or directory)
11847 openat(AT_FDCWD, "/nix/store/q5hdxy658850yynggmkjblbqfgs1w4nq-brotli-1.2.0-lib/lib/libzstd.so.1", O_RDONLY|O_CLOEXEC) = -1 ENOENT (No such file or directory)
11847 openat(AT_FDCWD, "/nix/store/dkvxkb5cb4zl792gz2msbgxhhk2mh43i-c-ares-1.34.6/lib/libzstd.so.1", O_RDONLY|O_CLOEXEC) = -1 ENOENT (No such file or directory)
11847 openat(AT_FDCWD, "/nix/store/j45rf4zx05ckp2d3fj6nb7js7zhs10dx-nghttp2-1.67.1-lib/lib/libzstd.so.1", O_RDONLY|O_CLOEXEC) = -1 ENOENT (No such file or directory)
11847 openat(AT_FDCWD, "/nix/store/x1avvg7xfcb6699afppcbd5qk24smg4n-nghttp3-1.13.1/lib/libzstd.so.1", O_RDONLY|O_CLOEXEC) = -1 ENOENT (No such file or directory)
11847 openat(AT_FDCWD, "/nix/store/zi565pibhgz582kxliylqpvmq1gq9z71-ngtcp2-1.18.0/lib/libzstd.so.1", O_RDONLY|O_CLOEXEC) = -1 ENOENT (No such file or directory)
11847 openat(AT_FDCWD, "/nix/store/bn7m7qn8k7b27jy5lkq3bg4vcxnyjpq0-sqlite-3.51.2/lib/libzstd.so.1", O_RDONLY|O_CLOEXEC) = -1 ENOENT (No such file or directory)
11847 openat(AT_FDCWD, "/nix/store/x0bq7h936cp5dz83wq0wdhnimzcy85fd-uvwasi-0.0.23/lib/libzstd.so.1", O_RDONLY|O_CLOEXEC) = -1 ENOENT (No such file or directory)
11847 openat(AT_FDCWD, "/nix/store/hqjka260vqvnl1k73dwqqqhcx0yiy6c0-zstd-1.5.7/lib/glibc-hwcaps/x86-64-v4/libzstd.so.1", O_RDONLY|O_CLOEXEC) = -1 ENOENT (No such file or directory)
11847 openat(AT_FDCWD, "/nix/store/hqjka260vqvnl1k73dwqqqhcx0yiy6c0-zstd-1.5.7/lib/glibc-hwcaps/x86-64-v3/libzstd.so.1", O_RDONLY|O_CLOEXEC) = -1 ENOENT (No such file or directory)
11847 openat(AT_FDCWD, "/nix/store/hqjka260vqvnl1k73dwqqqhcx0yiy6c0-zstd-1.5.7/lib/glibc-hwcaps/x86-64-v2/libzstd.so.1", O_RDONLY|O_CLOEXEC) = -1 ENOENT (No such file or directory)
11847 openat(AT_FDCWD, "/nix/store/hqjka260vqvnl1k73dwqqqhcx0yiy6c0-zstd-1.5.7/lib/libzstd.so.1", O_RDONLY|O_CLOEXEC) = 3
11847 openat(AT_FDCWD, "/nix/store/ri9paa3mri4kqakljak8ldvbcp7lpmif-zlib-1.3.1/lib/libcrypto.so.3", O_RDONLY|O_CLOEXEC) = -1 ENOENT (No such file or directory)
11847 openat(AT_FDCWD, "/nix/store/8kwysbrm9zrfcsfbix7hkjj72r5kgiwv-llhttp-9.3.0/lib/libcrypto.so.3", O_RDONLY|O_CLOEXEC) = -1 ENOENT (No such file or directory)
11847 openat(AT_FDCWD, "/nix/store/y890wk5v7h4dzfs69jycv3fj0fx5y9i5-libuv-1.51.0/lib/libcrypto.so.3", O_RDONLY|O_CLOEXEC) = -1 ENOENT (No such file or directory)
11847 openat(AT_FDCWD, "/nix/store/3mg43r6bvdvf0zm3rxj1x9v2vwg6kwmn-simdjson-4.2.4/lib/libcrypto.so.3", O_RDONLY|O_CLOEXEC) = -1 ENOENT (No such file or directory)
11847 openat(AT_FDCWD, "/nix/store/q5hdxy658850yynggmkjblbqfgs1w4nq-brotli-1.2.0-lib/lib/libcrypto.so.3", O_RDONLY|O_CLOEXEC) = -1 ENOENT (No such file or directory)
11847 openat(AT_FDCWD, "/nix/store/dkvxkb5cb4zl792gz2msbgxhhk2mh43i-c-ares-1.34.6/lib/libcrypto.so.3", O_RDONLY|O_CLOEXEC) = -1 ENOENT (No such file or directory)
11847 openat(AT_FDCWD, "/nix/store/j45rf4zx05ckp2d3fj6nb7js7zhs10dx-nghttp2-1.67.1-lib/lib/libcrypto.so.3", O_RDONLY|O_CLOEXEC) = -1 ENOENT (No such file or directory)
11847 openat(AT_FDCWD, "/nix/store/x1avvg7xfcb6699afppcbd5qk24smg4n-nghttp3-1.13.1/lib/libcrypto.so.3", O_RDONLY|O_CLOEXEC) = -1 ENOENT (No such file or directory)
11847 openat(AT_FDCWD, "/nix/store/zi565pibhgz582kxliylqpvmq1gq9z71-ngtcp2-1.18.0/lib/libcrypto.so.3", O_RDONLY|O_CLOEXEC) = -1 ENOENT (No such file or directory)
11847 openat(AT_FDCWD, "/nix/store/bn7m7qn8k7b27jy5lkq3bg4vcxnyjpq0-sqlite-3.51.2/lib/libcrypto.so.3", O_RDONLY|O_CLOEXEC) = -1 ENOENT (No such file or directory)
11847 openat(AT_FDCWD, "/nix/store/x0bq7h936cp5dz83wq0wdhnimzcy85fd-uvwasi-0.0.23/lib/libcrypto.so.3", O_RDONLY|O_CLOEXEC) = -1 ENOENT (No such file or directory)
11847 openat(AT_FDCWD, "/nix/store/hqjka260vqvnl1k73dwqqqhcx0yiy6c0-zstd-1.5.7/lib/libcrypto.so.3", O_RDONLY|O_CLOEXEC) = -1 ENOENT (No such file or directory)
11847 openat(AT_FDCWD, "/nix/store/g7lir5wb7g1a31szgw6n5wa0kbsq04zd-openssl-3.6.0/lib/glibc-hwcaps/x86-64-v4/libcrypto.so.3", O_RDONLY|O_CLOEXEC) = -1 ENOENT (No such file or directory)
11847 openat(AT_FDCWD, "/nix/store/g7lir5wb7g1a31szgw6n5wa0kbsq04zd-openssl-3.6.0/lib/glibc-hwcaps/x86-64-v3/libcrypto.so.3", O_RDONLY|O_CLOEXEC) = -1 ENOENT (No such file or directory)
11847 openat(AT_FDCWD, "/nix/store/g7lir5wb7g1a31szgw6n5wa0kbsq04zd-openssl-3.6.0/lib/glibc-hwcaps/x86-64-v2/libcrypto.so.3", O_RDONLY|O_CLOEXEC) = -1 ENOENT (No such file or directory)
11847 openat(AT_FDCWD, "/nix/store/g7lir5wb7g1a31szgw6n5wa0kbsq04zd-openssl-3.6.0/lib/libcrypto.so.3", O_RDONLY|O_CLOEXEC) = 3
11847 openat(AT_FDCWD, "/nix/store/ri9paa3mri4kqakljak8ldvbcp7lpmif-zlib-1.3.1/lib/libssl.so.3", O_RDONLY|O_CLOEXEC) = -1 ENOENT (No such file or directory)
11847 openat(AT_FDCWD, "/nix/store/8kwysbrm9zrfcsfbix7hkjj72r5kgiwv-llhttp-9.3.0/lib/libssl.so.3", O_RDONLY|O_CLOEXEC) = -1 ENOENT (No such file or directory)
11847 openat(AT_FDCWD, "/nix/store/y890wk5v7h4dzfs69jycv3fj0fx5y9i5-libuv-1.51.0/lib/libssl.so.3", O_RDONLY|O_CLOEXEC) = -1 ENOENT (No such file or directory)
11847 openat(AT_FDCWD, "/nix/store/3mg43r6bvdvf0zm3rxj1x9v2vwg6kwmn-simdjson-4.2.4/lib/libssl.so.3", O_RDONLY|O_CLOEXEC) = -1 ENOENT (No such file or directory)
11847 openat(AT_FDCWD, "/nix/store/q5hdxy658850yynggmkjblbqfgs1w4nq-brotli-1.2.0-lib/lib/libssl.so.3", O_RDONLY|O_CLOEXEC) = -1 ENOENT (No such file or directory)
11847 openat(AT_FDCWD, "/nix/store/dkvxkb5cb4zl792gz2msbgxhhk2mh43i-c-ares-1.34.6/lib/libssl.so.3", O_RDONLY|O_CLOEXEC) = -1 ENOENT (No such file or directory)
11847 openat(AT_FDCWD, "/nix/store/j45rf4zx05ckp2d3fj6nb7js7zhs10dx-nghttp2-1.67.1-lib/lib/libssl.so.3", O_RDONLY|O_CLOEXEC) = -1 ENOENT (No such file or directory)
11847 openat(AT_FDCWD, "/nix/store/x1avvg7xfcb6699afppcbd5qk24smg4n-nghttp3-1.13.1/lib/libssl.so.3", O_RDONLY|O_CLOEXEC) = -1 ENOENT (No such file or directory)
11847 openat(AT_FDCWD, "/nix/store/zi565pibhgz582kxliylqpvmq1gq9z71-ngtcp2-1.18.0/lib/libssl.so.3", O_RDONLY|O_CLOEXEC) = -1 ENOENT (No such file or directory)
11847 openat(AT_FDCWD, "/nix/store/bn7m7qn8k7b27jy5lkq3bg4vcxnyjpq0-sqlite-3.51.2/lib/libssl.so.3", O_RDONLY|O_CLOEXEC) = -1 ENOENT (No such file or directory)
11847 openat(AT_FDCWD, "/nix/store/x0bq7h936cp5dz83wq0wdhnimzcy85fd-uvwasi-0.0.23/lib/libssl.so.3", O_RDONLY|O_CLOEXEC) = -1 ENOENT (No such file or directory)
11847 openat(AT_FDCWD, "/nix/store/hqjka260vqvnl1k73dwqqqhcx0yiy6c0-zstd-1.5.7/lib/libssl.so.3", O_RDONLY|O_CLOEXEC) = -1 ENOENT (No such file or directory)
11847 openat(AT_FDCWD, "/nix/store/g7lir5wb7g1a31szgw6n5wa0kbsq04zd-openssl-3.6.0/lib/libssl.so.3", O_RDONLY|O_CLOEXEC) = 3
11847 openat(AT_FDCWD, "/nix/store/ri9paa3mri4kqakljak8ldvbcp7lpmif-zlib-1.3.1/lib/libicui18n.so.76", O_RDONLY|O_CLOEXEC) = -1 ENOENT (No such file or directory)
11847 openat(AT_FDCWD, "/nix/store/8kwysbrm9zrfcsfbix7hkjj72r5kgiwv-llhttp-9.3.0/lib/libicui18n.so.76", O_RDONLY|O_CLOEXEC) = -1 ENOENT (No such file or directory)
11847 openat(AT_FDCWD, "/nix/store/y890wk5v7h4dzfs69jycv3fj0fx5y9i5-libuv-1.51.0/lib/libicui18n.so.76", O_RDONLY|O_CLOEXEC) = -1 ENOENT (No such file or directory)
11847 openat(AT_FDCWD, "/nix/store/3mg43r6bvdvf0zm3rxj1x9v2vwg6kwmn-simdjson-4.2.4/lib/libicui18n.so.76", O_RDONLY|O_CLOEXEC) = -1 ENOENT (No such file or directory)
11847 openat(AT_FDCWD, "/nix/store/q5hdxy658850yynggmkjblbqfgs1w4nq-brotli-1.2.0-lib/lib/libicui18n.so.76", O_RDONLY|O_CLOEXEC) = -1 ENOENT (No such file or directory)
11847 openat(AT_FDCWD, "/nix/store/dkvxkb5cb4zl792gz2msbgxhhk2mh43i-c-ares-1.34.6/lib/libicui18n.so.76", O_RDONLY|O_CLOEXEC) = -1 ENOENT (No such file or directory)
11847 openat(AT_FDCWD, "/nix/store/j45rf4zx05ckp2d3fj6nb7js7zhs10dx-nghttp2-1.67.1-lib/lib/libicui18n.so.76", O_RDONLY|O_CLOEXEC) = -1 ENOENT (No such file or directory)
11847 openat(AT_FDCWD, "/nix/store/x1avvg7xfcb6699afppcbd5qk24smg4n-nghttp3-1.13.1/lib/libicui18n.so.76", O_RDONLY|O_CLOEXEC) = -1 ENOENT (No such file or directory)
11847 openat(AT_FDCWD, "/nix/store/zi565pibhgz582kxliylqpvmq1gq9z71-ngtcp2-1.18.0/lib/libicui18n.so.76", O_RDONLY|O_CLOEXEC) = -1 ENOENT (No such file or directory)
11847 openat(AT_FDCWD, "/nix/store/bn7m7qn8k7b27jy5lkq3bg4vcxnyjpq0-sqlite-3.51.2/lib/libicui18n.so.76", O_RDONLY|O_CLOEXEC) = -1 ENOENT (No such file or directory)
11847 openat(AT_FDCWD, "/nix/store/x0bq7h936cp5dz83wq0wdhnimzcy85fd-uvwasi-0.0.23/lib/libicui18n.so.76", O_RDONLY|O_CLOEXEC) = -1 ENOENT (No such file or directory)
11847 openat(AT_FDCWD, "/nix/store/hqjka260vqvnl1k73dwqqqhcx0yiy6c0-zstd-1.5.7/lib/libicui18n.so.76", O_RDONLY|O_CLOEXEC) = -1 ENOENT (No such file or directory)
11847 openat(AT_FDCWD, "/nix/store/g7lir5wb7g1a31szgw6n5wa0kbsq04zd-openssl-3.6.0/lib/libicui18n.so.76", O_RDONLY|O_CLOEXEC) = -1 ENOENT (No such file or directory)
11847 openat(AT_FDCWD, "/nix/store/q34rjcffjcmhbnsx8nd6w0i2xamz66i3-icu4c-76.1/lib/glibc-hwcaps/x86-64-v4/libicui18n.so.76", O_RDONLY|O_CLOEXEC) = -1 ENOENT (No such file or directory)
11847 openat(AT_FDCWD, "/nix/store/q34rjcffjcmhbnsx8nd6w0i2xamz66i3-icu4c-76.1/lib/glibc-hwcaps/x86-64-v3/libicui18n.so.76", O_RDONLY|O_CLOEXEC) = -1 ENOENT (No such file or directory)
11847 openat(AT_FDCWD, "/nix/store/q34rjcffjcmhbnsx8nd6w0i2xamz66i3-icu4c-76.1/lib/glibc-hwcaps/x86-64-v2/libicui18n.so.76", O_RDONLY|O_CLOEXEC) = -1 ENOENT (No such file or directory)
11847 openat(AT_FDCWD, "/nix/store/q34rjcffjcmhbnsx8nd6w0i2xamz66i3-icu4c-76.1/lib/libicui18n.so.76", O_RDONLY|O_CLOEXEC) = 3
11847 openat(AT_FDCWD, "/nix/store/ri9paa3mri4kqakljak8ldvbcp7lpmif-zlib-1.3.1/lib/libicuuc.so.76", O_RDONLY|O_CLOEXEC) = -1 ENOENT (No such file or directory)
11847 openat(AT_FDCWD, "/nix/store/8kwysbrm9zrfcsfbix7hkjj72r5kgiwv-llhttp-9.3.0/lib/libicuuc.so.76", O_RDONLY|O_CLOEXEC) = -1 ENOENT (No such file or directory)
11847 openat(AT_FDCWD, "/nix/store/y890wk5v7h4dzfs69jycv3fj0fx5y9i5-libuv-1.51.0/lib/libicuuc.so.76", O_RDONLY|O_CLOEXEC) = -1 ENOENT (No such file or directory)
11847 openat(AT_FDCWD, "/nix/store/3mg43r6bvdvf0zm3rxj1x9v2vwg6kwmn-simdjson-4.2.4/lib/libicuuc.so.76", O_RDONLY|O_CLOEXEC) = -1 ENOENT (No such file or directory)
11847 openat(AT_FDCWD, "/nix/store/q5hdxy658850yynggmkjblbqfgs1w4nq-brotli-1.2.0-lib/lib/libicuuc.so.76", O_RDONLY|O_CLOEXEC) = -1 ENOENT (No such file or directory)
11847 openat(AT_FDCWD, "/nix/store/dkvxkb5cb4zl792gz2msbgxhhk2mh43i-c-ares-1.34.6/lib/libicuuc.so.76", O_RDONLY|O_CLOEXEC) = -1 ENOENT (No such file or directory)
11847 openat(AT_FDCWD, "/nix/store/j45rf4zx05ckp2d3fj6nb7js7zhs10dx-nghttp2-1.67.1-lib/lib/libicuuc.so.76", O_RDONLY|O_CLOEXEC) = -1 ENOENT (No such file or directory)
11847 openat(AT_FDCWD, "/nix/store/x1avvg7xfcb6699afppcbd5qk24smg4n-nghttp3-1.13.1/lib/libicuuc.so.76", O_RDONLY|O_CLOEXEC) = -1 ENOENT (No such file or directory)
11847 openat(AT_FDCWD, "/nix/store/zi565pibhgz582kxliylqpvmq1gq9z71-ngtcp2-1.18.0/lib/libicuuc.so.76", O_RDONLY|O_CLOEXEC) = -1 ENOENT (No such file or directory)
11847 openat(AT_FDCWD, "/nix/store/bn7m7qn8k7b27jy5lkq3bg4vcxnyjpq0-sqlite-3.51.2/lib/libicuuc.so.76", O_RDONLY|O_CLOEXEC) = -1 ENOENT (No such file or directory)
11847 openat(AT_FDCWD, "/nix/store/x0bq7h936cp5dz83wq0wdhnimzcy85fd-uvwasi-0.0.23/lib/libicuuc.so.76", O_RDONLY|O_CLOEXEC) = -1 ENOENT (No such file or directory)
11847 openat(AT_FDCWD, "/nix/store/hqjka260vqvnl1k73dwqqqhcx0yiy6c0-zstd-1.5.7/lib/libicuuc.so.76", O_RDONLY|O_CLOEXEC) = -1 ENOENT (No such file or directory)
11847 openat(AT_FDCWD, "/nix/store/g7lir5wb7g1a31szgw6n5wa0kbsq04zd-openssl-3.6.0/lib/libicuuc.so.76", O_RDONLY|O_CLOEXEC) = -1 ENOENT (No such file or directory)
11847 openat(AT_FDCWD, "/nix/store/q34rjcffjcmhbnsx8nd6w0i2xamz66i3-icu4c-76.1/lib/libicuuc.so.76", O_RDONLY|O_CLOEXEC) = 3
11847 openat(AT_FDCWD, "/nix/store/ri9paa3mri4kqakljak8ldvbcp7lpmif-zlib-1.3.1/lib/libdl.so.2", O_RDONLY|O_CLOEXEC) = -1 ENOENT (No such file or directory)
11847 openat(AT_FDCWD, "/nix/store/8kwysbrm9zrfcsfbix7hkjj72r5kgiwv-llhttp-9.3.0/lib/libdl.so.2", O_RDONLY|O_CLOEXEC) = -1 ENOENT (No such file or directory)
11847 openat(AT_FDCWD, "/nix/store/y890wk5v7h4dzfs69jycv3fj0fx5y9i5-libuv-1.51.0/lib/libdl.so.2", O_RDONLY|O_CLOEXEC) = -1 ENOENT (No such file or directory)
11847 openat(AT_FDCWD, "/nix/store/3mg43r6bvdvf0zm3rxj1x9v2vwg6kwmn-simdjson-4.2.4/lib/libdl.so.2", O_RDONLY|O_CLOEXEC) = -1 ENOENT (No such file or directory)
11847 openat(AT_FDCWD, "/nix/store/q5hdxy658850yynggmkjblbqfgs1w4nq-brotli-1.2.0-lib/lib/libdl.so.2", O_RDONLY|O_CLOEXEC) = -1 ENOENT (No such file or directory)
11847 openat(AT_FDCWD, "/nix/store/dkvxkb5cb4zl792gz2msbgxhhk2mh43i-c-ares-1.34.6/lib/libdl.so.2", O_RDONLY|O_CLOEXEC) = -1 ENOENT (No such file or directory)
11847 openat(AT_FDCWD, "/nix/store/j45rf4zx05ckp2d3fj6nb7js7zhs10dx-nghttp2-1.67.1-lib/lib/libdl.so.2", O_RDONLY|O_CLOEXEC) = -1 ENOENT (No such file or directory)
11847 openat(AT_FDCWD, "/nix/store/x1avvg7xfcb6699afppcbd5qk24smg4n-nghttp3-1.13.1/lib/libdl.so.2", O_RDONLY|O_CLOEXEC) = -1 ENOENT (No such file or directory)
11847 openat(AT_FDCWD, "/nix/store/zi565pibhgz582kxliylqpvmq1gq9z71-ngtcp2-1.18.0/lib/libdl.so.2", O_RDONLY|O_CLOEXEC) = -1 ENOENT (No such file or directory)
11847 openat(AT_FDCWD, "/nix/store/bn7m7qn8k7b27jy5lkq3bg4vcxnyjpq0-sqlite-3.51.2/lib/libdl.so.2", O_RDONLY|O_CLOEXEC) = -1 ENOENT (No such file or directory)
11847 openat(AT_FDCWD, "/nix/store/x0bq7h936cp5dz83wq0wdhnimzcy85fd-uvwasi-0.0.23/lib/libdl.so.2", O_RDONLY|O_CLOEXEC) = -1 ENOENT (No such file or directory)
11847 openat(AT_FDCWD, "/nix/store/hqjka260vqvnl1k73dwqqqhcx0yiy6c0-zstd-1.5.7/lib/libdl.so.2", O_RDONLY|O_CLOEXEC) = -1 ENOENT (No such file or directory)
11847 openat(AT_FDCWD, "/nix/store/g7lir5wb7g1a31szgw6n5wa0kbsq04zd-openssl-3.6.0/lib/libdl.so.2", O_RDONLY|O_CLOEXEC) = -1 ENOENT (No such file or directory)
11847 openat(AT_FDCWD, "/nix/store/q34rjcffjcmhbnsx8nd6w0i2xamz66i3-icu4c-76.1/lib/libdl.so.2", O_RDONLY|O_CLOEXEC) = -1 ENOENT (No such file or directory)
11847 openat(AT_FDCWD, "/nix/store/wb6rhpznjfczwlwx23zmdrrw74bayxw4-glibc-2.42-47/lib/glibc-hwcaps/x86-64-v4/libdl.so.2", O_RDONLY|O_CLOEXEC) = -1 ENOENT (No such file or directory)
11847 openat(AT_FDCWD, "/nix/store/wb6rhpznjfczwlwx23zmdrrw74bayxw4-glibc-2.42-47/lib/glibc-hwcaps/x86-64-v3/libdl.so.2", O_RDONLY|O_CLOEXEC) = -1 ENOENT (No such file or directory)
11847 openat(AT_FDCWD, "/nix/store/wb6rhpznjfczwlwx23zmdrrw74bayxw4-glibc-2.42-47/lib/glibc-hwcaps/x86-64-v2/libdl.so.2", O_RDONLY|O_CLOEXEC) = -1 ENOENT (No such file or directory)
11847 openat(AT_FDCWD, "/nix/store/wb6rhpznjfczwlwx23zmdrrw74bayxw4-glibc-2.42-47/lib/libdl.so.2", O_RDONLY|O_CLOEXEC) = 3
11847 openat(AT_FDCWD, "/nix/store/ri9paa3mri4kqakljak8ldvbcp7lpmif-zlib-1.3.1/lib/libstdc++.so.6", O_RDONLY|O_CLOEXEC) = -1 ENOENT (No such file or directory)
11847 openat(AT_FDCWD, "/nix/store/8kwysbrm9zrfcsfbix7hkjj72r5kgiwv-llhttp-9.3.0/lib/libstdc++.so.6", O_RDONLY|O_CLOEXEC) = -1 ENOENT (No such file or directory)
11847 openat(AT_FDCWD, "/nix/store/y890wk5v7h4dzfs69jycv3fj0fx5y9i5-libuv-1.51.0/lib/libstdc++.so.6", O_RDONLY|O_CLOEXEC) = -1 ENOENT (No such file or directory)
11847 openat(AT_FDCWD, "/nix/store/3mg43r6bvdvf0zm3rxj1x9v2vwg6kwmn-simdjson-4.2.4/lib/libstdc++.so.6", O_RDONLY|O_CLOEXEC) = -1 ENOENT (No such file or directory)
11847 openat(AT_FDCWD, "/nix/store/q5hdxy658850yynggmkjblbqfgs1w4nq-brotli-1.2.0-lib/lib/libstdc++.so.6", O_RDONLY|O_CLOEXEC) = -1 ENOENT (No such file or directory)
11847 openat(AT_FDCWD, "/nix/store/dkvxkb5cb4zl792gz2msbgxhhk2mh43i-c-ares-1.34.6/lib/libstdc++.so.6", O_RDONLY|O_CLOEXEC) = -1 ENOENT (No such file or directory)
11847 openat(AT_FDCWD, "/nix/store/j45rf4zx05ckp2d3fj6nb7js7zhs10dx-nghttp2-1.67.1-lib/lib/libstdc++.so.6", O_RDONLY|O_CLOEXEC) = -1 ENOENT (No such file or directory)
11847 openat(AT_FDCWD, "/nix/store/x1avvg7xfcb6699afppcbd5qk24smg4n-nghttp3-1.13.1/lib/libstdc++.so.6", O_RDONLY|O_CLOEXEC) = -1 ENOENT (No such file or directory)
11847 openat(AT_FDCWD, "/nix/store/zi565pibhgz582kxliylqpvmq1gq9z71-ngtcp2-1.18.0/lib/libstdc++.so.6", O_RDONLY|O_CLOEXEC) = -1 ENOENT (No such file or directory)
11847 openat(AT_FDCWD, "/nix/store/bn7m7qn8k7b27jy5lkq3bg4vcxnyjpq0-sqlite-3.51.2/lib/libstdc++.so.6", O_RDONLY|O_CLOEXEC) = -1 ENOENT (No such file or directory)
11847 openat(AT_FDCWD, "/nix/store/x0bq7h936cp5dz83wq0wdhnimzcy85fd-uvwasi-0.0.23/lib/libstdc++.so.6", O_RDONLY|O_CLOEXEC) = -1 ENOENT (No such file or directory)
11847 openat(AT_FDCWD, "/nix/store/hqjka260vqvnl1k73dwqqqhcx0yiy6c0-zstd-1.5.7/lib/libstdc++.so.6", O_RDONLY|O_CLOEXEC) = -1 ENOENT (No such file or directory)
11847 openat(AT_FDCWD, "/nix/store/g7lir5wb7g1a31szgw6n5wa0kbsq04zd-openssl-3.6.0/lib/libstdc++.so.6", O_RDONLY|O_CLOEXEC) = -1 ENOENT (No such file or directory)
11847 openat(AT_FDCWD, "/nix/store/q34rjcffjcmhbnsx8nd6w0i2xamz66i3-icu4c-76.1/lib/libstdc++.so.6", O_RDONLY|O_CLOEXEC) = -1 ENOENT (No such file or directory)
11847 openat(AT_FDCWD, "/nix/store/wb6rhpznjfczwlwx23zmdrrw74bayxw4-glibc-2.42-47/lib/libstdc++.so.6", O_RDONLY|O_CLOEXEC) = -1 ENOENT (No such file or directory)
11847 openat(AT_FDCWD, "/nix/store/j2kgllgds4w7na8zqv1msi0mpvpjxda8-gcc-15.2.0-lib/lib/glibc-hwcaps/x86-64-v4/libstdc++.so.6", O_RDONLY|O_CLOEXEC) = -1 ENOENT (No such file or directory)
11847 openat(AT_FDCWD, "/nix/store/j2kgllgds4w7na8zqv1msi0mpvpjxda8-gcc-15.2.0-lib/lib/glibc-hwcaps/x86-64-v3/libstdc++.so.6", O_RDONLY|O_CLOEXEC) = -1 ENOENT (No such file or directory)
11847 openat(AT_FDCWD, "/nix/store/j2kgllgds4w7na8zqv1msi0mpvpjxda8-gcc-15.2.0-lib/lib/glibc-hwcaps/x86-64-v2/libstdc++.so.6", O_RDONLY|O_CLOEXEC) = -1 ENOENT (No such file or directory)
11847 openat(AT_FDCWD, "/nix/store/j2kgllgds4w7na8zqv1msi0mpvpjxda8-gcc-15.2.0-lib/lib/libstdc++.so.6", O_RDONLY|O_CLOEXEC) = 3
11847 openat(AT_FDCWD, "/nix/store/ri9paa3mri4kqakljak8ldvbcp7lpmif-zlib-1.3.1/lib/libm.so.6", O_RDONLY|O_CLOEXEC) = -1 ENOENT (No such file or directory)
11847 openat(AT_FDCWD, "/nix/store/8kwysbrm9zrfcsfbix7hkjj72r5kgiwv-llhttp-9.3.0/lib/libm.so.6", O_RDONLY|O_CLOEXEC) = -1 ENOENT (No such file or directory)
11847 openat(AT_FDCWD, "/nix/store/y890wk5v7h4dzfs69jycv3fj0fx5y9i5-libuv-1.51.0/lib/libm.so.6", O_RDONLY|O_CLOEXEC) = -1 ENOENT (No such file or directory)
11847 openat(AT_FDCWD, "/nix/store/3mg43r6bvdvf0zm3rxj1x9v2vwg6kwmn-simdjson-4.2.4/lib/libm.so.6", O_RDONLY|O_CLOEXEC) = -1 ENOENT (No such file or directory)
11847 openat(AT_FDCWD, "/nix/store/q5hdxy658850yynggmkjblbqfgs1w4nq-brotli-1.2.0-lib/lib/libm.so.6", O_RDONLY|O_CLOEXEC) = -1 ENOENT (No such file or directory)
11847 openat(AT_FDCWD, "/nix/store/dkvxkb5cb4zl792gz2msbgxhhk2mh43i-c-ares-1.34.6/lib/libm.so.6", O_RDONLY|O_CLOEXEC) = -1 ENOENT (No such file or directory)
11847 openat(AT_FDCWD, "/nix/store/j45rf4zx05ckp2d3fj6nb7js7zhs10dx-nghttp2-1.67.1-lib/lib/libm.so.6", O_RDONLY|O_CLOEXEC) = -1 ENOENT (No such file or directory)
11847 openat(AT_FDCWD, "/nix/store/x1avvg7xfcb6699afppcbd5qk24smg4n-nghttp3-1.13.1/lib/libm.so.6", O_RDONLY|O_CLOEXEC) = -1 ENOENT (No such file or directory)
11847 openat(AT_FDCWD, "/nix/store/zi565pibhgz582kxliylqpvmq1gq9z71-ngtcp2-1.18.0/lib/libm.so.6", O_RDONLY|O_CLOEXEC) = -1 ENOENT (No such file or directory)
11847 openat(AT_FDCWD, "/nix/store/bn7m7qn8k7b27jy5lkq3bg4vcxnyjpq0-sqlite-3.51.2/lib/libm.so.6", O_RDONLY|O_CLOEXEC) = -1 ENOENT (No such file or directory)
11847 openat(AT_FDCWD, "/nix/store/x0bq7h936cp5dz83wq0wdhnimzcy85fd-uvwasi-0.0.23/lib/libm.so.6", O_RDONLY|O_CLOEXEC) = -1 ENOENT (No such file or directory)
11847 openat(AT_FDCWD, "/nix/store/hqjka260vqvnl1k73dwqqqhcx0yiy6c0-zstd-1.5.7/lib/libm.so.6", O_RDONLY|O_CLOEXEC) = -1 ENOENT (No such file or directory)
11847 openat(AT_FDCWD, "/nix/store/g7lir5wb7g1a31szgw6n5wa0kbsq04zd-openssl-3.6.0/lib/libm.so.6", O_RDONLY|O_CLOEXEC) = -1 ENOENT (No such file or directory)
11847 openat(AT_FDCWD, "/nix/store/q34rjcffjcmhbnsx8nd6w0i2xamz66i3-icu4c-76.1/lib/libm.so.6", O_RDONLY|O_CLOEXEC) = -1 ENOENT (No such file or directory)
11847 openat(AT_FDCWD, "/nix/store/wb6rhpznjfczwlwx23zmdrrw74bayxw4-glibc-2.42-47/lib/libm.so.6", O_RDONLY|O_CLOEXEC) = 3
11847 openat(AT_FDCWD, "/nix/store/ri9paa3mri4kqakljak8ldvbcp7lpmif-zlib-1.3.1/lib/libgcc_s.so.1", O_RDONLY|O_CLOEXEC) = -1 ENOENT (No such file or directory)
11847 openat(AT_FDCWD, "/nix/store/8kwysbrm9zrfcsfbix7hkjj72r5kgiwv-llhttp-9.3.0/lib/libgcc_s.so.1", O_RDONLY|O_CLOEXEC) = -1 ENOENT (No such file or directory)
11847 openat(AT_FDCWD, "/nix/store/y890wk5v7h4dzfs69jycv3fj0fx5y9i5-libuv-1.51.0/lib/libgcc_s.so.1", O_RDONLY|O_CLOEXEC) = -1 ENOENT (No such file or directory)
11847 openat(AT_FDCWD, "/nix/store/3mg43r6bvdvf0zm3rxj1x9v2vwg6kwmn-simdjson-4.2.4/lib/libgcc_s.so.1", O_RDONLY|O_CLOEXEC) = -1 ENOENT (No such file or directory)
11847 openat(AT_FDCWD, "/nix/store/q5hdxy658850yynggmkjblbqfgs1w4nq-brotli-1.2.0-lib/lib/libgcc_s.so.1", O_RDONLY|O_CLOEXEC) = -1 ENOENT (No such file or directory)
11847 openat(AT_FDCWD, "/nix/store/dkvxkb5cb4zl792gz2msbgxhhk2mh43i-c-ares-1.34.6/lib/libgcc_s.so.1", O_RDONLY|O_CLOEXEC) = -1 ENOENT (No such file or directory)
11847 openat(AT_FDCWD, "/nix/store/j45rf4zx05ckp2d3fj6nb7js7zhs10dx-nghttp2-1.67.1-lib/lib/libgcc_s.so.1", O_RDONLY|O_CLOEXEC) = -1 ENOENT (No such file or directory)
11847 openat(AT_FDCWD, "/nix/store/x1avvg7xfcb6699afppcbd5qk24smg4n-nghttp3-1.13.1/lib/libgcc_s.so.1", O_RDONLY|O_CLOEXEC) = -1 ENOENT (No such file or directory)
11847 openat(AT_FDCWD, "/nix/store/zi565pibhgz582kxliylqpvmq1gq9z71-ngtcp2-1.18.0/lib/libgcc_s.so.1", O_RDONLY|O_CLOEXEC) = -1 ENOENT (No such file or directory)
11847 openat(AT_FDCWD, "/nix/store/bn7m7qn8k7b27jy5lkq3bg4vcxnyjpq0-sqlite-3.51.2/lib/libgcc_s.so.1", O_RDONLY|O_CLOEXEC) = -1 ENOENT (No such file or directory)
11847 openat(AT_FDCWD, "/nix/store/x0bq7h936cp5dz83wq0wdhnimzcy85fd-uvwasi-0.0.23/lib/libgcc_s.so.1", O_RDONLY|O_CLOEXEC) = -1 ENOENT (No such file or directory)
11847 openat(AT_FDCWD, "/nix/store/hqjka260vqvnl1k73dwqqqhcx0yiy6c0-zstd-1.5.7/lib/libgcc_s.so.1", O_RDONLY|O_CLOEXEC) = -1 ENOENT (No such file or directory)
11847 openat(AT_FDCWD, "/nix/store/g7lir5wb7g1a31szgw6n5wa0kbsq04zd-openssl-3.6.0/lib/libgcc_s.so.1", O_RDONLY|O_CLOEXEC) = -1 ENOENT (No such file or directory)
11847 openat(AT_FDCWD, "/nix/store/q34rjcffjcmhbnsx8nd6w0i2xamz66i3-icu4c-76.1/lib/libgcc_s.so.1", O_RDONLY|O_CLOEXEC) = -1 ENOENT (No such file or directory)
11847 openat(AT_FDCWD, "/nix/store/wb6rhpznjfczwlwx23zmdrrw74bayxw4-glibc-2.42-47/lib/libgcc_s.so.1", O_RDONLY|O_CLOEXEC) = -1 ENOENT (No such file or directory)
11847 openat(AT_FDCWD, "/nix/store/j2kgllgds4w7na8zqv1msi0mpvpjxda8-gcc-15.2.0-lib/lib/libgcc_s.so.1", O_RDONLY|O_CLOEXEC) = 3
11847 openat(AT_FDCWD, "/nix/store/ri9paa3mri4kqakljak8ldvbcp7lpmif-zlib-1.3.1/lib/libpthread.so.0", O_RDONLY|O_CLOEXEC) = -1 ENOENT (No such file or directory)
11847 openat(AT_FDCWD, "/nix/store/8kwysbrm9zrfcsfbix7hkjj72r5kgiwv-llhttp-9.3.0/lib/libpthread.so.0", O_RDONLY|O_CLOEXEC) = -1 ENOENT (No such file or directory)
11847 openat(AT_FDCWD, "/nix/store/y890wk5v7h4dzfs69jycv3fj0fx5y9i5-libuv-1.51.0/lib/libpthread.so.0", O_RDONLY|O_CLOEXEC) = -1 ENOENT (No such file or directory)
11847 openat(AT_FDCWD, "/nix/store/3mg43r6bvdvf0zm3rxj1x9v2vwg6kwmn-simdjson-4.2.4/lib/libpthread.so.0", O_RDONLY|O_CLOEXEC) = -1 ENOENT (No such file or directory)
11847 openat(AT_FDCWD, "/nix/store/q5hdxy658850yynggmkjblbqfgs1w4nq-brotli-1.2.0-lib/lib/libpthread.so.0", O_RDONLY|O_CLOEXEC) = -1 ENOENT (No such file or directory)
11847 openat(AT_FDCWD, "/nix/store/dkvxkb5cb4zl792gz2msbgxhhk2mh43i-c-ares-1.34.6/lib/libpthread.so.0", O_RDONLY|O_CLOEXEC) = -1 ENOENT (No such file or directory)
11847 openat(AT_FDCWD, "/nix/store/j45rf4zx05ckp2d3fj6nb7js7zhs10dx-nghttp2-1.67.1-lib/lib/libpthread.so.0", O_RDONLY|O_CLOEXEC) = -1 ENOENT (No such file or directory)
11847 openat(AT_FDCWD, "/nix/store/x1avvg7xfcb6699afppcbd5qk24smg4n-nghttp3-1.13.1/lib/libpthread.so.0", O_RDONLY|O_CLOEXEC) = -1 ENOENT (No such file or directory)
11847 openat(AT_FDCWD, "/nix/store/zi565pibhgz582kxliylqpvmq1gq9z71-ngtcp2-1.18.0/lib/libpthread.so.0", O_RDONLY|O_CLOEXEC) = -1 ENOENT (No such file or directory)
11847 openat(AT_FDCWD, "/nix/store/bn7m7qn8k7b27jy5lkq3bg4vcxnyjpq0-sqlite-3.51.2/lib/libpthread.so.0", O_RDONLY|O_CLOEXEC) = -1 ENOENT (No such file or directory)
11847 openat(AT_FDCWD, "/nix/store/x0bq7h936cp5dz83wq0wdhnimzcy85fd-uvwasi-0.0.23/lib/libpthread.so.0", O_RDONLY|O_CLOEXEC) = -1 ENOENT (No such file or directory)
11847 openat(AT_FDCWD, "/nix/store/hqjka260vqvnl1k73dwqqqhcx0yiy6c0-zstd-1.5.7/lib/libpthread.so.0", O_RDONLY|O_CLOEXEC) = -1 ENOENT (No such file or directory)
11847 openat(AT_FDCWD, "/nix/store/g7lir5wb7g1a31szgw6n5wa0kbsq04zd-openssl-3.6.0/lib/libpthread.so.0", O_RDONLY|O_CLOEXEC) = -1 ENOENT (No such file or directory)
11847 openat(AT_FDCWD, "/nix/store/q34rjcffjcmhbnsx8nd6w0i2xamz66i3-icu4c-76.1/lib/libpthread.so.0", O_RDONLY|O_CLOEXEC) = -1 ENOENT (No such file or directory)
11847 openat(AT_FDCWD, "/nix/store/wb6rhpznjfczwlwx23zmdrrw74bayxw4-glibc-2.42-47/lib/libpthread.so.0", O_RDONLY|O_CLOEXEC) = 3
11847 openat(AT_FDCWD, "/nix/store/ri9paa3mri4kqakljak8ldvbcp7lpmif-zlib-1.3.1/lib/libc.so.6", O_RDONLY|O_CLOEXEC) = -1 ENOENT (No such file or directory)
11847 openat(AT_FDCWD, "/nix/store/8kwysbrm9zrfcsfbix7hkjj72r5kgiwv-llhttp-9.3.0/lib/libc.so.6", O_RDONLY|O_CLOEXEC) = -1 ENOENT (No such file or directory)
11847 openat(AT_FDCWD, "/nix/store/y890wk5v7h4dzfs69jycv3fj0fx5y9i5-libuv-1.51.0/lib/libc.so.6", O_RDONLY|O_CLOEXEC) = -1 ENOENT (No such file or directory)
11847 openat(AT_FDCWD, "/nix/store/3mg43r6bvdvf0zm3rxj1x9v2vwg6kwmn-simdjson-4.2.4/lib/libc.so.6", O_RDONLY|O_CLOEXEC) = -1 ENOENT (No such file or directory)
11847 openat(AT_FDCWD, "/nix/store/q5hdxy658850yynggmkjblbqfgs1w4nq-brotli-1.2.0-lib/lib/libc.so.6", O_RDONLY|O_CLOEXEC) = -1 ENOENT (No such file or directory)
11847 openat(AT_FDCWD, "/nix/store/dkvxkb5cb4zl792gz2msbgxhhk2mh43i-c-ares-1.34.6/lib/libc.so.6", O_RDONLY|O_CLOEXEC) = -1 ENOENT (No such file or directory)
11847 openat(AT_FDCWD, "/nix/store/j45rf4zx05ckp2d3fj6nb7js7zhs10dx-nghttp2-1.67.1-lib/lib/libc.so.6", O_RDONLY|O_CLOEXEC) = -1 ENOENT (No such file or directory)
11847 openat(AT_FDCWD, "/nix/store/x1avvg7xfcb6699afppcbd5qk24smg4n-nghttp3-1.13.1/lib/libc.so.6", O_RDONLY|O_CLOEXEC) = -1 ENOENT (No such file or directory)
11847 openat(AT_FDCWD, "/nix/store/zi565pibhgz582kxliylqpvmq1gq9z71-ngtcp2-1.18.0/lib/libc.so.6", O_RDONLY|O_CLOEXEC) = -1 ENOENT (No such file or directory)
11847 openat(AT_FDCWD, "/nix/store/bn7m7qn8k7b27jy5lkq3bg4vcxnyjpq0-sqlite-3.51.2/lib/libc.so.6", O_RDONLY|O_CLOEXEC) = -1 ENOENT (No such file or directory)
11847 openat(AT_FDCWD, "/nix/store/x0bq7h936cp5dz83wq0wdhnimzcy85fd-uvwasi-0.0.23/lib/libc.so.6", O_RDONLY|O_CLOEXEC) = -1 ENOENT (No such file or directory)
11847 openat(AT_FDCWD, "/nix/store/hqjka260vqvnl1k73dwqqqhcx0yiy6c0-zstd-1.5.7/lib/libc.so.6", O_RDONLY|O_CLOEXEC) = -1 ENOENT (No such file or directory)
11847 openat(AT_FDCWD, "/nix/store/g7lir5wb7g1a31szgw6n5wa0kbsq04zd-openssl-3.6.0/lib/libc.so.6", O_RDONLY|O_CLOEXEC) = -1 ENOENT (No such file or directory)
11847 openat(AT_FDCWD, "/nix/store/q34rjcffjcmhbnsx8nd6w0i2xamz66i3-icu4c-76.1/lib/libc.so.6", O_RDONLY|O_CLOEXEC) = -1 ENOENT (No such file or directory)
11847 openat(AT_FDCWD, "/nix/store/wb6rhpznjfczwlwx23zmdrrw74bayxw4-glibc-2.42-47/lib/libc.so.6", O_RDONLY|O_CLOEXEC) = 3
11847 openat(AT_FDCWD, "/nix/store/q5hdxy658850yynggmkjblbqfgs1w4nq-brotli-1.2.0-lib/lib/libbrotlicommon.so.1", O_RDONLY|O_CLOEXEC) = 3
11847 openat(AT_FDCWD, "/nix/store/q34rjcffjcmhbnsx8nd6w0i2xamz66i3-icu4c-76.1/lib/libicudata.so.76", O_RDONLY|O_CLOEXEC) = 3
11847 openat(AT_FDCWD, "/nix/store/g7lir5wb7g1a31szgw6n5wa0kbsq04zd-openssl-3.6.0/etc/ssl/openssl.cnf", O_RDONLY) = 3
11847 openat(AT_FDCWD, "/proc/version_signature", O_RDONLY|O_CLOEXEC) = -1 ENOENT (No such file or directory)
11847 openat(AT_FDCWD, "/proc/self/maps", O_RDONLY|O_CLOEXEC) = 17
11847 openat(AT_FDCWD, "/proc/self/cgroup", O_RDONLY|O_CLOEXEC) = 17
11847 openat(AT_FDCWD, "/sys/fs/cgroup/user.slice/shell.slice/shellexec-A0WDCXN9YCZFNH2F6HZCI.scope/memory.max", O_RDONLY|O_CLOEXEC) = 17
11847 openat(AT_FDCWD, "/sys/fs/cgroup/user.slice/shell.slice/shellexec-A0WDCXN9YCZFNH2F6HZCI.scope/memory.high", O_RDONLY|O_CLOEXEC) = 17
11847 openat(AT_FDCWD, "/proc/meminfo", O_RDONLY|O_CLOEXEC) = 17
11847 openat(AT_FDCWD, "/proc/self/maps", O_RDONLY) = 17
11847 openat(AT_FDCWD, "/nix/store/9cyx2v23dip6p9q98384k9v06c96qskb-nodejs-24.13.0/bin/node", O_RDONLY) = 17
11847 openat(AT_FDCWD, "/home/runner/workspace/artifacts/api-server/dist-e3-apertura-20260922/index.mjs", O_RDONLY|O_CLOEXEC) = 17
11847 openat(AT_FDCWD, "/home/runner/workspace/artifacts/api-server/dist-e3-apertura-20260922/index.mjs.map", O_RDONLY|O_CLOEXEC) = 17
11847 openat(AT_FDCWD, "/sys/devices/system/cpu/online", O_RDONLY|O_CLOEXEC) = 18
11847 openat(AT_FDCWD, "/home/runner/workspace/artifacts/api-server/dist-e3-apertura-20260922/package.json", O_RDONLY|O_CLOEXEC) = -1 ENOENT (No such file or directory)
11847 openat(AT_FDCWD, "/home/runner/workspace/artifacts/api-server/package.json", O_RDONLY|O_CLOEXEC) = 17
11847 openat(AT_FDCWD, "/home/runner/workspace/artifacts/api-server/node_modules/@google-cloud/storage/package.json", O_RDONLY|O_CLOEXEC) = 17
11847 openat(AT_FDCWD, "/home/runner/workspace/node_modules/.pnpm/@google-cloud+storage@8.0.1/node_modules/@google-cloud/storage/build/esm/src/package.json", O_RDONLY|O_CLOEXEC) = -1 ENOENT (No such file or directory)
11847 openat(AT_FDCWD, "/home/runner/workspace/node_modules/.pnpm/@google-cloud+storage@8.0.1/node_modules/@google-cloud/storage/build/esm/package.json", O_RDONLY|O_CLOEXEC) = -1 ENOENT (No such file or directory)
11847 openat(AT_FDCWD, "/home/runner/workspace/node_modules/.pnpm/@google-cloud+storage@8.0.1/node_modules/@google-cloud/storage/build/package.json", O_RDONLY|O_CLOEXEC) = -1 ENOENT (No such file or directory)
11847 openat(AT_FDCWD, "/home/runner/workspace/node_modules/.pnpm/@google-cloud+storage@8.0.1/node_modules/@google-cloud/storage/package.json", O_RDONLY|O_CLOEXEC) = 17
11847 openat(AT_FDCWD, "/home/runner/workspace/node_modules/.pnpm/@google-cloud+storage@8.0.1/node_modules/@google-cloud/storage/build/esm/src/index.js", O_RDONLY|O_CLOEXEC) = 17
11847 openat(AT_FDCWD, "/home/runner/workspace/node_modules/.pnpm/@google-cloud+storage@8.0.1/node_modules/@google-cloud/storage/build/esm/src/nodejs-common/package.json", O_RDONLY|O_CLOEXEC) = -1 ENOENT (No such file or directory)
11847 openat(AT_FDCWD, "/home/runner/workspace/node_modules/.pnpm/@google-cloud+storage@8.0.1/node_modules/@google-cloud/storage/build/esm/src/package.json", O_RDONLY|O_CLOEXEC) = -1 ENOENT (No such file or directory)
11847 openat(AT_FDCWD, "/home/runner/workspace/node_modules/.pnpm/@google-cloud+storage@8.0.1/node_modules/@google-cloud/storage/build/esm/package.json", O_RDONLY|O_CLOEXEC) = -1 ENOENT (No such file or directory)
11847 openat(AT_FDCWD, "/home/runner/workspace/node_modules/.pnpm/@google-cloud+storage@8.0.1/node_modules/@google-cloud/storage/build/package.json", O_RDONLY|O_CLOEXEC) = -1 ENOENT (No such file or directory)
11847 openat(AT_FDCWD, "/home/runner/workspace/node_modules/.pnpm/@google-cloud+storage@8.0.1/node_modules/@google-cloud/storage/build/esm/src/nodejs-common/index.js", O_RDONLY|O_CLOEXEC) = 17
11847 openat(AT_FDCWD, "/home/runner/workspace/node_modules/.pnpm/@google-cloud+storage@8.0.1/node_modules/@google-cloud/storage/build/esm/src/nodejs-common/package.json", O_RDONLY|O_CLOEXEC) = -1 ENOENT (No such file or directory)
11847 openat(AT_FDCWD, "/home/runner/workspace/node_modules/.pnpm/@google-cloud+storage@8.0.1/node_modules/@google-cloud/storage/build/esm/src/package.json", O_RDONLY|O_CLOEXEC) = -1 ENOENT (No such file or directory)
11847 openat(AT_FDCWD, "/home/runner/workspace/node_modules/.pnpm/@google-cloud+storage@8.0.1/node_modules/@google-cloud/storage/build/esm/package.json", O_RDONLY|O_CLOEXEC) = -1 ENOENT (No such file or directory)
11847 openat(AT_FDCWD, "/home/runner/workspace/node_modules/.pnpm/@google-cloud+storage@8.0.1/node_modules/@google-cloud/storage/build/package.json", O_RDONLY|O_CLOEXEC) = -1 ENOENT (No such file or directory)
11847 openat(AT_FDCWD, "/home/runner/workspace/node_modules/.pnpm/@google-cloud+storage@8.0.1/node_modules/@google-cloud/storage/build/esm/src/nodejs-common/service.js", O_RDONLY|O_CLOEXEC) = 17
11847 openat(AT_FDCWD, "/home/runner/workspace/node_modules/.pnpm/@google-cloud+storage@8.0.1/node_modules/@google-cloud/storage/build/esm/src/nodejs-common/package.json", O_RDONLY|O_CLOEXEC) = -1 ENOENT (No such file or directory)
11847 openat(AT_FDCWD, "/home/runner/workspace/node_modules/.pnpm/@google-cloud+storage@8.0.1/node_modules/@google-cloud/storage/build/esm/src/package.json", O_RDONLY|O_CLOEXEC) = -1 ENOENT (No such file or directory)
11847 openat(AT_FDCWD, "/home/runner/workspace/node_modules/.pnpm/@google-cloud+storage@8.0.1/node_modules/@google-cloud/storage/build/esm/package.json", O_RDONLY|O_CLOEXEC) = -1 ENOENT (No such file or directory)
11847 openat(AT_FDCWD, "/home/runner/workspace/node_modules/.pnpm/@google-cloud+storage@8.0.1/node_modules/@google-cloud/storage/build/package.json", O_RDONLY|O_CLOEXEC) = -1 ENOENT (No such file or directory)
11847 openat(AT_FDCWD, "/home/runner/workspace/node_modules/.pnpm/@google-cloud+storage@8.0.1/node_modules/google-auth-library/package.json", O_RDONLY|O_CLOEXEC) = 17
11847 openat(AT_FDCWD, "/home/runner/workspace/node_modules/.pnpm/@google-cloud+storage@8.0.1/node_modules/google-auth-library/build/src/package.json", O_RDONLY|O_CLOEXEC) = -1 ENOENT (No such file or directory)
11847 openat(AT_FDCWD, "/home/runner/workspace/node_modules/.pnpm/@google-cloud+storage@8.0.1/node_modules/google-auth-library/build/package.json", O_RDONLY|O_CLOEXEC) = -1 ENOENT (No such file or directory)
11847 openat(AT_FDCWD, "/home/runner/workspace/node_modules/.pnpm/google-auth-library@9.15.1/node_modules/google-auth-library/build/src/package.json", O_RDONLY|O_CLOEXEC) = -1 ENOENT (No such file or directory)
11847 openat(AT_FDCWD, "/home/runner/workspace/node_modules/.pnpm/google-auth-library@9.15.1/node_modules/google-auth-library/build/package.json", O_RDONLY|O_CLOEXEC) = -1 ENOENT (No such file or directory)
11847 openat(AT_FDCWD, "/home/runner/workspace/node_modules/.pnpm/google-auth-library@9.15.1/node_modules/google-auth-library/package.json", O_RDONLY|O_CLOEXEC) = 17
11847 openat(AT_FDCWD, "/home/runner/workspace/node_modules/.pnpm/google-auth-library@9.15.1/node_modules/google-auth-library/build/src/index.js", O_RDONLY|O_CLOEXEC) = 17
11847 openat(AT_FDCWD, "/home/runner/workspace/node_modules/.pnpm/google-auth-library@9.15.1/node_modules/google-auth-library/build/src/package.json", O_RDONLY|O_CLOEXEC) = -1 ENOENT (No such file or directory)
11847 openat(AT_FDCWD, "/home/runner/workspace/node_modules/.pnpm/google-auth-library@9.15.1/node_modules/google-auth-library/build/package.json", O_RDONLY|O_CLOEXEC) = -1 ENOENT (No such file or directory)
11847 openat(AT_FDCWD, "/home/runner/workspace/node_modules/.pnpm/@google-cloud+storage@8.0.1/node_modules/@google-cloud/storage/build/esm/src/nodejs-common/package.json", O_RDONLY|O_CLOEXEC) = -1 ENOENT (No such file or directory)
11847 openat(AT_FDCWD, "/home/runner/workspace/node_modules/.pnpm/@google-cloud+storage@8.0.1/node_modules/@google-cloud/storage/build/esm/src/package.json", O_RDONLY|O_CLOEXEC) = -1 ENOENT (No such file or directory)
11847 openat(AT_FDCWD, "/home/runner/workspace/node_modules/.pnpm/@google-cloud+storage@8.0.1/node_modules/@google-cloud/storage/build/esm/package.json", O_RDONLY|O_CLOEXEC) = -1 ENOENT (No such file or directory)
11847 openat(AT_FDCWD, "/home/runner/workspace/node_modules/.pnpm/@google-cloud+storage@8.0.1/node_modules/@google-cloud/storage/build/package.json", O_RDONLY|O_CLOEXEC) = -1 ENOENT (No such file or directory)
11847 openat(AT_FDCWD, "/home/runner/workspace/node_modules/.pnpm/@google-cloud+storage@8.0.1/node_modules/@google-cloud/storage/build/esm/src/nodejs-common/util.js", O_RDONLY|O_CLOEXEC) = 17
11847 openat(AT_FDCWD, "/home/runner/workspace/node_modules/.pnpm/@google-cloud+storage@8.0.1/node_modules/@google-cloud/storage/build/esm/src/nodejs-common/package.json", O_RDONLY|O_CLOEXEC) = -1 ENOENT (No such file or directory)
11847 openat(AT_FDCWD, "/home/runner/workspace/node_modules/.pnpm/@google-cloud+storage@8.0.1/node_modules/@google-cloud/storage/build/esm/src/package.json", O_RDONLY|O_CLOEXEC) = -1 ENOENT (No such file or directory)
11847 openat(AT_FDCWD, "/home/runner/workspace/node_modules/.pnpm/@google-cloud+storage@8.0.1/node_modules/@google-cloud/storage/build/esm/package.json", O_RDONLY|O_CLOEXEC) = -1 ENOENT (No such file or directory)
11847 openat(AT_FDCWD, "/home/runner/workspace/node_modules/.pnpm/@google-cloud+storage@8.0.1/node_modules/@google-cloud/storage/build/package.json", O_RDONLY|O_CLOEXEC) = -1 ENOENT (No such file or directory)
11847 openat(AT_FDCWD, "/home/runner/workspace/node_modules/.pnpm/@google-cloud+storage@8.0.1/node_modules/@google-cloud/projectify/package.json", O_RDONLY|O_CLOEXEC) = 17
11847 openat(AT_FDCWD, "/home/runner/workspace/node_modules/.pnpm/@google-cloud+storage@8.0.1/node_modules/@google-cloud/projectify/build/src/package.json", O_RDONLY|O_CLOEXEC) = -1 ENOENT (No such file or directory)
11847 openat(AT_FDCWD, "/home/runner/workspace/node_modules/.pnpm/@google-cloud+storage@8.0.1/node_modules/@google-cloud/projectify/build/package.json", O_RDONLY|O_CLOEXEC) = -1 ENOENT (No such file or directory)
11847 openat(AT_FDCWD, "/home/runner/workspace/node_modules/.pnpm/@google-cloud+projectify@6.0.1/node_modules/@google-cloud/projectify/build/src/package.json", O_RDONLY|O_CLOEXEC) = -1 ENOENT (No such file or directory)
11847 openat(AT_FDCWD, "/home/runner/workspace/node_modules/.pnpm/@google-cloud+projectify@6.0.1/node_modules/@google-cloud/projectify/build/package.json", O_RDONLY|O_CLOEXEC) = -1 ENOENT (No such file or directory)
11847 openat(AT_FDCWD, "/home/runner/workspace/node_modules/.pnpm/@google-cloud+projectify@6.0.1/node_modules/@google-cloud/projectify/package.json", O_RDONLY|O_CLOEXEC) = 17
11847 openat(AT_FDCWD, "/home/runner/workspace/node_modules/.pnpm/@google-cloud+projectify@6.0.1/node_modules/@google-cloud/projectify/build/src/index.js", O_RDONLY|O_CLOEXEC) = 17
11847 openat(AT_FDCWD, "/home/runner/workspace/node_modules/.pnpm/@google-cloud+projectify@6.0.1/node_modules/@google-cloud/projectify/build/src/package.json", O_RDONLY|O_CLOEXEC) = -1 ENOENT (No such file or directory)
11847 openat(AT_FDCWD, "/home/runner/workspace/node_modules/.pnpm/@google-cloud+projectify@6.0.1/node_modules/@google-cloud/projectify/build/package.json", O_RDONLY|O_CLOEXEC) = -1 ENOENT (No such file or directory)
11847 openat(AT_FDCWD, "/home/runner/workspace/node_modules/.pnpm/@google-cloud+storage@8.0.1/node_modules/@google-cloud/storage/build/esm/src/nodejs-common/package.json", O_RDONLY|O_CLOEXEC) = -1 ENOENT (No such file or directory)
11847 openat(AT_FDCWD, "/home/runner/workspace/node_modules/.pnpm/@google-cloud+storage@8.0.1/node_modules/@google-cloud/storage/build/esm/src/package.json", O_RDONLY|O_CLOEXEC) = -1 ENOENT (No such file or directory)
11847 openat(AT_FDCWD, "/home/runner/workspace/node_modules/.pnpm/@google-cloud+storage@8.0.1/node_modules/@google-cloud/storage/build/esm/package.json", O_RDONLY|O_CLOEXEC) = -1 ENOENT (No such file or directory)
11847 openat(AT_FDCWD, "/home/runner/workspace/node_modules/.pnpm/@google-cloud+storage@8.0.1/node_modules/@google-cloud/storage/build/package.json", O_RDONLY|O_CLOEXEC) = -1 ENOENT (No such file or directory)
11847 openat(AT_FDCWD, "/home/runner/workspace/node_modules/.pnpm/@google-cloud+storage@8.0.1/node_modules/html-entities/package.json", O_RDONLY|O_CLOEXEC) = 17
11847 openat(AT_FDCWD, "/home/runner/workspace/node_modules/.pnpm/html-entities@2.6.0/node_modules/html-entities/dist/esm/package.json", O_RDONLY|O_CLOEXEC) = 17
11847 openat(AT_FDCWD, "/home/runner/workspace/node_modules/.pnpm/html-entities@2.6.0/node_modules/html-entities/dist/esm/index.js", O_RDONLY|O_CLOEXEC) = 17
11847 openat(AT_FDCWD, "/home/runner/workspace/node_modules/.pnpm/html-entities@2.6.0/node_modules/html-entities/dist/esm/index.js.map", O_RDONLY|O_CLOEXEC) = 17
11847 openat(AT_FDCWD, "/home/runner/workspace/node_modules/.pnpm/html-entities@2.6.0/node_modules/html-entities/dist/esm/named-references.js", O_RDONLY|O_CLOEXEC) = 17
11847 openat(AT_FDCWD, "/home/runner/workspace/node_modules/.pnpm/html-entities@2.6.0/node_modules/html-entities/dist/esm/named-references.js.map", O_RDONLY|O_CLOEXEC) = 17
11847 openat(AT_FDCWD, "/home/runner/workspace/node_modules/.pnpm/html-entities@2.6.0/node_modules/html-entities/dist/esm/numeric-unicode-map.js", O_RDONLY|O_CLOEXEC) = 17
11847 openat(AT_FDCWD, "/home/runner/workspace/node_modules/.pnpm/html-entities@2.6.0/node_modules/html-entities/dist/esm/numeric-unicode-map.js.map", O_RDONLY|O_CLOEXEC) = 17
11847 openat(AT_FDCWD, "/home/runner/workspace/node_modules/.pnpm/html-entities@2.6.0/node_modules/html-entities/dist/esm/surrogate-pairs.js", O_RDONLY|O_CLOEXEC) = 17
11847 openat(AT_FDCWD, "/home/runner/workspace/node_modules/.pnpm/html-entities@2.6.0/node_modules/html-entities/dist/esm/surrogate-pairs.js.map", O_RDONLY|O_CLOEXEC) = 17
11847 openat(AT_FDCWD, "/home/runner/workspace/node_modules/.pnpm/@google-cloud+storage@8.0.1/node_modules/@google-cloud/storage/build/esm/src/nodejs-common/package.json", O_RDONLY|O_CLOEXEC) = -1 ENOENT (No such file or directory)
11847 openat(AT_FDCWD, "/home/runner/workspace/node_modules/.pnpm/@google-cloud+storage@8.0.1/node_modules/@google-cloud/storage/build/esm/src/package.json", O_RDONLY|O_CLOEXEC) = -1 ENOENT (No such file or directory)
11847 openat(AT_FDCWD, "/home/runner/workspace/node_modules/.pnpm/@google-cloud+storage@8.0.1/node_modules/@google-cloud/storage/build/esm/package.json", O_RDONLY|O_CLOEXEC) = -1 ENOENT (No such file or directory)
11847 openat(AT_FDCWD, "/home/runner/workspace/node_modules/.pnpm/@google-cloud+storage@8.0.1/node_modules/@google-cloud/storage/build/package.json", O_RDONLY|O_CLOEXEC) = -1 ENOENT (No such file or directory)
11847 openat(AT_FDCWD, "/home/runner/workspace/node_modules/.pnpm/@google-cloud+storage@8.0.1/node_modules/google-auth-library/build/src/package.json", O_RDONLY|O_CLOEXEC) = -1 ENOENT (No such file or directory)
11847 openat(AT_FDCWD, "/home/runner/workspace/node_modules/.pnpm/@google-cloud+storage@8.0.1/node_modules/google-auth-library/build/package.json", O_RDONLY|O_CLOEXEC) = -1 ENOENT (No such file or directory)
11847 openat(AT_FDCWD, "/home/runner/workspace/node_modules/.pnpm/google-auth-library@9.15.1/node_modules/google-auth-library/build/src/package.json", O_RDONLY|O_CLOEXEC) = -1 ENOENT (No such file or directory)
11847 openat(AT_FDCWD, "/home/runner/workspace/node_modules/.pnpm/google-auth-library@9.15.1/node_modules/google-auth-library/build/package.json", O_RDONLY|O_CLOEXEC) = -1 ENOENT (No such file or directory)
11847 openat(AT_FDCWD, "/home/runner/workspace/node_modules/.pnpm/@google-cloud+storage@8.0.1/node_modules/@google-cloud/storage/build/esm/src/nodejs-common/package.json", O_RDONLY|O_CLOEXEC) = -1 ENOENT (No such file or directory)
11847 openat(AT_FDCWD, "/home/runner/workspace/node_modules/.pnpm/@google-cloud+storage@8.0.1/node_modules/@google-cloud/storage/build/esm/src/package.json", O_RDONLY|O_CLOEXEC) = -1 ENOENT (No such file or directory)
11847 openat(AT_FDCWD, "/home/runner/workspace/node_modules/.pnpm/@google-cloud+storage@8.0.1/node_modules/@google-cloud/storage/build/esm/package.json", O_RDONLY|O_CLOEXEC) = -1 ENOENT (No such file or directory)
11847 openat(AT_FDCWD, "/home/runner/workspace/node_modules/.pnpm/@google-cloud+storage@8.0.1/node_modules/@google-cloud/storage/build/package.json", O_RDONLY|O_CLOEXEC) = -1 ENOENT (No such file or directory)
11847 openat(AT_FDCWD, "/home/runner/workspace/node_modules/.pnpm/@google-cloud+storage@8.0.1/node_modules/retry-request/package.json", O_RDONLY|O_CLOEXEC) = 17
11847 openat(AT_FDCWD, "/home/runner/workspace/node_modules/.pnpm/retry-request@9.0.1/node_modules/retry-request/package.json", O_RDONLY|O_CLOEXEC) = 17
11847 openat(AT_FDCWD, "/home/runner/workspace/node_modules/.pnpm/retry-request@9.0.1/node_modules/retry-request/index.js", O_RDONLY|O_CLOEXEC) = 17
11847 openat(AT_FDCWD, "/home/runner/workspace/node_modules/.pnpm/@google-cloud+storage@8.0.1/node_modules/@google-cloud/storage/build/esm/src/nodejs-common/package.json", O_RDONLY|O_CLOEXEC) = -1 ENOENT (No such file or directory)
11847 openat(AT_FDCWD, "/home/runner/workspace/node_modules/.pnpm/@google-cloud+storage@8.0.1/node_modules/@google-cloud/storage/build/esm/src/package.json", O_RDONLY|O_CLOEXEC) = -1 ENOENT (No such file or directory)
11847 openat(AT_FDCWD, "/home/runner/workspace/node_modules/.pnpm/@google-cloud+storage@8.0.1/node_modules/@google-cloud/storage/build/esm/package.json", O_RDONLY|O_CLOEXEC) = -1 ENOENT (No such file or directory)
11847 openat(AT_FDCWD, "/home/runner/workspace/node_modules/.pnpm/@google-cloud+storage@8.0.1/node_modules/@google-cloud/storage/build/package.json", O_RDONLY|O_CLOEXEC) = -1 ENOENT (No such file or directory)
11847 openat(AT_FDCWD, "/home/runner/workspace/node_modules/.pnpm/@google-cloud+storage@8.0.1/node_modules/teeny-request/package.json", O_RDONLY|O_CLOEXEC) = 17
11847 openat(AT_FDCWD, "/home/runner/workspace/node_modules/.pnpm/@google-cloud+storage@8.0.1/node_modules/teeny-request/build/src/package.json", O_RDONLY|O_CLOEXEC) = -1 ENOENT (No such file or directory)
11847 openat(AT_FDCWD, "/home/runner/workspace/node_modules/.pnpm/@google-cloud+storage@8.0.1/node_modules/teeny-request/build/package.json", O_RDONLY|O_CLOEXEC) = -1 ENOENT (No such file or directory)
11847 openat(AT_FDCWD, "/home/runner/workspace/node_modules/.pnpm/teeny-request@11.0.1/node_modules/teeny-request/build/src/package.json", O_RDONLY|O_CLOEXEC) = -1 ENOENT (No such file or directory)
11847 openat(AT_FDCWD, "/home/runner/workspace/node_modules/.pnpm/teeny-request@11.0.1/node_modules/teeny-request/build/package.json", O_RDONLY|O_CLOEXEC) = -1 ENOENT (No such file or directory)
11847 openat(AT_FDCWD, "/home/runner/workspace/node_modules/.pnpm/teeny-request@11.0.1/node_modules/teeny-request/package.json", O_RDONLY|O_CLOEXEC) = 17
11847 openat(AT_FDCWD, "/home/runner/workspace/node_modules/.pnpm/teeny-request@11.0.1/node_modules/teeny-request/build/src/index.js", O_RDONLY|O_CLOEXEC) = 17
11847 openat(AT_FDCWD, "/home/runner/workspace/node_modules/.pnpm/teeny-request@11.0.1/node_modules/teeny-request/build/src/package.json", O_RDONLY|O_CLOEXEC) = -1 ENOENT (No such file or directory)
11847 openat(AT_FDCWD, "/home/runner/workspace/node_modules/.pnpm/teeny-request@11.0.1/node_modules/teeny-request/build/package.json", O_RDONLY|O_CLOEXEC) = -1 ENOENT (No such file or directory)
11847 openat(AT_FDCWD, "/home/runner/workspace/node_modules/.pnpm/@google-cloud+storage@8.0.1/node_modules/@google-cloud/storage/build/esm/src/nodejs-common/package.json", O_RDONLY|O_CLOEXEC) = -1 ENOENT (No such file or directory)
11847 openat(AT_FDCWD, "/home/runner/workspace/node_modules/.pnpm/@google-cloud+storage@8.0.1/node_modules/@google-cloud/storage/build/esm/src/package.json", O_RDONLY|O_CLOEXEC) = -1 ENOENT (No such file or directory)
11847 openat(AT_FDCWD, "/home/runner/workspace/node_modules/.pnpm/@google-cloud+storage@8.0.1/node_modules/@google-cloud/storage/build/esm/package.json", O_RDONLY|O_CLOEXEC) = -1 ENOENT (No such file or directory)
11847 openat(AT_FDCWD, "/home/runner/workspace/node_modules/.pnpm/@google-cloud+storage@8.0.1/node_modules/@google-cloud/storage/build/package.json", O_RDONLY|O_CLOEXEC) = -1 ENOENT (No such file or directory)
11847 openat(AT_FDCWD, "/home/runner/workspace/node_modules/.pnpm/@google-cloud+storage@8.0.1/node_modules/@google-cloud/storage/build/esm/src/package.json", O_RDONLY|O_CLOEXEC) = -1 ENOENT (No such file or directory)
11847 openat(AT_FDCWD, "/home/runner/workspace/node_modules/.pnpm/@google-cloud+storage@8.0.1/node_modules/@google-cloud/storage/build/esm/package.json", O_RDONLY|O_CLOEXEC) = -1 ENOENT (No such file or directory)
11847 openat(AT_FDCWD, "/home/runner/workspace/node_modules/.pnpm/@google-cloud+storage@8.0.1/node_modules/@google-cloud/storage/build/package.json", O_RDONLY|O_CLOEXEC) = -1 ENOENT (No such file or directory)
11847 openat(AT_FDCWD, "/home/runner/workspace/node_modules/.pnpm/@google-cloud+storage@8.0.1/node_modules/@google-cloud/storage/build/esm/src/util.js", O_RDONLY|O_CLOEXEC) = 17
11847 openat(AT_FDCWD, "/home/runner/workspace/node_modules/.pnpm/@google-cloud+storage@8.0.1/node_modules/@google-cloud/storage/build/esm/src/package-json-helper.cjs", O_RDONLY|O_CLOEXEC) = 17
11847 openat(AT_FDCWD, "/home/runner/workspace/node_modules/.pnpm/@google-cloud+storage@8.0.1/node_modules/@google-cloud/storage/build/esm/src/nodejs-common/package.json", O_RDONLY|O_CLOEXEC) = -1 ENOENT (No such file or directory)
11847 openat(AT_FDCWD, "/home/runner/workspace/node_modules/.pnpm/@google-cloud+storage@8.0.1/node_modules/@google-cloud/storage/build/esm/src/package.json", O_RDONLY|O_CLOEXEC) = -1 ENOENT (No such file or directory)
11847 openat(AT_FDCWD, "/home/runner/workspace/node_modules/.pnpm/@google-cloud+storage@8.0.1/node_modules/@google-cloud/storage/build/esm/package.json", O_RDONLY|O_CLOEXEC) = -1 ENOENT (No such file or directory)
11847 openat(AT_FDCWD, "/home/runner/workspace/node_modules/.pnpm/@google-cloud+storage@8.0.1/node_modules/@google-cloud/storage/build/package.json", O_RDONLY|O_CLOEXEC) = -1 ENOENT (No such file or directory)
11847 openat(AT_FDCWD, "/home/runner/workspace/node_modules/.pnpm/@google-cloud+storage@8.0.1/node_modules/duplexify/package.json", O_RDONLY|O_CLOEXEC) = 17
11847 openat(AT_FDCWD, "/home/runner/workspace/node_modules/.pnpm/duplexify@4.1.3/node_modules/duplexify/package.json", O_RDONLY|O_CLOEXEC) = 17
11847 openat(AT_FDCWD, "/home/runner/workspace/node_modules/.pnpm/duplexify@4.1.3/node_modules/duplexify/index.js", O_RDONLY|O_CLOEXEC) = 17
11847 openat(AT_FDCWD, "/home/runner/workspace/node_modules/.pnpm/@google-cloud+storage@8.0.1/node_modules/@google-cloud/storage/build/esm/src/package.json", O_RDONLY|O_CLOEXEC) = -1 ENOENT (No such file or directory)
11847 openat(AT_FDCWD, "/home/runner/workspace/node_modules/.pnpm/@google-cloud+storage@8.0.1/node_modules/@google-cloud/storage/build/esm/package.json", O_RDONLY|O_CLOEXEC) = -1 ENOENT (No such file or directory)
11847 openat(AT_FDCWD, "/home/runner/workspace/node_modules/.pnpm/@google-cloud+storage@8.0.1/node_modules/@google-cloud/storage/build/package.json", O_RDONLY|O_CLOEXEC) = -1 ENOENT (No such file or directory)
11847 openat(AT_FDCWD, "/home/runner/workspace/node_modules/.pnpm/@google-cloud+storage@8.0.1/node_modules/@google-cloud/storage/build/esm/src/nodejs-common/package.json", O_RDONLY|O_CLOEXEC) = -1 ENOENT (No such file or directory)
11847 openat(AT_FDCWD, "/home/runner/workspace/node_modules/.pnpm/@google-cloud+storage@8.0.1/node_modules/@google-cloud/storage/build/esm/src/package.json", O_RDONLY|O_CLOEXEC) = -1 ENOENT (No such file or directory)
11847 openat(AT_FDCWD, "/home/runner/workspace/node_modules/.pnpm/@google-cloud+storage@8.0.1/node_modules/@google-cloud/storage/build/esm/package.json", O_RDONLY|O_CLOEXEC) = -1 ENOENT (No such file or directory)
11847 openat(AT_FDCWD, "/home/runner/workspace/node_modules/.pnpm/@google-cloud+storage@8.0.1/node_modules/@google-cloud/storage/build/package.json", O_RDONLY|O_CLOEXEC) = -1 ENOENT (No such file or directory)
11847 openat(AT_FDCWD, "/home/runner/workspace/node_modules/.pnpm/@google-cloud+storage@8.0.1/node_modules/@google-cloud/storage/build/esm/src/nodejs-common/service-object.js", O_RDONLY|O_CLOEXEC) = 17
11847 openat(AT_FDCWD, "/home/runner/workspace/node_modules/.pnpm/@google-cloud+storage@8.0.1/node_modules/@google-cloud/storage/build/esm/src/nodejs-common/package.json", O_RDONLY|O_CLOEXEC) = -1 ENOENT (No such file or directory)
11847 openat(AT_FDCWD, "/home/runner/workspace/node_modules/.pnpm/@google-cloud+storage@8.0.1/node_modules/@google-cloud/storage/build/esm/src/package.json", O_RDONLY|O_CLOEXEC) = -1 ENOENT (No such file or directory)
11847 openat(AT_FDCWD, "/home/runner/workspace/node_modules/.pnpm/@google-cloud+storage@8.0.1/node_modules/@google-cloud/storage/build/esm/package.json", O_RDONLY|O_CLOEXEC) = -1 ENOENT (No such file or directory)
11847 openat(AT_FDCWD, "/home/runner/workspace/node_modules/.pnpm/@google-cloud+storage@8.0.1/node_modules/@google-cloud/storage/build/package.json", O_RDONLY|O_CLOEXEC) = -1 ENOENT (No such file or directory)
11847 openat(AT_FDCWD, "/home/runner/workspace/node_modules/.pnpm/@google-cloud+storage@8.0.1/node_modules/@google-cloud/promisify/package.json", O_RDONLY|O_CLOEXEC) = 17
11847 openat(AT_FDCWD, "/home/runner/workspace/node_modules/.pnpm/@google-cloud+storage@8.0.1/node_modules/@google-cloud/promisify/build/src/package.json", O_RDONLY|O_CLOEXEC) = -1 ENOENT (No such file or directory)
11847 openat(AT_FDCWD, "/home/runner/workspace/node_modules/.pnpm/@google-cloud+storage@8.0.1/node_modules/@google-cloud/promisify/build/package.json", O_RDONLY|O_CLOEXEC) = -1 ENOENT (No such file or directory)
11847 openat(AT_FDCWD, "/home/runner/workspace/node_modules/.pnpm/@google-cloud+promisify@6.0.1/node_modules/@google-cloud/promisify/build/src/package.json", O_RDONLY|O_CLOEXEC) = -1 ENOENT (No such file or directory)
11847 openat(AT_FDCWD, "/home/runner/workspace/node_modules/.pnpm/@google-cloud+promisify@6.0.1/node_modules/@google-cloud/promisify/build/package.json", O_RDONLY|O_CLOEXEC) = -1 ENOENT (No such file or directory)
11847 openat(AT_FDCWD, "/home/runner/workspace/node_modules/.pnpm/@google-cloud+promisify@6.0.1/node_modules/@google-cloud/promisify/package.json", O_RDONLY|O_CLOEXEC) = 17
11847 openat(AT_FDCWD, "/home/runner/workspace/node_modules/.pnpm/@google-cloud+promisify@6.0.1/node_modules/@google-cloud/promisify/build/src/index.js", O_RDONLY|O_CLOEXEC) = 17
11847 openat(AT_FDCWD, "/home/runner/workspace/node_modules/.pnpm/@google-cloud+promisify@6.0.1/node_modules/@google-cloud/promisify/build/src/package.json", O_RDONLY|O_CLOEXEC) = -1 ENOENT (No such file or directory)
11847 openat(AT_FDCWD, "/home/runner/workspace/node_modules/.pnpm/@google-cloud+promisify@6.0.1/node_modules/@google-cloud/promisify/build/package.json", O_RDONLY|O_CLOEXEC) = -1 ENOENT (No such file or directory)
11847 openat(AT_FDCWD, "/home/runner/workspace/node_modules/.pnpm/@google-cloud+storage@8.0.1/node_modules/@google-cloud/storage/build/esm/src/nodejs-common/package.json", O_RDONLY|O_CLOEXEC) = -1 ENOENT (No such file or directory)
11847 openat(AT_FDCWD, "/home/runner/workspace/node_modules/.pnpm/@google-cloud+storage@8.0.1/node_modules/@google-cloud/storage/build/esm/src/package.json", O_RDONLY|O_CLOEXEC) = -1 ENOENT (No such file or directory)
11847 openat(AT_FDCWD, "/home/runner/workspace/node_modules/.pnpm/@google-cloud+storage@8.0.1/node_modules/@google-cloud/storage/build/esm/package.json", O_RDONLY|O_CLOEXEC) = -1 ENOENT (No such file or directory)
11847 openat(AT_FDCWD, "/home/runner/workspace/node_modules/.pnpm/@google-cloud+storage@8.0.1/node_modules/@google-cloud/storage/build/package.json", O_RDONLY|O_CLOEXEC) = -1 ENOENT (No such file or directory)
11847 openat(AT_FDCWD, "/home/runner/workspace/node_modules/.pnpm/@google-cloud+storage@8.0.1/node_modules/@google-cloud/storage/build/esm/src/nodejs-common/package.json", O_RDONLY|O_CLOEXEC) = -1 ENOENT (No such file or directory)
11847 openat(AT_FDCWD, "/home/runner/workspace/node_modules/.pnpm/@google-cloud+storage@8.0.1/node_modules/@google-cloud/storage/build/esm/src/package.json", O_RDONLY|O_CLOEXEC) = -1 ENOENT (No such file or directory)
11847 openat(AT_FDCWD, "/home/runner/workspace/node_modules/.pnpm/@google-cloud+storage@8.0.1/node_modules/@google-cloud/storage/build/esm/package.json", O_RDONLY|O_CLOEXEC) = -1 ENOENT (No such file or directory)
11847 openat(AT_FDCWD, "/home/runner/workspace/node_modules/.pnpm/@google-cloud+storage@8.0.1/node_modules/@google-cloud/storage/build/package.json", O_RDONLY|O_CLOEXEC) = -1 ENOENT (No such file or directory)
11847 openat(AT_FDCWD, "/home/runner/workspace/node_modules/.pnpm/@google-cloud+storage@8.0.1/node_modules/@google-cloud/storage/build/esm/src/package.json", O_RDONLY|O_CLOEXEC) = -1 ENOENT (No such file or directory)
11847 openat(AT_FDCWD, "/home/runner/workspace/node_modules/.pnpm/@google-cloud+storage@8.0.1/node_modules/@google-cloud/storage/build/esm/package.json", O_RDONLY|O_CLOEXEC) = -1 ENOENT (No such file or directory)
11847 openat(AT_FDCWD, "/home/runner/workspace/node_modules/.pnpm/@google-cloud+storage@8.0.1/node_modules/@google-cloud/storage/build/package.json", O_RDONLY|O_CLOEXEC) = -1 ENOENT (No such file or directory)
11847 openat(AT_FDCWD, "/home/runner/workspace/node_modules/.pnpm/@google-cloud+storage@8.0.1/node_modules/@google-cloud/storage/build/esm/src/storage.js", O_RDONLY|O_CLOEXEC) = 17
11847 openat(AT_FDCWD, "/home/runner/workspace/node_modules/.pnpm/@google-cloud+storage@8.0.1/node_modules/@google-cloud/storage/build/esm/src/nodejs-common/package.json", O_RDONLY|O_CLOEXEC) = -1 ENOENT (No such file or directory)
11847 openat(AT_FDCWD, "/home/runner/workspace/node_modules/.pnpm/@google-cloud+storage@8.0.1/node_modules/@google-cloud/storage/build/esm/src/package.json", O_RDONLY|O_CLOEXEC) = -1 ENOENT (No such file or directory)
11847 openat(AT_FDCWD, "/home/runner/workspace/node_modules/.pnpm/@google-cloud+storage@8.0.1/node_modules/@google-cloud/storage/build/esm/package.json", O_RDONLY|O_CLOEXEC) = -1 ENOENT (No such file or directory)
11847 openat(AT_FDCWD, "/home/runner/workspace/node_modules/.pnpm/@google-cloud+storage@8.0.1/node_modules/@google-cloud/storage/build/package.json", O_RDONLY|O_CLOEXEC) = -1 ENOENT (No such file or directory)
11847 openat(AT_FDCWD, "/home/runner/workspace/node_modules/.pnpm/@google-cloud+storage@8.0.1/node_modules/@google-cloud/storage/build/esm/src/package.json", O_RDONLY|O_CLOEXEC) = -1 ENOENT (No such file or directory)
11847 openat(AT_FDCWD, "/home/runner/workspace/node_modules/.pnpm/@google-cloud+storage@8.0.1/node_modules/@google-cloud/storage/build/esm/package.json", O_RDONLY|O_CLOEXEC) = -1 ENOENT (No such file or directory)
11847 openat(AT_FDCWD, "/home/runner/workspace/node_modules/.pnpm/@google-cloud+storage@8.0.1/node_modules/@google-cloud/storage/build/package.json", O_RDONLY|O_CLOEXEC) = -1 ENOENT (No such file or directory)
11847 openat(AT_FDCWD, "/home/runner/workspace/node_modules/.pnpm/@google-cloud+storage@8.0.1/node_modules/@google-cloud/paginator/package.json", O_RDONLY|O_CLOEXEC) = 17
11847 openat(AT_FDCWD, "/home/runner/workspace/node_modules/.pnpm/@google-cloud+storage@8.0.1/node_modules/@google-cloud/paginator/build/src/package.json", O_RDONLY|O_CLOEXEC) = -1 ENOENT (No such file or directory)
11847 openat(AT_FDCWD, "/home/runner/workspace/node_modules/.pnpm/@google-cloud+storage@8.0.1/node_modules/@google-cloud/paginator/build/package.json", O_RDONLY|O_CLOEXEC) = -1 ENOENT (No such file or directory)
11847 openat(AT_FDCWD, "/home/runner/workspace/node_modules/.pnpm/@google-cloud+paginator@7.0.1/node_modules/@google-cloud/paginator/build/src/package.json", O_RDONLY|O_CLOEXEC) = -1 ENOENT (No such file or directory)
11847 openat(AT_FDCWD, "/home/runner/workspace/node_modules/.pnpm/@google-cloud+paginator@7.0.1/node_modules/@google-cloud/paginator/build/package.json", O_RDONLY|O_CLOEXEC) = -1 ENOENT (No such file or directory)
11847 openat(AT_FDCWD, "/home/runner/workspace/node_modules/.pnpm/@google-cloud+paginator@7.0.1/node_modules/@google-cloud/paginator/package.json", O_RDONLY|O_CLOEXEC) = 17
11847 openat(AT_FDCWD, "/home/runner/workspace/node_modules/.pnpm/@google-cloud+paginator@7.0.1/node_modules/@google-cloud/paginator/build/src/index.js", O_RDONLY|O_CLOEXEC) = 17
11847 openat(AT_FDCWD, "/home/runner/workspace/node_modules/.pnpm/@google-cloud+paginator@7.0.1/node_modules/@google-cloud/paginator/build/src/package.json", O_RDONLY|O_CLOEXEC) = -1 ENOENT (No such file or directory)
11847 openat(AT_FDCWD, "/home/runner/workspace/node_modules/.pnpm/@google-cloud+paginator@7.0.1/node_modules/@google-cloud/paginator/build/package.json", O_RDONLY|O_CLOEXEC) = -1 ENOENT (No such file or directory)
11847 openat(AT_FDCWD, "/home/runner/workspace/node_modules/.pnpm/@google-cloud+storage@8.0.1/node_modules/@google-cloud/storage/build/esm/src/package.json", O_RDONLY|O_CLOEXEC) = -1 ENOENT (No such file or directory)
11847 openat(AT_FDCWD, "/home/runner/workspace/node_modules/.pnpm/@google-cloud+storage@8.0.1/node_modules/@google-cloud/storage/build/esm/package.json", O_RDONLY|O_CLOEXEC) = -1 ENOENT (No such file or directory)
11847 openat(AT_FDCWD, "/home/runner/workspace/node_modules/.pnpm/@google-cloud+storage@8.0.1/node_modules/@google-cloud/storage/build/package.json", O_RDONLY|O_CLOEXEC) = -1 ENOENT (No such file or directory)
11847 openat(AT_FDCWD, "/home/runner/workspace/node_modules/.pnpm/@google-cloud+storage@8.0.1/node_modules/@google-cloud/promisify/build/src/package.json", O_RDONLY|O_CLOEXEC) = -1 ENOENT (No such file or directory)
11847 openat(AT_FDCWD, "/home/runner/workspace/node_modules/.pnpm/@google-cloud+storage@8.0.1/node_modules/@google-cloud/promisify/build/package.json", O_RDONLY|O_CLOEXEC) = -1 ENOENT (No such file or directory)
11847 openat(AT_FDCWD, "/home/runner/workspace/node_modules/.pnpm/@google-cloud+promisify@6.0.1/node_modules/@google-cloud/promisify/build/src/package.json", O_RDONLY|O_CLOEXEC) = -1 ENOENT (No such file or directory)
11847 openat(AT_FDCWD, "/home/runner/workspace/node_modules/.pnpm/@google-cloud+promisify@6.0.1/node_modules/@google-cloud/promisify/build/package.json", O_RDONLY|O_CLOEXEC) = -1 ENOENT (No such file or directory)
11847 openat(AT_FDCWD, "/home/runner/workspace/node_modules/.pnpm/@google-cloud+storage@8.0.1/node_modules/@google-cloud/storage/build/esm/src/package.json", O_RDONLY|O_CLOEXEC) = -1 ENOENT (No such file or directory)
11847 openat(AT_FDCWD, "/home/runner/workspace/node_modules/.pnpm/@google-cloud+storage@8.0.1/node_modules/@google-cloud/storage/build/esm/package.json", O_RDONLY|O_CLOEXEC) = -1 ENOENT (No such file or directory)
11847 openat(AT_FDCWD, "/home/runner/workspace/node_modules/.pnpm/@google-cloud+storage@8.0.1/node_modules/@google-cloud/storage/build/package.json", O_RDONLY|O_CLOEXEC) = -1 ENOENT (No such file or directory)
11847 openat(AT_FDCWD, "/home/runner/workspace/node_modules/.pnpm/@google-cloud+storage@8.0.1/node_modules/@google-cloud/storage/build/esm/src/bucket.js", O_RDONLY|O_CLOEXEC) = 17
11847 openat(AT_FDCWD, "/home/runner/workspace/node_modules/.pnpm/@google-cloud+storage@8.0.1/node_modules/@google-cloud/storage/build/esm/src/nodejs-common/package.json", O_RDONLY|O_CLOEXEC) = -1 ENOENT (No such file or directory)
11847 openat(AT_FDCWD, "/home/runner/workspace/node_modules/.pnpm/@google-cloud+storage@8.0.1/node_modules/@google-cloud/storage/build/esm/src/package.json", O_RDONLY|O_CLOEXEC) = -1 ENOENT (No such file or directory)
11847 openat(AT_FDCWD, "/home/runner/workspace/node_modules/.pnpm/@google-cloud+storage@8.0.1/node_modules/@google-cloud/storage/build/esm/package.json", O_RDONLY|O_CLOEXEC) = -1 ENOENT (No such file or directory)
11847 openat(AT_FDCWD, "/home/runner/workspace/node_modules/.pnpm/@google-cloud+storage@8.0.1/node_modules/@google-cloud/storage/build/package.json", O_RDONLY|O_CLOEXEC) = -1 ENOENT (No such file or directory)
11847 openat(AT_FDCWD, "/home/runner/workspace/node_modules/.pnpm/@google-cloud+storage@8.0.1/node_modules/@google-cloud/storage/build/esm/src/package.json", O_RDONLY|O_CLOEXEC) = -1 ENOENT (No such file or directory)
11847 openat(AT_FDCWD, "/home/runner/workspace/node_modules/.pnpm/@google-cloud+storage@8.0.1/node_modules/@google-cloud/storage/build/esm/package.json", O_RDONLY|O_CLOEXEC) = -1 ENOENT (No such file or directory)
11847 openat(AT_FDCWD, "/home/runner/workspace/node_modules/.pnpm/@google-cloud+storage@8.0.1/node_modules/@google-cloud/storage/build/package.json", O_RDONLY|O_CLOEXEC) = -1 ENOENT (No such file or directory)
11847 openat(AT_FDCWD, "/home/runner/workspace/node_modules/.pnpm/@google-cloud+storage@8.0.1/node_modules/@google-cloud/paginator/build/src/package.json", O_RDONLY|O_CLOEXEC) = -1 ENOENT (No such file or directory)
11847 openat(AT_FDCWD, "/home/runner/workspace/node_modules/.pnpm/@google-cloud+storage@8.0.1/node_modules/@google-cloud/paginator/build/package.json", O_RDONLY|O_CLOEXEC) = -1 ENOENT (No such file or directory)
11847 openat(AT_FDCWD, "/home/runner/workspace/node_modules/.pnpm/@google-cloud+paginator@7.0.1/node_modules/@google-cloud/paginator/build/src/package.json", O_RDONLY|O_CLOEXEC) = -1 ENOENT (No such file or directory)
11847 openat(AT_FDCWD, "/home/runner/workspace/node_modules/.pnpm/@google-cloud+paginator@7.0.1/node_modules/@google-cloud/paginator/build/package.json", O_RDONLY|O_CLOEXEC) = -1 ENOENT (No such file or directory)
11847 openat(AT_FDCWD, "/home/runner/workspace/node_modules/.pnpm/@google-cloud+storage@8.0.1/node_modules/@google-cloud/storage/build/esm/src/package.json", O_RDONLY|O_CLOEXEC) = -1 ENOENT (No such file or directory)
11847 openat(AT_FDCWD, "/home/runner/workspace/node_modules/.pnpm/@google-cloud+storage@8.0.1/node_modules/@google-cloud/storage/build/esm/package.json", O_RDONLY|O_CLOEXEC) = -1 ENOENT (No such file or directory)
11847 openat(AT_FDCWD, "/home/runner/workspace/node_modules/.pnpm/@google-cloud+storage@8.0.1/node_modules/@google-cloud/storage/build/package.json", O_RDONLY|O_CLOEXEC) = -1 ENOENT (No such file or directory)
11847 openat(AT_FDCWD, "/home/runner/workspace/node_modules/.pnpm/@google-cloud+storage@8.0.1/node_modules/@google-cloud/promisify/build/src/package.json", O_RDONLY|O_CLOEXEC) = -1 ENOENT (No such file or directory)
11847 openat(AT_FDCWD, "/home/runner/workspace/node_modules/.pnpm/@google-cloud+storage@8.0.1/node_modules/@google-cloud/promisify/build/package.json", O_RDONLY|O_CLOEXEC) = -1 ENOENT (No such file or directory)
11847 openat(AT_FDCWD, "/home/runner/workspace/node_modules/.pnpm/@google-cloud+promisify@6.0.1/node_modules/@google-cloud/promisify/build/src/package.json", O_RDONLY|O_CLOEXEC) = -1 ENOENT (No such file or directory)
11847 openat(AT_FDCWD, "/home/runner/workspace/node_modules/.pnpm/@google-cloud+promisify@6.0.1/node_modules/@google-cloud/promisify/build/package.json", O_RDONLY|O_CLOEXEC) = -1 ENOENT (No such file or directory)
11847 openat(AT_FDCWD, "/home/runner/workspace/node_modules/.pnpm/@google-cloud+storage@8.0.1/node_modules/@google-cloud/storage/build/esm/src/package.json", O_RDONLY|O_CLOEXEC) = -1 ENOENT (No such file or directory)
11847 openat(AT_FDCWD, "/home/runner/workspace/node_modules/.pnpm/@google-cloud+storage@8.0.1/node_modules/@google-cloud/storage/build/esm/package.json", O_RDONLY|O_CLOEXEC) = -1 ENOENT (No such file or directory)
11847 openat(AT_FDCWD, "/home/runner/workspace/node_modules/.pnpm/@google-cloud+storage@8.0.1/node_modules/@google-cloud/storage/build/package.json", O_RDONLY|O_CLOEXEC) = -1 ENOENT (No such file or directory)
11847 openat(AT_FDCWD, "/home/runner/workspace/node_modules/.pnpm/@google-cloud+storage@8.0.1/node_modules/mime/package.json", O_RDONLY|O_CLOEXEC) = 17
11847 openat(AT_FDCWD, "/home/runner/workspace/node_modules/.pnpm/mime@3.0.0/node_modules/mime/package.json", O_RDONLY|O_CLOEXEC) = 17
11847 openat(AT_FDCWD, "/home/runner/workspace/node_modules/.pnpm/mime@3.0.0/node_modules/mime/index.js", O_RDONLY|O_CLOEXEC) = 17
11847 openat(AT_FDCWD, "/home/runner/workspace/node_modules/.pnpm/@google-cloud+storage@8.0.1/node_modules/@google-cloud/storage/build/esm/src/package.json", O_RDONLY|O_CLOEXEC) = -1 ENOENT (No such file or directory)
11847 openat(AT_FDCWD, "/home/runner/workspace/node_modules/.pnpm/@google-cloud+storage@8.0.1/node_modules/@google-cloud/storage/build/esm/package.json", O_RDONLY|O_CLOEXEC) = -1 ENOENT (No such file or directory)
11847 openat(AT_FDCWD, "/home/runner/workspace/node_modules/.pnpm/@google-cloud+storage@8.0.1/node_modules/@google-cloud/storage/build/package.json", O_RDONLY|O_CLOEXEC) = -1 ENOENT (No such file or directory)
11847 openat(AT_FDCWD, "/home/runner/workspace/node_modules/.pnpm/@google-cloud+storage@8.0.1/node_modules/p-limit/package.json", O_RDONLY|O_CLOEXEC) = 17
11847 openat(AT_FDCWD, "/home/runner/workspace/node_modules/.pnpm/p-limit@3.1.0/node_modules/p-limit/package.json", O_RDONLY|O_CLOEXEC) = 17
11847 openat(AT_FDCWD, "/home/runner/workspace/node_modules/.pnpm/p-limit@3.1.0/node_modules/p-limit/index.js", O_RDONLY|O_CLOEXEC) = 17
11847 openat(AT_FDCWD, "/home/runner/workspace/node_modules/.pnpm/@google-cloud+storage@8.0.1/node_modules/@google-cloud/storage/build/esm/src/package.json", O_RDONLY|O_CLOEXEC) = -1 ENOENT (No such file or directory)
11847 openat(AT_FDCWD, "/home/runner/workspace/node_modules/.pnpm/@google-cloud+storage@8.0.1/node_modules/@google-cloud/storage/build/esm/package.json", O_RDONLY|O_CLOEXEC) = -1 ENOENT (No such file or directory)
11847 openat(AT_FDCWD, "/home/runner/workspace/node_modules/.pnpm/@google-cloud+storage@8.0.1/node_modules/@google-cloud/storage/build/package.json", O_RDONLY|O_CLOEXEC) = -1 ENOENT (No such file or directory)
11847 openat(AT_FDCWD, "/home/runner/workspace/node_modules/.pnpm/@google-cloud+storage@8.0.1/node_modules/async-retry/package.json", O_RDONLY|O_CLOEXEC) = 17
11847 openat(AT_FDCWD, "/home/runner/workspace/node_modules/.pnpm/@google-cloud+storage@8.0.1/node_modules/async-retry/lib/package.json", O_RDONLY|O_CLOEXEC) = -1 ENOENT (No such file or directory)
11847 openat(AT_FDCWD, "/home/runner/workspace/node_modules/.pnpm/async-retry@1.3.3/node_modules/async-retry/lib/package.json", O_RDONLY|O_CLOEXEC) = -1 ENOENT (No such file or directory)
11847 openat(AT_FDCWD, "/home/runner/workspace/node_modules/.pnpm/async-retry@1.3.3/node_modules/async-retry/package.json", O_RDONLY|O_CLOEXEC) = 17
11847 openat(AT_FDCWD, "/home/runner/workspace/node_modules/.pnpm/async-retry@1.3.3/node_modules/async-retry/lib/index.js", O_RDONLY|O_CLOEXEC) = 17
11847 openat(AT_FDCWD, "/home/runner/workspace/node_modules/.pnpm/async-retry@1.3.3/node_modules/async-retry/lib/package.json", O_RDONLY|O_CLOEXEC) = -1 ENOENT (No such file or directory)
11847 openat(AT_FDCWD, "/home/runner/workspace/node_modules/.pnpm/@google-cloud+storage@8.0.1/node_modules/@google-cloud/storage/build/esm/src/package.json", O_RDONLY|O_CLOEXEC) = -1 ENOENT (No such file or directory)
11847 openat(AT_FDCWD, "/home/runner/workspace/node_modules/.pnpm/@google-cloud+storage@8.0.1/node_modules/@google-cloud/storage/build/esm/package.json", O_RDONLY|O_CLOEXEC) = -1 ENOENT (No such file or directory)
11847 openat(AT_FDCWD, "/home/runner/workspace/node_modules/.pnpm/@google-cloud+storage@8.0.1/node_modules/@google-cloud/storage/build/package.json", O_RDONLY|O_CLOEXEC) = -1 ENOENT (No such file or directory)
11847 openat(AT_FDCWD, "/home/runner/workspace/node_modules/.pnpm/@google-cloud+storage@8.0.1/node_modules/@google-cloud/storage/build/esm/src/package.json", O_RDONLY|O_CLOEXEC) = -1 ENOENT (No such file or directory)
11847 openat(AT_FDCWD, "/home/runner/workspace/node_modules/.pnpm/@google-cloud+storage@8.0.1/node_modules/@google-cloud/storage/build/esm/package.json", O_RDONLY|O_CLOEXEC) = -1 ENOENT (No such file or directory)
11847 openat(AT_FDCWD, "/home/runner/workspace/node_modules/.pnpm/@google-cloud+storage@8.0.1/node_modules/@google-cloud/storage/build/package.json", O_RDONLY|O_CLOEXEC) = -1 ENOENT (No such file or directory)
11847 openat(AT_FDCWD, "/home/runner/workspace/node_modules/.pnpm/@google-cloud+storage@8.0.1/node_modules/@google-cloud/storage/build/esm/src/acl.js", O_RDONLY|O_CLOEXEC) = 17
11847 openat(AT_FDCWD, "/home/runner/workspace/node_modules/.pnpm/@google-cloud+storage@8.0.1/node_modules/@google-cloud/storage/build/esm/src/package.json", O_RDONLY|O_CLOEXEC) = -1 ENOENT (No such file or directory)
11847 openat(AT_FDCWD, "/home/runner/workspace/node_modules/.pnpm/@google-cloud+storage@8.0.1/node_modules/@google-cloud/storage/build/esm/package.json", O_RDONLY|O_CLOEXEC) = -1 ENOENT (No such file or directory)
11847 openat(AT_FDCWD, "/home/runner/workspace/node_modules/.pnpm/@google-cloud+storage@8.0.1/node_modules/@google-cloud/storage/build/package.json", O_RDONLY|O_CLOEXEC) = -1 ENOENT (No such file or directory)
11847 openat(AT_FDCWD, "/home/runner/workspace/node_modules/.pnpm/@google-cloud+storage@8.0.1/node_modules/@google-cloud/promisify/build/src/package.json", O_RDONLY|O_CLOEXEC) = -1 ENOENT (No such file or directory)
11847 openat(AT_FDCWD, "/home/runner/workspace/node_modules/.pnpm/@google-cloud+storage@8.0.1/node_modules/@google-cloud/promisify/build/package.json", O_RDONLY|O_CLOEXEC) = -1 ENOENT (No such file or directory)
11847 openat(AT_FDCWD, "/home/runner/workspace/node_modules/.pnpm/@google-cloud+promisify@6.0.1/node_modules/@google-cloud/promisify/build/src/package.json", O_RDONLY|O_CLOEXEC) = -1 ENOENT (No such file or directory)
11847 openat(AT_FDCWD, "/home/runner/workspace/node_modules/.pnpm/@google-cloud+promisify@6.0.1/node_modules/@google-cloud/promisify/build/package.json", O_RDONLY|O_CLOEXEC) = -1 ENOENT (No such file or directory)
11847 openat(AT_FDCWD, "/home/runner/workspace/node_modules/.pnpm/@google-cloud+storage@8.0.1/node_modules/@google-cloud/storage/build/esm/src/package.json", O_RDONLY|O_CLOEXEC) = -1 ENOENT (No such file or directory)
11847 openat(AT_FDCWD, "/home/runner/workspace/node_modules/.pnpm/@google-cloud+storage@8.0.1/node_modules/@google-cloud/storage/build/esm/package.json", O_RDONLY|O_CLOEXEC) = -1 ENOENT (No such file or directory)
11847 openat(AT_FDCWD, "/home/runner/workspace/node_modules/.pnpm/@google-cloud+storage@8.0.1/node_modules/@google-cloud/storage/build/package.json", O_RDONLY|O_CLOEXEC) = -1 ENOENT (No such file or directory)
11847 openat(AT_FDCWD, "/home/runner/workspace/node_modules/.pnpm/@google-cloud+storage@8.0.1/node_modules/@google-cloud/storage/build/esm/src/file.js", O_RDONLY|O_CLOEXEC) = 17
11847 openat(AT_FDCWD, "/home/runner/workspace/node_modules/.pnpm/@google-cloud+storage@8.0.1/node_modules/@google-cloud/storage/build/esm/src/nodejs-common/package.json", O_RDONLY|O_CLOEXEC) = -1 ENOENT (No such file or directory)
11847 openat(AT_FDCWD, "/home/runner/workspace/node_modules/.pnpm/@google-cloud+storage@8.0.1/node_modules/@google-cloud/storage/build/esm/src/package.json", O_RDONLY|O_CLOEXEC) = -1 ENOENT (No such file or directory)
11847 openat(AT_FDCWD, "/home/runner/workspace/node_modules/.pnpm/@google-cloud+storage@8.0.1/node_modules/@google-cloud/storage/build/esm/package.json", O_RDONLY|O_CLOEXEC) = -1 ENOENT (No such file or directory)
11847 openat(AT_FDCWD, "/home/runner/workspace/node_modules/.pnpm/@google-cloud+storage@8.0.1/node_modules/@google-cloud/storage/build/package.json", O_RDONLY|O_CLOEXEC) = -1 ENOENT (No such file or directory)
11847 openat(AT_FDCWD, "/home/runner/workspace/node_modules/.pnpm/@google-cloud+storage@8.0.1/node_modules/@google-cloud/storage/build/esm/src/package.json", O_RDONLY|O_CLOEXEC) = -1 ENOENT (No such file or directory)
11847 openat(AT_FDCWD, "/home/runner/workspace/node_modules/.pnpm/@google-cloud+storage@8.0.1/node_modules/@google-cloud/storage/build/esm/package.json", O_RDONLY|O_CLOEXEC) = -1 ENOENT (No such file or directory)
11847 openat(AT_FDCWD, "/home/runner/workspace/node_modules/.pnpm/@google-cloud+storage@8.0.1/node_modules/@google-cloud/storage/build/package.json", O_RDONLY|O_CLOEXEC) = -1 ENOENT (No such file or directory)
11847 openat(AT_FDCWD, "/home/runner/workspace/node_modules/.pnpm/@google-cloud+storage@8.0.1/node_modules/@google-cloud/promisify/build/src/package.json", O_RDONLY|O_CLOEXEC) = -1 ENOENT (No such file or directory)
11847 openat(AT_FDCWD, "/home/runner/workspace/node_modules/.pnpm/@google-cloud+storage@8.0.1/node_modules/@google-cloud/promisify/build/package.json", O_RDONLY|O_CLOEXEC) = -1 ENOENT (No such file or directory)
11847 openat(AT_FDCWD, "/home/runner/workspace/node_modules/.pnpm/@google-cloud+promisify@6.0.1/node_modules/@google-cloud/promisify/build/src/package.json", O_RDONLY|O_CLOEXEC) = -1 ENOENT (No such file or directory)
11847 openat(AT_FDCWD, "/home/runner/workspace/node_modules/.pnpm/@google-cloud+promisify@6.0.1/node_modules/@google-cloud/promisify/build/package.json", O_RDONLY|O_CLOEXEC) = -1 ENOENT (No such file or directory)
11847 openat(AT_FDCWD, "/home/runner/workspace/node_modules/.pnpm/@google-cloud+storage@8.0.1/node_modules/@google-cloud/storage/build/esm/src/package.json", O_RDONLY|O_CLOEXEC) = -1 ENOENT (No such file or directory)
11847 openat(AT_FDCWD, "/home/runner/workspace/node_modules/.pnpm/@google-cloud+storage@8.0.1/node_modules/@google-cloud/storage/build/esm/package.json", O_RDONLY|O_CLOEXEC) = -1 ENOENT (No such file or directory)
11847 openat(AT_FDCWD, "/home/runner/workspace/node_modules/.pnpm/@google-cloud+storage@8.0.1/node_modules/@google-cloud/storage/build/package.json", O_RDONLY|O_CLOEXEC) = -1 ENOENT (No such file or directory)
11847 openat(AT_FDCWD, "/home/runner/workspace/node_modules/.pnpm/@google-cloud+storage@8.0.1/node_modules/@google-cloud/storage/build/esm/src/package.json", O_RDONLY|O_CLOEXEC) = -1 ENOENT (No such file or directory)
11847 openat(AT_FDCWD, "/home/runner/workspace/node_modules/.pnpm/@google-cloud+storage@8.0.1/node_modules/@google-cloud/storage/build/esm/package.json", O_RDONLY|O_CLOEXEC) = -1 ENOENT (No such file or directory)
11847 openat(AT_FDCWD, "/home/runner/workspace/node_modules/.pnpm/@google-cloud+storage@8.0.1/node_modules/@google-cloud/storage/build/package.json", O_RDONLY|O_CLOEXEC) = -1 ENOENT (No such file or directory)
11847 openat(AT_FDCWD, "/home/runner/workspace/node_modules/.pnpm/@google-cloud+storage@8.0.1/node_modules/@google-cloud/storage/build/esm/src/resumable-upload.js", O_RDONLY|O_CLOEXEC) = 17
11847 openat(AT_FDCWD, "/home/runner/workspace/node_modules/.pnpm/@google-cloud+storage@8.0.1/node_modules/@google-cloud/storage/build/esm/src/package.json", O_RDONLY|O_CLOEXEC) = -1 ENOENT (No such file or directory)
11847 openat(AT_FDCWD, "/home/runner/workspace/node_modules/.pnpm/@google-cloud+storage@8.0.1/node_modules/@google-cloud/storage/build/esm/package.json", O_RDONLY|O_CLOEXEC) = -1 ENOENT (No such file or directory)
11847 openat(AT_FDCWD, "/home/runner/workspace/node_modules/.pnpm/@google-cloud+storage@8.0.1/node_modules/@google-cloud/storage/build/package.json", O_RDONLY|O_CLOEXEC) = -1 ENOENT (No such file or directory)
11847 openat(AT_FDCWD, "/home/runner/workspace/node_modules/.pnpm/@google-cloud+storage@8.0.1/node_modules/abort-controller/package.json", O_RDONLY|O_CLOEXEC) = 17
11847 openat(AT_FDCWD, "/home/runner/workspace/node_modules/.pnpm/@google-cloud+storage@8.0.1/node_modules/abort-controller/dist/package.json", O_RDONLY|O_CLOEXEC) = -1 ENOENT (No such file or directory)
11847 openat(AT_FDCWD, "/home/runner/workspace/node_modules/.pnpm/abort-controller@3.0.0/node_modules/abort-controller/dist/package.json", O_RDONLY|O_CLOEXEC) = -1 ENOENT (No such file or directory)
11847 openat(AT_FDCWD, "/home/runner/workspace/node_modules/.pnpm/abort-controller@3.0.0/node_modules/abort-controller/package.json", O_RDONLY|O_CLOEXEC) = 17
11847 openat(AT_FDCWD, "/home/runner/workspace/node_modules/.pnpm/abort-controller@3.0.0/node_modules/abort-controller/dist/abort-controller.js", O_RDONLY|O_CLOEXEC) = 17
11847 openat(AT_FDCWD, "/home/runner/workspace/node_modules/.pnpm/abort-controller@3.0.0/node_modules/abort-controller/dist/package.json", O_RDONLY|O_CLOEXEC) = -1 ENOENT (No such file or directory)
11847 openat(AT_FDCWD, "/home/runner/workspace/node_modules/.pnpm/@google-cloud+storage@8.0.1/node_modules/@google-cloud/storage/build/esm/src/package.json", O_RDONLY|O_CLOEXEC) = -1 ENOENT (No such file or directory)
11847 openat(AT_FDCWD, "/home/runner/workspace/node_modules/.pnpm/@google-cloud+storage@8.0.1/node_modules/@google-cloud/storage/build/esm/package.json", O_RDONLY|O_CLOEXEC) = -1 ENOENT (No such file or directory)
11847 openat(AT_FDCWD, "/home/runner/workspace/node_modules/.pnpm/@google-cloud+storage@8.0.1/node_modules/@google-cloud/storage/build/package.json", O_RDONLY|O_CLOEXEC) = -1 ENOENT (No such file or directory)
11847 openat(AT_FDCWD, "/home/runner/workspace/node_modules/.pnpm/@google-cloud+storage@8.0.1/node_modules/gaxios/package.json", O_RDONLY|O_CLOEXEC) = 17
11847 openat(AT_FDCWD, "/home/runner/workspace/node_modules/.pnpm/@google-cloud+storage@8.0.1/node_modules/gaxios/build/src/package.json", O_RDONLY|O_CLOEXEC) = -1 ENOENT (No such file or directory)
11847 openat(AT_FDCWD, "/home/runner/workspace/node_modules/.pnpm/@google-cloud+storage@8.0.1/node_modules/gaxios/build/package.json", O_RDONLY|O_CLOEXEC) = -1 ENOENT (No such file or directory)
11847 openat(AT_FDCWD, "/home/runner/workspace/node_modules/.pnpm/gaxios@6.7.1/node_modules/gaxios/build/src/package.json", O_RDONLY|O_CLOEXEC) = -1 ENOENT (No such file or directory)
11847 openat(AT_FDCWD, "/home/runner/workspace/node_modules/.pnpm/gaxios@6.7.1/node_modules/gaxios/build/package.json", O_RDONLY|O_CLOEXEC) = -1 ENOENT (No such file or directory)
11847 openat(AT_FDCWD, "/home/runner/workspace/node_modules/.pnpm/gaxios@6.7.1/node_modules/gaxios/package.json", O_RDONLY|O_CLOEXEC) = 17
11847 openat(AT_FDCWD, "/home/runner/workspace/node_modules/.pnpm/gaxios@6.7.1/node_modules/gaxios/build/src/index.js", O_RDONLY|O_CLOEXEC) = 17
11847 openat(AT_FDCWD, "/home/runner/workspace/node_modules/.pnpm/gaxios@6.7.1/node_modules/gaxios/build/src/package.json", O_RDONLY|O_CLOEXEC) = -1 ENOENT (No such file or directory)
11847 openat(AT_FDCWD, "/home/runner/workspace/node_modules/.pnpm/gaxios@6.7.1/node_modules/gaxios/build/package.json", O_RDONLY|O_CLOEXEC) = -1 ENOENT (No such file or directory)
11847 openat(AT_FDCWD, "/home/runner/workspace/node_modules/.pnpm/gaxios@6.7.1/node_modules/gaxios/build/src/interceptor.js", O_RDONLY|O_CLOEXEC) = 17
11847 openat(AT_FDCWD, "/home/runner/workspace/node_modules/.pnpm/@google-cloud+storage@8.0.1/node_modules/@google-cloud/storage/build/esm/src/package.json", O_RDONLY|O_CLOEXEC) = -1 ENOENT (No such file or directory)
11847 openat(AT_FDCWD, "/home/runner/workspace/node_modules/.pnpm/@google-cloud+storage@8.0.1/node_modules/@google-cloud/storage/build/esm/package.json", O_RDONLY|O_CLOEXEC) = -1 ENOENT (No such file or directory)
11847 openat(AT_FDCWD, "/home/runner/workspace/node_modules/.pnpm/@google-cloud+storage@8.0.1/node_modules/@google-cloud/storage/build/package.json", O_RDONLY|O_CLOEXEC) = -1 ENOENT (No such file or directory)
11847 openat(AT_FDCWD, "/home/runner/workspace/node_modules/.pnpm/@google-cloud+storage@8.0.1/node_modules/google-auth-library/build/src/package.json", O_RDONLY|O_CLOEXEC) = -1 ENOENT (No such file or directory)
11847 openat(AT_FDCWD, "/home/runner/workspace/node_modules/.pnpm/@google-cloud+storage@8.0.1/node_modules/google-auth-library/build/package.json", O_RDONLY|O_CLOEXEC) = -1 ENOENT (No such file or directory)
11847 openat(AT_FDCWD, "/home/runner/workspace/node_modules/.pnpm/google-auth-library@9.15.1/node_modules/google-auth-library/build/src/package.json", O_RDONLY|O_CLOEXEC) = -1 ENOENT (No such file or directory)
11847 openat(AT_FDCWD, "/home/runner/workspace/node_modules/.pnpm/google-auth-library@9.15.1/node_modules/google-auth-library/build/package.json", O_RDONLY|O_CLOEXEC) = -1 ENOENT (No such file or directory)
11847 openat(AT_FDCWD, "/home/runner/workspace/node_modules/.pnpm/@google-cloud+storage@8.0.1/node_modules/@google-cloud/storage/build/esm/src/package.json", O_RDONLY|O_CLOEXEC) = -1 ENOENT (No such file or directory)
11847 openat(AT_FDCWD, "/home/runner/workspace/node_modules/.pnpm/@google-cloud+storage@8.0.1/node_modules/@google-cloud/storage/build/esm/package.json", O_RDONLY|O_CLOEXEC) = -1 ENOENT (No such file or directory)
11847 openat(AT_FDCWD, "/home/runner/workspace/node_modules/.pnpm/@google-cloud+storage@8.0.1/node_modules/@google-cloud/storage/build/package.json", O_RDONLY|O_CLOEXEC) = -1 ENOENT (No such file or directory)
11847 openat(AT_FDCWD, "/home/runner/workspace/node_modules/.pnpm/@google-cloud+storage@8.0.1/node_modules/async-retry/lib/package.json", O_RDONLY|O_CLOEXEC) = -1 ENOENT (No such file or directory)
11847 openat(AT_FDCWD, "/home/runner/workspace/node_modules/.pnpm/async-retry@1.3.3/node_modules/async-retry/lib/package.json", O_RDONLY|O_CLOEXEC) = -1 ENOENT (No such file or directory)
11847 openat(AT_FDCWD, "/home/runner/workspace/node_modules/.pnpm/@google-cloud+storage@8.0.1/node_modules/@google-cloud/storage/build/esm/src/package.json", O_RDONLY|O_CLOEXEC) = -1 ENOENT (No such file or directory)
11847 openat(AT_FDCWD, "/home/runner/workspace/node_modules/.pnpm/@google-cloud+storage@8.0.1/node_modules/@google-cloud/storage/build/esm/package.json", O_RDONLY|O_CLOEXEC) = -1 ENOENT (No such file or directory)
11847 openat(AT_FDCWD, "/home/runner/workspace/node_modules/.pnpm/@google-cloud+storage@8.0.1/node_modules/@google-cloud/storage/build/package.json", O_RDONLY|O_CLOEXEC) = -1 ENOENT (No such file or directory)
11847 openat(AT_FDCWD, "/home/runner/workspace/node_modules/.pnpm/@google-cloud+storage@8.0.1/node_modules/@google-cloud/storage/build/esm/src/nodejs-common/package.json", O_RDONLY|O_CLOEXEC) = -1 ENOENT (No such file or directory)
11847 openat(AT_FDCWD, "/home/runner/workspace/node_modules/.pnpm/@google-cloud+storage@8.0.1/node_modules/@google-cloud/storage/build/esm/src/package.json", O_RDONLY|O_CLOEXEC) = -1 ENOENT (No such file or directory)
11847 openat(AT_FDCWD, "/home/runner/workspace/node_modules/.pnpm/@google-cloud+storage@8.0.1/node_modules/@google-cloud/storage/build/esm/package.json", O_RDONLY|O_CLOEXEC) = -1 ENOENT (No such file or directory)
11847 openat(AT_FDCWD, "/home/runner/workspace/node_modules/.pnpm/@google-cloud+storage@8.0.1/node_modules/@google-cloud/storage/build/package.json", O_RDONLY|O_CLOEXEC) = -1 ENOENT (No such file or directory)
11847 openat(AT_FDCWD, "/home/runner/workspace/node_modules/.pnpm/@google-cloud+storage@8.0.1/node_modules/@google-cloud/storage/build/esm/src/package.json", O_RDONLY|O_CLOEXEC) = -1 ENOENT (No such file or directory)
11847 openat(AT_FDCWD, "/home/runner/workspace/node_modules/.pnpm/@google-cloud+storage@8.0.1/node_modules/@google-cloud/storage/build/esm/package.json", O_RDONLY|O_CLOEXEC) = -1 ENOENT (No such file or directory)
11847 openat(AT_FDCWD, "/home/runner/workspace/node_modules/.pnpm/@google-cloud+storage@8.0.1/node_modules/@google-cloud/storage/build/package.json", O_RDONLY|O_CLOEXEC) = -1 ENOENT (No such file or directory)
11847 openat(AT_FDCWD, "/home/runner/workspace/node_modules/.pnpm/@google-cloud+storage@8.0.1/node_modules/@google-cloud/storage/build/esm/src/package.json", O_RDONLY|O_CLOEXEC) = -1 ENOENT (No such file or directory)
11847 openat(AT_FDCWD, "/home/runner/workspace/node_modules/.pnpm/@google-cloud+storage@8.0.1/node_modules/@google-cloud/storage/build/esm/package.json", O_RDONLY|O_CLOEXEC) = -1 ENOENT (No such file or directory)
11847 openat(AT_FDCWD, "/home/runner/workspace/node_modules/.pnpm/@google-cloud+storage@8.0.1/node_modules/@google-cloud/storage/build/package.json", O_RDONLY|O_CLOEXEC) = -1 ENOENT (No such file or directory)
11847 openat(AT_FDCWD, "/home/runner/workspace/node_modules/.pnpm/@google-cloud+storage@8.0.1/node_modules/@google-cloud/storage/build/esm/src/hash-stream-validator.js", O_RDONLY|O_CLOEXEC) = 17
11847 openat(AT_FDCWD, "/home/runner/workspace/node_modules/.pnpm/@google-cloud+storage@8.0.1/node_modules/@google-cloud/storage/build/esm/src/package.json", O_RDONLY|O_CLOEXEC) = -1 ENOENT (No such file or directory)
11847 openat(AT_FDCWD, "/home/runner/workspace/node_modules/.pnpm/@google-cloud+storage@8.0.1/node_modules/@google-cloud/storage/build/esm/package.json", O_RDONLY|O_CLOEXEC) = -1 ENOENT (No such file or directory)
11847 openat(AT_FDCWD, "/home/runner/workspace/node_modules/.pnpm/@google-cloud+storage@8.0.1/node_modules/@google-cloud/storage/build/package.json", O_RDONLY|O_CLOEXEC) = -1 ENOENT (No such file or directory)
11847 openat(AT_FDCWD, "/home/runner/workspace/node_modules/.pnpm/@google-cloud+storage@8.0.1/node_modules/@google-cloud/storage/build/esm/src/crc32c.js", O_RDONLY|O_CLOEXEC) = 17
11847 openat(AT_FDCWD, "/home/runner/workspace/node_modules/.pnpm/@google-cloud+storage@8.0.1/node_modules/@google-cloud/storage/build/esm/src/package.json", O_RDONLY|O_CLOEXEC) = -1 ENOENT (No such file or directory)
11847 openat(AT_FDCWD, "/home/runner/workspace/node_modules/.pnpm/@google-cloud+storage@8.0.1/node_modules/@google-cloud/storage/build/esm/package.json", O_RDONLY|O_CLOEXEC) = -1 ENOENT (No such file or directory)
11847 openat(AT_FDCWD, "/home/runner/workspace/node_modules/.pnpm/@google-cloud+storage@8.0.1/node_modules/@google-cloud/storage/build/package.json", O_RDONLY|O_CLOEXEC) = -1 ENOENT (No such file or directory)
11847 openat(AT_FDCWD, "/home/runner/workspace/node_modules/.pnpm/@google-cloud+storage@8.0.1/node_modules/@google-cloud/storage/build/esm/src/package.json", O_RDONLY|O_CLOEXEC) = -1 ENOENT (No such file or directory)
11847 openat(AT_FDCWD, "/home/runner/workspace/node_modules/.pnpm/@google-cloud+storage@8.0.1/node_modules/@google-cloud/storage/build/esm/package.json", O_RDONLY|O_CLOEXEC) = -1 ENOENT (No such file or directory)
11847 openat(AT_FDCWD, "/home/runner/workspace/node_modules/.pnpm/@google-cloud+storage@8.0.1/node_modules/@google-cloud/storage/build/package.json", O_RDONLY|O_CLOEXEC) = -1 ENOENT (No such file or directory)
11847 openat(AT_FDCWD, "/home/runner/workspace/node_modules/.pnpm/@google-cloud+storage@8.0.1/node_modules/@google-cloud/storage/build/esm/src/package.json", O_RDONLY|O_CLOEXEC) = -1 ENOENT (No such file or directory)
11847 openat(AT_FDCWD, "/home/runner/workspace/node_modules/.pnpm/@google-cloud+storage@8.0.1/node_modules/@google-cloud/storage/build/esm/package.json", O_RDONLY|O_CLOEXEC) = -1 ENOENT (No such file or directory)
11847 openat(AT_FDCWD, "/home/runner/workspace/node_modules/.pnpm/@google-cloud+storage@8.0.1/node_modules/@google-cloud/storage/build/package.json", O_RDONLY|O_CLOEXEC) = -1 ENOENT (No such file or directory)
11847 openat(AT_FDCWD, "/home/runner/workspace/node_modules/.pnpm/@google-cloud+storage@8.0.1/node_modules/@google-cloud/storage/build/esm/src/package.json", O_RDONLY|O_CLOEXEC) = -1 ENOENT (No such file or directory)
11847 openat(AT_FDCWD, "/home/runner/workspace/node_modules/.pnpm/@google-cloud+storage@8.0.1/node_modules/@google-cloud/storage/build/esm/package.json", O_RDONLY|O_CLOEXEC) = -1 ENOENT (No such file or directory)
11847 openat(AT_FDCWD, "/home/runner/workspace/node_modules/.pnpm/@google-cloud+storage@8.0.1/node_modules/@google-cloud/storage/build/package.json", O_RDONLY|O_CLOEXEC) = -1 ENOENT (No such file or directory)
11847 openat(AT_FDCWD, "/home/runner/workspace/node_modules/.pnpm/@google-cloud+storage@8.0.1/node_modules/@google-cloud/storage/build/esm/src/package.json", O_RDONLY|O_CLOEXEC) = -1 ENOENT (No such file or directory)
11847 openat(AT_FDCWD, "/home/runner/workspace/node_modules/.pnpm/@google-cloud+storage@8.0.1/node_modules/@google-cloud/storage/build/esm/package.json", O_RDONLY|O_CLOEXEC) = -1 ENOENT (No such file or directory)
11847 openat(AT_FDCWD, "/home/runner/workspace/node_modules/.pnpm/@google-cloud+storage@8.0.1/node_modules/@google-cloud/storage/build/package.json", O_RDONLY|O_CLOEXEC) = -1 ENOENT (No such file or directory)
11847 openat(AT_FDCWD, "/home/runner/workspace/node_modules/.pnpm/@google-cloud+storage@8.0.1/node_modules/@google-cloud/storage/build/esm/src/signer.js", O_RDONLY|O_CLOEXEC) = 17
11847 openat(AT_FDCWD, "/home/runner/workspace/node_modules/.pnpm/@google-cloud+storage@8.0.1/node_modules/@google-cloud/storage/build/esm/src/package.json", O_RDONLY|O_CLOEXEC) = -1 ENOENT (No such file or directory)
11847 openat(AT_FDCWD, "/home/runner/workspace/node_modules/.pnpm/@google-cloud+storage@8.0.1/node_modules/@google-cloud/storage/build/esm/package.json", O_RDONLY|O_CLOEXEC) = -1 ENOENT (No such file or directory)
11847 openat(AT_FDCWD, "/home/runner/workspace/node_modules/.pnpm/@google-cloud+storage@8.0.1/node_modules/@google-cloud/storage/build/package.json", O_RDONLY|O_CLOEXEC) = -1 ENOENT (No such file or directory)
11847 openat(AT_FDCWD, "/home/runner/workspace/node_modules/.pnpm/@google-cloud+storage@8.0.1/node_modules/@google-cloud/storage/build/esm/src/package.json", O_RDONLY|O_CLOEXEC) = -1 ENOENT (No such file or directory)
11847 openat(AT_FDCWD, "/home/runner/workspace/node_modules/.pnpm/@google-cloud+storage@8.0.1/node_modules/@google-cloud/storage/build/esm/package.json", O_RDONLY|O_CLOEXEC) = -1 ENOENT (No such file or directory)
11847 openat(AT_FDCWD, "/home/runner/workspace/node_modules/.pnpm/@google-cloud+storage@8.0.1/node_modules/@google-cloud/storage/build/package.json", O_RDONLY|O_CLOEXEC) = -1 ENOENT (No such file or directory)
11847 openat(AT_FDCWD, "/home/runner/workspace/node_modules/.pnpm/@google-cloud+storage@8.0.1/node_modules/@google-cloud/storage/build/esm/src/nodejs-common/package.json", O_RDONLY|O_CLOEXEC) = -1 ENOENT (No such file or directory)
11847 openat(AT_FDCWD, "/home/runner/workspace/node_modules/.pnpm/@google-cloud+storage@8.0.1/node_modules/@google-cloud/storage/build/esm/src/package.json", O_RDONLY|O_CLOEXEC) = -1 ENOENT (No such file or directory)
11847 openat(AT_FDCWD, "/home/runner/workspace/node_modules/.pnpm/@google-cloud+storage@8.0.1/node_modules/@google-cloud/storage/build/esm/package.json", O_RDONLY|O_CLOEXEC) = -1 ENOENT (No such file or directory)
11847 openat(AT_FDCWD, "/home/runner/workspace/node_modules/.pnpm/@google-cloud+storage@8.0.1/node_modules/@google-cloud/storage/build/package.json", O_RDONLY|O_CLOEXEC) = -1 ENOENT (No such file or directory)
11847 openat(AT_FDCWD, "/home/runner/workspace/node_modules/.pnpm/@google-cloud+storage@8.0.1/node_modules/@google-cloud/storage/build/esm/src/package.json", O_RDONLY|O_CLOEXEC) = -1 ENOENT (No such file or directory)
11847 openat(AT_FDCWD, "/home/runner/workspace/node_modules/.pnpm/@google-cloud+storage@8.0.1/node_modules/@google-cloud/storage/build/esm/package.json", O_RDONLY|O_CLOEXEC) = -1 ENOENT (No such file or directory)
11847 openat(AT_FDCWD, "/home/runner/workspace/node_modules/.pnpm/@google-cloud+storage@8.0.1/node_modules/@google-cloud/storage/build/package.json", O_RDONLY|O_CLOEXEC) = -1 ENOENT (No such file or directory)
11847 openat(AT_FDCWD, "/home/runner/workspace/node_modules/.pnpm/@google-cloud+storage@8.0.1/node_modules/@google-cloud/storage/build/esm/src/package.json", O_RDONLY|O_CLOEXEC) = -1 ENOENT (No such file or directory)
11847 openat(AT_FDCWD, "/home/runner/workspace/node_modules/.pnpm/@google-cloud+storage@8.0.1/node_modules/@google-cloud/storage/build/esm/package.json", O_RDONLY|O_CLOEXEC) = -1 ENOENT (No such file or directory)
11847 openat(AT_FDCWD, "/home/runner/workspace/node_modules/.pnpm/@google-cloud+storage@8.0.1/node_modules/@google-cloud/storage/build/package.json", O_RDONLY|O_CLOEXEC) = -1 ENOENT (No such file or directory)
11847 openat(AT_FDCWD, "/home/runner/workspace/node_modules/.pnpm/@google-cloud+storage@8.0.1/node_modules/@google-cloud/storage/build/esm/src/package.json", O_RDONLY|O_CLOEXEC) = -1 ENOENT (No such file or directory)
11847 openat(AT_FDCWD, "/home/runner/workspace/node_modules/.pnpm/@google-cloud+storage@8.0.1/node_modules/@google-cloud/storage/build/esm/package.json", O_RDONLY|O_CLOEXEC) = -1 ENOENT (No such file or directory)
11847 openat(AT_FDCWD, "/home/runner/workspace/node_modules/.pnpm/@google-cloud+storage@8.0.1/node_modules/@google-cloud/storage/build/package.json", O_RDONLY|O_CLOEXEC) = -1 ENOENT (No such file or directory)
11847 openat(AT_FDCWD, "/home/runner/workspace/node_modules/.pnpm/@google-cloud+storage@8.0.1/node_modules/@google-cloud/storage/build/esm/src/package.json", O_RDONLY|O_CLOEXEC) = -1 ENOENT (No such file or directory)
11847 openat(AT_FDCWD, "/home/runner/workspace/node_modules/.pnpm/@google-cloud+storage@8.0.1/node_modules/@google-cloud/storage/build/esm/package.json", O_RDONLY|O_CLOEXEC) = -1 ENOENT (No such file or directory)
11847 openat(AT_FDCWD, "/home/runner/workspace/node_modules/.pnpm/@google-cloud+storage@8.0.1/node_modules/@google-cloud/storage/build/package.json", O_RDONLY|O_CLOEXEC) = -1 ENOENT (No such file or directory)
11847 openat(AT_FDCWD, "/home/runner/workspace/node_modules/.pnpm/@google-cloud+storage@8.0.1/node_modules/@google-cloud/storage/build/esm/src/package.json", O_RDONLY|O_CLOEXEC) = -1 ENOENT (No such file or directory)
11847 openat(AT_FDCWD, "/home/runner/workspace/node_modules/.pnpm/@google-cloud+storage@8.0.1/node_modules/@google-cloud/storage/build/esm/package.json", O_RDONLY|O_CLOEXEC) = -1 ENOENT (No such file or directory)
11847 openat(AT_FDCWD, "/home/runner/workspace/node_modules/.pnpm/@google-cloud+storage@8.0.1/node_modules/@google-cloud/storage/build/package.json", O_RDONLY|O_CLOEXEC) = -1 ENOENT (No such file or directory)
11847 openat(AT_FDCWD, "/home/runner/workspace/node_modules/.pnpm/@google-cloud+storage@8.0.1/node_modules/async-retry/lib/package.json", O_RDONLY|O_CLOEXEC) = -1 ENOENT (No such file or directory)
11847 openat(AT_FDCWD, "/home/runner/workspace/node_modules/.pnpm/async-retry@1.3.3/node_modules/async-retry/lib/package.json", O_RDONLY|O_CLOEXEC) = -1 ENOENT (No such file or directory)
11847 openat(AT_FDCWD, "/home/runner/workspace/node_modules/.pnpm/@google-cloud+storage@8.0.1/node_modules/@google-cloud/storage/build/esm/src/package.json", O_RDONLY|O_CLOEXEC) = -1 ENOENT (No such file or directory)
11847 openat(AT_FDCWD, "/home/runner/workspace/node_modules/.pnpm/@google-cloud+storage@8.0.1/node_modules/@google-cloud/storage/build/esm/package.json", O_RDONLY|O_CLOEXEC) = -1 ENOENT (No such file or directory)
11847 openat(AT_FDCWD, "/home/runner/workspace/node_modules/.pnpm/@google-cloud+storage@8.0.1/node_modules/@google-cloud/storage/build/package.json", O_RDONLY|O_CLOEXEC) = -1 ENOENT (No such file or directory)
11847 openat(AT_FDCWD, "/home/runner/workspace/node_modules/.pnpm/@google-cloud+storage@8.0.1/node_modules/@google-cloud/storage/build/esm/src/iam.js", O_RDONLY|O_CLOEXEC) = 17
11847 openat(AT_FDCWD, "/home/runner/workspace/node_modules/.pnpm/@google-cloud+storage@8.0.1/node_modules/@google-cloud/storage/build/esm/src/package.json", O_RDONLY|O_CLOEXEC) = -1 ENOENT (No such file or directory)
11847 openat(AT_FDCWD, "/home/runner/workspace/node_modules/.pnpm/@google-cloud+storage@8.0.1/node_modules/@google-cloud/storage/build/esm/package.json", O_RDONLY|O_CLOEXEC) = -1 ENOENT (No such file or directory)
11847 openat(AT_FDCWD, "/home/runner/workspace/node_modules/.pnpm/@google-cloud+storage@8.0.1/node_modules/@google-cloud/storage/build/package.json", O_RDONLY|O_CLOEXEC) = -1 ENOENT (No such file or directory)
11847 openat(AT_FDCWD, "/home/runner/workspace/node_modules/.pnpm/@google-cloud+storage@8.0.1/node_modules/@google-cloud/promisify/build/src/package.json", O_RDONLY|O_CLOEXEC) = -1 ENOENT (No such file or directory)
11847 openat(AT_FDCWD, "/home/runner/workspace/node_modules/.pnpm/@google-cloud+storage@8.0.1/node_modules/@google-cloud/promisify/build/package.json", O_RDONLY|O_CLOEXEC) = -1 ENOENT (No such file or directory)
11847 openat(AT_FDCWD, "/home/runner/workspace/node_modules/.pnpm/@google-cloud+promisify@6.0.1/node_modules/@google-cloud/promisify/build/src/package.json", O_RDONLY|O_CLOEXEC) = -1 ENOENT (No such file or directory)
11847 openat(AT_FDCWD, "/home/runner/workspace/node_modules/.pnpm/@google-cloud+promisify@6.0.1/node_modules/@google-cloud/promisify/build/package.json", O_RDONLY|O_CLOEXEC) = -1 ENOENT (No such file or directory)
11847 openat(AT_FDCWD, "/home/runner/workspace/node_modules/.pnpm/@google-cloud+storage@8.0.1/node_modules/@google-cloud/storage/build/esm/src/package.json", O_RDONLY|O_CLOEXEC) = -1 ENOENT (No such file or directory)
11847 openat(AT_FDCWD, "/home/runner/workspace/node_modules/.pnpm/@google-cloud+storage@8.0.1/node_modules/@google-cloud/storage/build/esm/package.json", O_RDONLY|O_CLOEXEC) = -1 ENOENT (No such file or directory)
11847 openat(AT_FDCWD, "/home/runner/workspace/node_modules/.pnpm/@google-cloud+storage@8.0.1/node_modules/@google-cloud/storage/build/package.json", O_RDONLY|O_CLOEXEC) = -1 ENOENT (No such file or directory)
11847 openat(AT_FDCWD, "/home/runner/workspace/node_modules/.pnpm/@google-cloud+storage@8.0.1/node_modules/@google-cloud/storage/build/esm/src/package.json", O_RDONLY|O_CLOEXEC) = -1 ENOENT (No such file or directory)
11847 openat(AT_FDCWD, "/home/runner/workspace/node_modules/.pnpm/@google-cloud+storage@8.0.1/node_modules/@google-cloud/storage/build/esm/package.json", O_RDONLY|O_CLOEXEC) = -1 ENOENT (No such file or directory)
11847 openat(AT_FDCWD, "/home/runner/workspace/node_modules/.pnpm/@google-cloud+storage@8.0.1/node_modules/@google-cloud/storage/build/package.json", O_RDONLY|O_CLOEXEC) = -1 ENOENT (No such file or directory)
11847 openat(AT_FDCWD, "/home/runner/workspace/node_modules/.pnpm/@google-cloud+storage@8.0.1/node_modules/@google-cloud/storage/build/esm/src/notification.js", O_RDONLY|O_CLOEXEC) = 17
11847 openat(AT_FDCWD, "/home/runner/workspace/node_modules/.pnpm/@google-cloud+storage@8.0.1/node_modules/@google-cloud/storage/build/esm/src/nodejs-common/package.json", O_RDONLY|O_CLOEXEC) = -1 ENOENT (No such file or directory)
11847 openat(AT_FDCWD, "/home/runner/workspace/node_modules/.pnpm/@google-cloud+storage@8.0.1/node_modules/@google-cloud/storage/build/esm/src/package.json", O_RDONLY|O_CLOEXEC) = -1 ENOENT (No such file or directory)
11847 openat(AT_FDCWD, "/home/runner/workspace/node_modules/.pnpm/@google-cloud+storage@8.0.1/node_modules/@google-cloud/storage/build/esm/package.json", O_RDONLY|O_CLOEXEC) = -1 ENOENT (No such file or directory)
11847 openat(AT_FDCWD, "/home/runner/workspace/node_modules/.pnpm/@google-cloud+storage@8.0.1/node_modules/@google-cloud/storage/build/package.json", O_RDONLY|O_CLOEXEC) = -1 ENOENT (No such file or directory)
11847 openat(AT_FDCWD, "/home/runner/workspace/node_modules/.pnpm/@google-cloud+storage@8.0.1/node_modules/@google-cloud/storage/build/esm/src/package.json", O_RDONLY|O_CLOEXEC) = -1 ENOENT (No such file or directory)
11847 openat(AT_FDCWD, "/home/runner/workspace/node_modules/.pnpm/@google-cloud+storage@8.0.1/node_modules/@google-cloud/storage/build/esm/package.json", O_RDONLY|O_CLOEXEC) = -1 ENOENT (No such file or directory)
11847 openat(AT_FDCWD, "/home/runner/workspace/node_modules/.pnpm/@google-cloud+storage@8.0.1/node_modules/@google-cloud/storage/build/package.json", O_RDONLY|O_CLOEXEC) = -1 ENOENT (No such file or directory)
11847 openat(AT_FDCWD, "/home/runner/workspace/node_modules/.pnpm/@google-cloud+storage@8.0.1/node_modules/@google-cloud/promisify/build/src/package.json", O_RDONLY|O_CLOEXEC) = -1 ENOENT (No such file or directory)
11847 openat(AT_FDCWD, "/home/runner/workspace/node_modules/.pnpm/@google-cloud+storage@8.0.1/node_modules/@google-cloud/promisify/build/package.json", O_RDONLY|O_CLOEXEC) = -1 ENOENT (No such file or directory)
11847 openat(AT_FDCWD, "/home/runner/workspace/node_modules/.pnpm/@google-cloud+promisify@6.0.1/node_modules/@google-cloud/promisify/build/src/package.json", O_RDONLY|O_CLOEXEC) = -1 ENOENT (No such file or directory)
11847 openat(AT_FDCWD, "/home/runner/workspace/node_modules/.pnpm/@google-cloud+promisify@6.0.1/node_modules/@google-cloud/promisify/build/package.json", O_RDONLY|O_CLOEXEC) = -1 ENOENT (No such file or directory)
11847 openat(AT_FDCWD, "/home/runner/workspace/node_modules/.pnpm/@google-cloud+storage@8.0.1/node_modules/@google-cloud/storage/build/esm/src/package.json", O_RDONLY|O_CLOEXEC) = -1 ENOENT (No such file or directory)
11847 openat(AT_FDCWD, "/home/runner/workspace/node_modules/.pnpm/@google-cloud+storage@8.0.1/node_modules/@google-cloud/storage/build/esm/package.json", O_RDONLY|O_CLOEXEC) = -1 ENOENT (No such file or directory)
11847 openat(AT_FDCWD, "/home/runner/workspace/node_modules/.pnpm/@google-cloud+storage@8.0.1/node_modules/@google-cloud/storage/build/package.json", O_RDONLY|O_CLOEXEC) = -1 ENOENT (No such file or directory)
11847 openat(AT_FDCWD, "/home/runner/workspace/node_modules/.pnpm/@google-cloud+storage@8.0.1/node_modules/@google-cloud/storage/build/esm/src/package.json", O_RDONLY|O_CLOEXEC) = -1 ENOENT (No such file or directory)
11847 openat(AT_FDCWD, "/home/runner/workspace/node_modules/.pnpm/@google-cloud+storage@8.0.1/node_modules/@google-cloud/storage/build/esm/package.json", O_RDONLY|O_CLOEXEC) = -1 ENOENT (No such file or directory)
11847 openat(AT_FDCWD, "/home/runner/workspace/node_modules/.pnpm/@google-cloud+storage@8.0.1/node_modules/@google-cloud/storage/build/package.json", O_RDONLY|O_CLOEXEC) = -1 ENOENT (No such file or directory)
11847 openat(AT_FDCWD, "/home/runner/workspace/node_modules/.pnpm/@google-cloud+storage@8.0.1/node_modules/@google-cloud/storage/build/esm/src/package.json", O_RDONLY|O_CLOEXEC) = -1 ENOENT (No such file or directory)
11847 openat(AT_FDCWD, "/home/runner/workspace/node_modules/.pnpm/@google-cloud+storage@8.0.1/node_modules/@google-cloud/storage/build/esm/package.json", O_RDONLY|O_CLOEXEC) = -1 ENOENT (No such file or directory)
11847 openat(AT_FDCWD, "/home/runner/workspace/node_modules/.pnpm/@google-cloud+storage@8.0.1/node_modules/@google-cloud/storage/build/package.json", O_RDONLY|O_CLOEXEC) = -1 ENOENT (No such file or directory)
11847 openat(AT_FDCWD, "/home/runner/workspace/node_modules/.pnpm/@google-cloud+storage@8.0.1/node_modules/@google-cloud/storage/build/esm/src/channel.js", O_RDONLY|O_CLOEXEC) = 17
11847 openat(AT_FDCWD, "/home/runner/workspace/node_modules/.pnpm/@google-cloud+storage@8.0.1/node_modules/@google-cloud/storage/build/esm/src/nodejs-common/package.json", O_RDONLY|O_CLOEXEC) = -1 ENOENT (No such file or directory)
11847 openat(AT_FDCWD, "/home/runner/workspace/node_modules/.pnpm/@google-cloud+storage@8.0.1/node_modules/@google-cloud/storage/build/esm/src/package.json", O_RDONLY|O_CLOEXEC) = -1 ENOENT (No such file or directory)
11847 openat(AT_FDCWD, "/home/runner/workspace/node_modules/.pnpm/@google-cloud+storage@8.0.1/node_modules/@google-cloud/storage/build/esm/package.json", O_RDONLY|O_CLOEXEC) = -1 ENOENT (No such file or directory)
11847 openat(AT_FDCWD, "/home/runner/workspace/node_modules/.pnpm/@google-cloud+storage@8.0.1/node_modules/@google-cloud/storage/build/package.json", O_RDONLY|O_CLOEXEC) = -1 ENOENT (No such file or directory)
11847 openat(AT_FDCWD, "/home/runner/workspace/node_modules/.pnpm/@google-cloud+storage@8.0.1/node_modules/@google-cloud/storage/build/esm/src/package.json", O_RDONLY|O_CLOEXEC) = -1 ENOENT (No such file or directory)
11847 openat(AT_FDCWD, "/home/runner/workspace/node_modules/.pnpm/@google-cloud+storage@8.0.1/node_modules/@google-cloud/storage/build/esm/package.json", O_RDONLY|O_CLOEXEC) = -1 ENOENT (No such file or directory)
11847 openat(AT_FDCWD, "/home/runner/workspace/node_modules/.pnpm/@google-cloud+storage@8.0.1/node_modules/@google-cloud/storage/build/package.json", O_RDONLY|O_CLOEXEC) = -1 ENOENT (No such file or directory)
11847 openat(AT_FDCWD, "/home/runner/workspace/node_modules/.pnpm/@google-cloud+storage@8.0.1/node_modules/@google-cloud/promisify/build/src/package.json", O_RDONLY|O_CLOEXEC) = -1 ENOENT (No such file or directory)
11847 openat(AT_FDCWD, "/home/runner/workspace/node_modules/.pnpm/@google-cloud+storage@8.0.1/node_modules/@google-cloud/promisify/build/package.json", O_RDONLY|O_CLOEXEC) = -1 ENOENT (No such file or directory)
11847 openat(AT_FDCWD, "/home/runner/workspace/node_modules/.pnpm/@google-cloud+promisify@6.0.1/node_modules/@google-cloud/promisify/build/src/package.json", O_RDONLY|O_CLOEXEC) = -1 ENOENT (No such file or directory)
11847 openat(AT_FDCWD, "/home/runner/workspace/node_modules/.pnpm/@google-cloud+promisify@6.0.1/node_modules/@google-cloud/promisify/build/package.json", O_RDONLY|O_CLOEXEC) = -1 ENOENT (No such file or directory)
11847 openat(AT_FDCWD, "/home/runner/workspace/node_modules/.pnpm/@google-cloud+storage@8.0.1/node_modules/@google-cloud/storage/build/esm/src/package.json", O_RDONLY|O_CLOEXEC) = -1 ENOENT (No such file or directory)
11847 openat(AT_FDCWD, "/home/runner/workspace/node_modules/.pnpm/@google-cloud+storage@8.0.1/node_modules/@google-cloud/storage/build/esm/package.json", O_RDONLY|O_CLOEXEC) = -1 ENOENT (No such file or directory)
11847 openat(AT_FDCWD, "/home/runner/workspace/node_modules/.pnpm/@google-cloud+storage@8.0.1/node_modules/@google-cloud/storage/build/package.json", O_RDONLY|O_CLOEXEC) = -1 ENOENT (No such file or directory)
11847 openat(AT_FDCWD, "/home/runner/workspace/node_modules/.pnpm/@google-cloud+storage@8.0.1/node_modules/@google-cloud/storage/build/esm/src/package.json", O_RDONLY|O_CLOEXEC) = -1 ENOENT (No such file or directory)
11847 openat(AT_FDCWD, "/home/runner/workspace/node_modules/.pnpm/@google-cloud+storage@8.0.1/node_modules/@google-cloud/storage/build/esm/package.json", O_RDONLY|O_CLOEXEC) = -1 ENOENT (No such file or directory)
11847 openat(AT_FDCWD, "/home/runner/workspace/node_modules/.pnpm/@google-cloud+storage@8.0.1/node_modules/@google-cloud/storage/build/package.json", O_RDONLY|O_CLOEXEC) = -1 ENOENT (No such file or directory)
11847 openat(AT_FDCWD, "/home/runner/workspace/node_modules/.pnpm/@google-cloud+storage@8.0.1/node_modules/@google-cloud/storage/build/esm/src/package.json", O_RDONLY|O_CLOEXEC) = -1 ENOENT (No such file or directory)
11847 openat(AT_FDCWD, "/home/runner/workspace/node_modules/.pnpm/@google-cloud+storage@8.0.1/node_modules/@google-cloud/storage/build/esm/package.json", O_RDONLY|O_CLOEXEC) = -1 ENOENT (No such file or directory)
11847 openat(AT_FDCWD, "/home/runner/workspace/node_modules/.pnpm/@google-cloud+storage@8.0.1/node_modules/@google-cloud/storage/build/package.json", O_RDONLY|O_CLOEXEC) = -1 ENOENT (No such file or directory)
11847 openat(AT_FDCWD, "/home/runner/workspace/node_modules/.pnpm/@google-cloud+storage@8.0.1/node_modules/@google-cloud/storage/build/esm/src/hmacKey.js", O_RDONLY|O_CLOEXEC) = 17
11847 openat(AT_FDCWD, "/home/runner/workspace/node_modules/.pnpm/@google-cloud+storage@8.0.1/node_modules/@google-cloud/storage/build/esm/src/nodejs-common/package.json", O_RDONLY|O_CLOEXEC) = -1 ENOENT (No such file or directory)
11847 openat(AT_FDCWD, "/home/runner/workspace/node_modules/.pnpm/@google-cloud+storage@8.0.1/node_modules/@google-cloud/storage/build/esm/src/package.json", O_RDONLY|O_CLOEXEC) = -1 ENOENT (No such file or directory)
11847 openat(AT_FDCWD, "/home/runner/workspace/node_modules/.pnpm/@google-cloud+storage@8.0.1/node_modules/@google-cloud/storage/build/esm/package.json", O_RDONLY|O_CLOEXEC) = -1 ENOENT (No such file or directory)
11847 openat(AT_FDCWD, "/home/runner/workspace/node_modules/.pnpm/@google-cloud+storage@8.0.1/node_modules/@google-cloud/storage/build/package.json", O_RDONLY|O_CLOEXEC) = -1 ENOENT (No such file or directory)
11847 openat(AT_FDCWD, "/home/runner/workspace/node_modules/.pnpm/@google-cloud+storage@8.0.1/node_modules/@google-cloud/storage/build/esm/src/package.json", O_RDONLY|O_CLOEXEC) = -1 ENOENT (No such file or directory)
11847 openat(AT_FDCWD, "/home/runner/workspace/node_modules/.pnpm/@google-cloud+storage@8.0.1/node_modules/@google-cloud/storage/build/esm/package.json", O_RDONLY|O_CLOEXEC) = -1 ENOENT (No such file or directory)
11847 openat(AT_FDCWD, "/home/runner/workspace/node_modules/.pnpm/@google-cloud+storage@8.0.1/node_modules/@google-cloud/storage/build/package.json", O_RDONLY|O_CLOEXEC) = -1 ENOENT (No such file or directory)
11847 openat(AT_FDCWD, "/home/runner/workspace/node_modules/.pnpm/@google-cloud+storage@8.0.1/node_modules/@google-cloud/storage/build/esm/src/package.json", O_RDONLY|O_CLOEXEC) = -1 ENOENT (No such file or directory)
11847 openat(AT_FDCWD, "/home/runner/workspace/node_modules/.pnpm/@google-cloud+storage@8.0.1/node_modules/@google-cloud/storage/build/esm/package.json", O_RDONLY|O_CLOEXEC) = -1 ENOENT (No such file or directory)
11847 openat(AT_FDCWD, "/home/runner/workspace/node_modules/.pnpm/@google-cloud+storage@8.0.1/node_modules/@google-cloud/storage/build/package.json", O_RDONLY|O_CLOEXEC) = -1 ENOENT (No such file or directory)
11847 openat(AT_FDCWD, "/home/runner/workspace/node_modules/.pnpm/@google-cloud+storage@8.0.1/node_modules/@google-cloud/promisify/build/src/package.json", O_RDONLY|O_CLOEXEC) = -1 ENOENT (No such file or directory)
11847 openat(AT_FDCWD, "/home/runner/workspace/node_modules/.pnpm/@google-cloud+storage@8.0.1/node_modules/@google-cloud/promisify/build/package.json", O_RDONLY|O_CLOEXEC) = -1 ENOENT (No such file or directory)
11847 openat(AT_FDCWD, "/home/runner/workspace/node_modules/.pnpm/@google-cloud+promisify@6.0.1/node_modules/@google-cloud/promisify/build/src/package.json", O_RDONLY|O_CLOEXEC) = -1 ENOENT (No such file or directory)
11847 openat(AT_FDCWD, "/home/runner/workspace/node_modules/.pnpm/@google-cloud+promisify@6.0.1/node_modules/@google-cloud/promisify/build/package.json", O_RDONLY|O_CLOEXEC) = -1 ENOENT (No such file or directory)
11847 openat(AT_FDCWD, "/home/runner/workspace/node_modules/.pnpm/@google-cloud+storage@8.0.1/node_modules/@google-cloud/storage/build/esm/src/package.json", O_RDONLY|O_CLOEXEC) = -1 ENOENT (No such file or directory)
11847 openat(AT_FDCWD, "/home/runner/workspace/node_modules/.pnpm/@google-cloud+storage@8.0.1/node_modules/@google-cloud/storage/build/esm/package.json", O_RDONLY|O_CLOEXEC) = -1 ENOENT (No such file or directory)
11847 openat(AT_FDCWD, "/home/runner/workspace/node_modules/.pnpm/@google-cloud+storage@8.0.1/node_modules/@google-cloud/storage/build/package.json", O_RDONLY|O_CLOEXEC) = -1 ENOENT (No such file or directory)
11847 openat(AT_FDCWD, "/home/runner/workspace/node_modules/.pnpm/@google-cloud+storage@8.0.1/node_modules/@google-cloud/storage/build/esm/src/package.json", O_RDONLY|O_CLOEXEC) = -1 ENOENT (No such file or directory)
11847 openat(AT_FDCWD, "/home/runner/workspace/node_modules/.pnpm/@google-cloud+storage@8.0.1/node_modules/@google-cloud/storage/build/esm/package.json", O_RDONLY|O_CLOEXEC) = -1 ENOENT (No such file or directory)
11847 openat(AT_FDCWD, "/home/runner/workspace/node_modules/.pnpm/@google-cloud+storage@8.0.1/node_modules/@google-cloud/storage/build/package.json", O_RDONLY|O_CLOEXEC) = -1 ENOENT (No such file or directory)
11847 openat(AT_FDCWD, "/home/runner/workspace/node_modules/.pnpm/@google-cloud+storage@8.0.1/node_modules/google-auth-library/build/src/package.json", O_RDONLY|O_CLOEXEC) = -1 ENOENT (No such file or directory)
11847 openat(AT_FDCWD, "/home/runner/workspace/node_modules/.pnpm/@google-cloud+storage@8.0.1/node_modules/google-auth-library/build/package.json", O_RDONLY|O_CLOEXEC) = -1 ENOENT (No such file or directory)
11847 openat(AT_FDCWD, "/home/runner/workspace/node_modules/.pnpm/google-auth-library@9.15.1/node_modules/google-auth-library/build/src/package.json", O_RDONLY|O_CLOEXEC) = -1 ENOENT (No such file or directory)
11847 openat(AT_FDCWD, "/home/runner/workspace/node_modules/.pnpm/google-auth-library@9.15.1/node_modules/google-auth-library/build/package.json", O_RDONLY|O_CLOEXEC) = -1 ENOENT (No such file or directory)
11847 openat(AT_FDCWD, "/home/runner/workspace/node_modules/.pnpm/@google-cloud+storage@8.0.1/node_modules/@google-cloud/storage/build/esm/src/package.json", O_RDONLY|O_CLOEXEC) = -1 ENOENT (No such file or directory)
11847 openat(AT_FDCWD, "/home/runner/workspace/node_modules/.pnpm/@google-cloud+storage@8.0.1/node_modules/@google-cloud/storage/build/esm/package.json", O_RDONLY|O_CLOEXEC) = -1 ENOENT (No such file or directory)
11847 openat(AT_FDCWD, "/home/runner/workspace/node_modules/.pnpm/@google-cloud+storage@8.0.1/node_modules/@google-cloud/storage/build/package.json", O_RDONLY|O_CLOEXEC) = -1 ENOENT (No such file or directory)
11847 openat(AT_FDCWD, "/home/runner/workspace/node_modules/.pnpm/@google-cloud+storage@8.0.1/node_modules/@google-cloud/storage/build/esm/src/package.json", O_RDONLY|O_CLOEXEC) = -1 ENOENT (No such file or directory)
11847 openat(AT_FDCWD, "/home/runner/workspace/node_modules/.pnpm/@google-cloud+storage@8.0.1/node_modules/@google-cloud/storage/build/esm/package.json", O_RDONLY|O_CLOEXEC) = -1 ENOENT (No such file or directory)
11847 openat(AT_FDCWD, "/home/runner/workspace/node_modules/.pnpm/@google-cloud+storage@8.0.1/node_modules/@google-cloud/storage/build/package.json", O_RDONLY|O_CLOEXEC) = -1 ENOENT (No such file or directory)
11847 openat(AT_FDCWD, "/home/runner/workspace/node_modules/.pnpm/@google-cloud+storage@8.0.1/node_modules/@google-cloud/storage/build/esm/src/package.json", O_RDONLY|O_CLOEXEC) = -1 ENOENT (No such file or directory)
11847 openat(AT_FDCWD, "/home/runner/workspace/node_modules/.pnpm/@google-cloud+storage@8.0.1/node_modules/@google-cloud/storage/build/esm/package.json", O_RDONLY|O_CLOEXEC) = -1 ENOENT (No such file or directory)
11847 openat(AT_FDCWD, "/home/runner/workspace/node_modules/.pnpm/@google-cloud+storage@8.0.1/node_modules/@google-cloud/storage/build/package.json", O_RDONLY|O_CLOEXEC) = -1 ENOENT (No such file or directory)
11847 openat(AT_FDCWD, "/home/runner/workspace/node_modules/.pnpm/@google-cloud+storage@8.0.1/node_modules/@google-cloud/storage/build/esm/src/package.json", O_RDONLY|O_CLOEXEC) = -1 ENOENT (No such file or directory)
11847 openat(AT_FDCWD, "/home/runner/workspace/node_modules/.pnpm/@google-cloud+storage@8.0.1/node_modules/@google-cloud/storage/build/esm/package.json", O_RDONLY|O_CLOEXEC) = -1 ENOENT (No such file or directory)
11847 openat(AT_FDCWD, "/home/runner/workspace/node_modules/.pnpm/@google-cloud+storage@8.0.1/node_modules/@google-cloud/storage/build/package.json", O_RDONLY|O_CLOEXEC) = -1 ENOENT (No such file or directory)
11847 openat(AT_FDCWD, "/home/runner/workspace/node_modules/.pnpm/@google-cloud+storage@8.0.1/node_modules/@google-cloud/storage/build/esm/src/package.json", O_RDONLY|O_CLOEXEC) = -1 ENOENT (No such file or directory)
11847 openat(AT_FDCWD, "/home/runner/workspace/node_modules/.pnpm/@google-cloud+storage@8.0.1/node_modules/@google-cloud/storage/build/esm/package.json", O_RDONLY|O_CLOEXEC) = -1 ENOENT (No such file or directory)
11847 openat(AT_FDCWD, "/home/runner/workspace/node_modules/.pnpm/@google-cloud+storage@8.0.1/node_modules/@google-cloud/storage/build/package.json", O_RDONLY|O_CLOEXEC) = -1 ENOENT (No such file or directory)
11847 openat(AT_FDCWD, "/home/runner/workspace/node_modules/.pnpm/@google-cloud+storage@8.0.1/node_modules/@google-cloud/storage/build/esm/src/package.json", O_RDONLY|O_CLOEXEC) = -1 ENOENT (No such file or directory)
11847 openat(AT_FDCWD, "/home/runner/workspace/node_modules/.pnpm/@google-cloud+storage@8.0.1/node_modules/@google-cloud/storage/build/esm/package.json", O_RDONLY|O_CLOEXEC) = -1 ENOENT (No such file or directory)
11847 openat(AT_FDCWD, "/home/runner/workspace/node_modules/.pnpm/@google-cloud+storage@8.0.1/node_modules/@google-cloud/storage/build/package.json", O_RDONLY|O_CLOEXEC) = -1 ENOENT (No such file or directory)
11847 openat(AT_FDCWD, "/home/runner/workspace/node_modules/.pnpm/@google-cloud+storage@8.0.1/node_modules/@google-cloud/storage/build/esm/src/package.json", O_RDONLY|O_CLOEXEC) = -1 ENOENT (No such file or directory)
11847 openat(AT_FDCWD, "/home/runner/workspace/node_modules/.pnpm/@google-cloud+storage@8.0.1/node_modules/@google-cloud/storage/build/esm/package.json", O_RDONLY|O_CLOEXEC) = -1 ENOENT (No such file or directory)
11847 openat(AT_FDCWD, "/home/runner/workspace/node_modules/.pnpm/@google-cloud+storage@8.0.1/node_modules/@google-cloud/storage/build/package.json", O_RDONLY|O_CLOEXEC) = -1 ENOENT (No such file or directory)
11847 openat(AT_FDCWD, "/home/runner/workspace/node_modules/.pnpm/@google-cloud+storage@8.0.1/node_modules/@google-cloud/storage/build/esm/src/package.json", O_RDONLY|O_CLOEXEC) = -1 ENOENT (No such file or directory)
11847 openat(AT_FDCWD, "/home/runner/workspace/node_modules/.pnpm/@google-cloud+storage@8.0.1/node_modules/@google-cloud/storage/build/esm/package.json", O_RDONLY|O_CLOEXEC) = -1 ENOENT (No such file or directory)
11847 openat(AT_FDCWD, "/home/runner/workspace/node_modules/.pnpm/@google-cloud+storage@8.0.1/node_modules/@google-cloud/storage/build/package.json", O_RDONLY|O_CLOEXEC) = -1 ENOENT (No such file or directory)
11847 openat(AT_FDCWD, "/home/runner/workspace/node_modules/.pnpm/@google-cloud+storage@8.0.1/node_modules/@google-cloud/storage/build/esm/src/package.json", O_RDONLY|O_CLOEXEC) = -1 ENOENT (No such file or directory)
11847 openat(AT_FDCWD, "/home/runner/workspace/node_modules/.pnpm/@google-cloud+storage@8.0.1/node_modules/@google-cloud/storage/build/esm/package.json", O_RDONLY|O_CLOEXEC) = -1 ENOENT (No such file or directory)
11847 openat(AT_FDCWD, "/home/runner/workspace/node_modules/.pnpm/@google-cloud+storage@8.0.1/node_modules/@google-cloud/storage/build/package.json", O_RDONLY|O_CLOEXEC) = -1 ENOENT (No such file or directory)
11847 openat(AT_FDCWD, "/home/runner/workspace/node_modules/.pnpm/@google-cloud+storage@8.0.1/node_modules/@google-cloud/storage/build/esm/src/transfer-manager.js", O_RDONLY|O_CLOEXEC) = 17
11847 openat(AT_FDCWD, "/home/runner/workspace/node_modules/.pnpm/@google-cloud+storage@8.0.1/node_modules/@google-cloud/storage/build/esm/src/package.json", O_RDONLY|O_CLOEXEC) = -1 ENOENT (No such file or directory)
11847 openat(AT_FDCWD, "/home/runner/workspace/node_modules/.pnpm/@google-cloud+storage@8.0.1/node_modules/@google-cloud/storage/build/esm/package.json", O_RDONLY|O_CLOEXEC) = -1 ENOENT (No such file or directory)
11847 openat(AT_FDCWD, "/home/runner/workspace/node_modules/.pnpm/@google-cloud+storage@8.0.1/node_modules/@google-cloud/storage/build/package.json", O_RDONLY|O_CLOEXEC) = -1 ENOENT (No such file or directory)
11847 openat(AT_FDCWD, "/home/runner/workspace/node_modules/.pnpm/@google-cloud+storage@8.0.1/node_modules/@google-cloud/storage/build/esm/src/package.json", O_RDONLY|O_CLOEXEC) = -1 ENOENT (No such file or directory)
11847 openat(AT_FDCWD, "/home/runner/workspace/node_modules/.pnpm/@google-cloud+storage@8.0.1/node_modules/@google-cloud/storage/build/esm/package.json", O_RDONLY|O_CLOEXEC) = -1 ENOENT (No such file or directory)
11847 openat(AT_FDCWD, "/home/runner/workspace/node_modules/.pnpm/@google-cloud+storage@8.0.1/node_modules/@google-cloud/storage/build/package.json", O_RDONLY|O_CLOEXEC) = -1 ENOENT (No such file or directory)
11847 openat(AT_FDCWD, "/home/runner/workspace/node_modules/.pnpm/@google-cloud+storage@8.0.1/node_modules/@google-cloud/storage/build/esm/src/package.json", O_RDONLY|O_CLOEXEC) = -1 ENOENT (No such file or directory)
11847 openat(AT_FDCWD, "/home/runner/workspace/node_modules/.pnpm/@google-cloud+storage@8.0.1/node_modules/@google-cloud/storage/build/esm/package.json", O_RDONLY|O_CLOEXEC) = -1 ENOENT (No such file or directory)
11847 openat(AT_FDCWD, "/home/runner/workspace/node_modules/.pnpm/@google-cloud+storage@8.0.1/node_modules/@google-cloud/storage/build/package.json", O_RDONLY|O_CLOEXEC) = -1 ENOENT (No such file or directory)
11847 openat(AT_FDCWD, "/home/runner/workspace/node_modules/.pnpm/@google-cloud+storage@8.0.1/node_modules/@google-cloud/storage/build/esm/src/package.json", O_RDONLY|O_CLOEXEC) = -1 ENOENT (No such file or directory)
11847 openat(AT_FDCWD, "/home/runner/workspace/node_modules/.pnpm/@google-cloud+storage@8.0.1/node_modules/@google-cloud/storage/build/esm/package.json", O_RDONLY|O_CLOEXEC) = -1 ENOENT (No such file or directory)
11847 openat(AT_FDCWD, "/home/runner/workspace/node_modules/.pnpm/@google-cloud+storage@8.0.1/node_modules/@google-cloud/storage/build/package.json", O_RDONLY|O_CLOEXEC) = -1 ENOENT (No such file or directory)
11847 openat(AT_FDCWD, "/home/runner/workspace/node_modules/.pnpm/@google-cloud+storage@8.0.1/node_modules/google-auth-library/build/src/package.json", O_RDONLY|O_CLOEXEC) = -1 ENOENT (No such file or directory)
11847 openat(AT_FDCWD, "/home/runner/workspace/node_modules/.pnpm/@google-cloud+storage@8.0.1/node_modules/google-auth-library/build/package.json", O_RDONLY|O_CLOEXEC) = -1 ENOENT (No such file or directory)
11847 openat(AT_FDCWD, "/home/runner/workspace/node_modules/.pnpm/google-auth-library@9.15.1/node_modules/google-auth-library/build/src/package.json", O_RDONLY|O_CLOEXEC) = -1 ENOENT (No such file or directory)
11847 openat(AT_FDCWD, "/home/runner/workspace/node_modules/.pnpm/google-auth-library@9.15.1/node_modules/google-auth-library/build/package.json", O_RDONLY|O_CLOEXEC) = -1 ENOENT (No such file or directory)
11847 openat(AT_FDCWD, "/home/runner/workspace/node_modules/.pnpm/@google-cloud+storage@8.0.1/node_modules/@google-cloud/storage/build/esm/src/package.json", O_RDONLY|O_CLOEXEC) = -1 ENOENT (No such file or directory)
11847 openat(AT_FDCWD, "/home/runner/workspace/node_modules/.pnpm/@google-cloud+storage@8.0.1/node_modules/@google-cloud/storage/build/esm/package.json", O_RDONLY|O_CLOEXEC) = -1 ENOENT (No such file or directory)
11847 openat(AT_FDCWD, "/home/runner/workspace/node_modules/.pnpm/@google-cloud+storage@8.0.1/node_modules/@google-cloud/storage/build/package.json", O_RDONLY|O_CLOEXEC) = -1 ENOENT (No such file or directory)
11847 openat(AT_FDCWD, "/home/runner/workspace/node_modules/.pnpm/@google-cloud+storage@8.0.1/node_modules/fast-xml-parser/package.json", O_RDONLY|O_CLOEXEC) = 17
11847 openat(AT_FDCWD, "/home/runner/workspace/node_modules/.pnpm/fast-xml-parser@5.11.0/node_modules/fast-xml-parser/src/package.json", O_RDONLY|O_CLOEXEC) = -1 ENOENT (No such file or directory)
11847 openat(AT_FDCWD, "/home/runner/workspace/node_modules/.pnpm/fast-xml-parser@5.11.0/node_modules/fast-xml-parser/package.json", O_RDONLY|O_CLOEXEC) = 17
11847 openat(AT_FDCWD, "/home/runner/workspace/node_modules/.pnpm/fast-xml-parser@5.11.0/node_modules/fast-xml-parser/src/fxp.js", O_RDONLY|O_CLOEXEC) = 17
11847 openat(AT_FDCWD, "/home/runner/workspace/node_modules/.pnpm/fast-xml-parser@5.11.0/node_modules/fast-xml-parser/src/package.json", O_RDONLY|O_CLOEXEC) = -1 ENOENT (No such file or directory)
11847 openat(AT_FDCWD, "/home/runner/workspace/node_modules/.pnpm/fast-xml-parser@5.11.0/node_modules/fast-xml-parser/src/validator.js", O_RDONLY|O_CLOEXEC) = 17
11847 openat(AT_FDCWD, "/home/runner/workspace/node_modules/.pnpm/fast-xml-parser@5.11.0/node_modules/fast-xml-parser/src/package.json", O_RDONLY|O_CLOEXEC) = -1 ENOENT (No such file or directory)
11847 openat(AT_FDCWD, "/home/runner/workspace/node_modules/.pnpm/fast-xml-parser@5.11.0/node_modules/fast-xml-parser/src/util.js", O_RDONLY|O_CLOEXEC) = 17
11847 openat(AT_FDCWD, "/home/runner/workspace/node_modules/.pnpm/fast-xml-parser@5.11.0/node_modules/fast-xml-parser/src/xmlparser/package.json", O_RDONLY|O_CLOEXEC) = -1 ENOENT (No such file or directory)
11847 openat(AT_FDCWD, "/home/runner/workspace/node_modules/.pnpm/fast-xml-parser@5.11.0/node_modules/fast-xml-parser/src/package.json", O_RDONLY|O_CLOEXEC) = -1 ENOENT (No such file or directory)
11847 openat(AT_FDCWD, "/home/runner/workspace/node_modules/.pnpm/fast-xml-parser@5.11.0/node_modules/fast-xml-parser/src/xmlparser/XMLParser.js", O_RDONLY|O_CLOEXEC) = 17
11847 openat(AT_FDCWD, "/home/runner/workspace/node_modules/.pnpm/fast-xml-parser@5.11.0/node_modules/fast-xml-parser/src/xmlparser/package.json", O_RDONLY|O_CLOEXEC) = -1 ENOENT (No such file or directory)
11847 openat(AT_FDCWD, "/home/runner/workspace/node_modules/.pnpm/fast-xml-parser@5.11.0/node_modules/fast-xml-parser/src/package.json", O_RDONLY|O_CLOEXEC) = -1 ENOENT (No such file or directory)
11847 openat(AT_FDCWD, "/home/runner/workspace/node_modules/.pnpm/fast-xml-parser@5.11.0/node_modules/fast-xml-parser/src/xmlparser/OptionsBuilder.js", O_RDONLY|O_CLOEXEC) = 17
11847 openat(AT_FDCWD, "/home/runner/workspace/node_modules/.pnpm/fast-xml-parser@5.11.0/node_modules/fast-xml-parser/src/package.json", O_RDONLY|O_CLOEXEC) = -1 ENOENT (No such file or directory)
11847 openat(AT_FDCWD, "/home/runner/workspace/node_modules/.pnpm/fast-xml-parser@5.11.0/node_modules/fast-xml-parser/src/xmlparser/package.json", O_RDONLY|O_CLOEXEC) = -1 ENOENT (No such file or directory)
11847 openat(AT_FDCWD, "/home/runner/workspace/node_modules/.pnpm/fast-xml-parser@5.11.0/node_modules/fast-xml-parser/src/package.json", O_RDONLY|O_CLOEXEC) = -1 ENOENT (No such file or directory)
11847 openat(AT_FDCWD, "/home/runner/workspace/node_modules/.pnpm/fast-xml-parser@5.11.0/node_modules/@nodable/entities/package.json", O_RDONLY|O_CLOEXEC) = 17
11847 openat(AT_FDCWD, "/home/runner/workspace/node_modules/.pnpm/fast-xml-parser@5.11.0/node_modules/@nodable/entities/src/package.json", O_RDONLY|O_CLOEXEC) = -1 ENOENT (No such file or directory)
11847 openat(AT_FDCWD, "/home/runner/workspace/node_modules/.pnpm/@nodable+entities@3.0.0/node_modules/@nodable/entities/src/package.json", O_RDONLY|O_CLOEXEC) = -1 ENOENT (No such file or directory)
11847 openat(AT_FDCWD, "/home/runner/workspace/node_modules/.pnpm/@nodable+entities@3.0.0/node_modules/@nodable/entities/package.json", O_RDONLY|O_CLOEXEC) = 17
11847 openat(AT_FDCWD, "/home/runner/workspace/node_modules/.pnpm/@nodable+entities@3.0.0/node_modules/@nodable/entities/src/index.js", O_RDONLY|O_CLOEXEC) = 17
11847 openat(AT_FDCWD, "/home/runner/workspace/node_modules/.pnpm/@nodable+entities@3.0.0/node_modules/@nodable/entities/src/package.json", O_RDONLY|O_CLOEXEC) = -1 ENOENT (No such file or directory)
11847 openat(AT_FDCWD, "/home/runner/workspace/node_modules/.pnpm/@nodable+entities@3.0.0/node_modules/@nodable/entities/src/EntityDecoder.js", O_RDONLY|O_CLOEXEC) = 17
11847 openat(AT_FDCWD, "/home/runner/workspace/node_modules/.pnpm/@nodable+entities@3.0.0/node_modules/@nodable/entities/src/package.json", O_RDONLY|O_CLOEXEC) = -1 ENOENT (No such file or directory)
11847 openat(AT_FDCWD, "/home/runner/workspace/node_modules/.pnpm/@nodable+entities@3.0.0/node_modules/@nodable/entities/src/entities.js", O_RDONLY|O_CLOEXEC) = 17
11847 openat(AT_FDCWD, "/home/runner/workspace/node_modules/.pnpm/@nodable+entities@3.0.0/node_modules/@nodable/entities/src/package.json", O_RDONLY|O_CLOEXEC) = -1 ENOENT (No such file or directory)
11847 openat(AT_FDCWD, "/home/runner/workspace/node_modules/.pnpm/@nodable+entities@3.0.0/node_modules/@nodable/entities/src/package.json", O_RDONLY|O_CLOEXEC) = -1 ENOENT (No such file or directory)
11847 openat(AT_FDCWD, "/home/runner/workspace/node_modules/.pnpm/@nodable+entities@3.0.0/node_modules/@nodable/entities/src/all-entities.js", O_RDONLY|O_CLOEXEC) = 17
11847 openat(AT_FDCWD, "/home/runner/workspace/node_modules/.pnpm/@nodable+entities@3.0.0/node_modules/@nodable/entities/src/package.json", O_RDONLY|O_CLOEXEC) = -1 ENOENT (No such file or directory)
11847 openat(AT_FDCWD, "/home/runner/workspace/node_modules/.pnpm/@nodable+entities@3.0.0/node_modules/@nodable/entities/src/package.json", O_RDONLY|O_CLOEXEC) = -1 ENOENT (No such file or directory)
11847 openat(AT_FDCWD, "/home/runner/workspace/node_modules/.pnpm/@nodable+entities@3.0.0/node_modules/@nodable/entities/src/EntityEncoder.js", O_RDONLY|O_CLOEXEC) = 17
11847 openat(AT_FDCWD, "/home/runner/workspace/node_modules/.pnpm/@nodable+entities@3.0.0/node_modules/@nodable/entities/src/package.json", O_RDONLY|O_CLOEXEC) = -1 ENOENT (No such file or directory)
11847 openat(AT_FDCWD, "/home/runner/workspace/node_modules/.pnpm/@nodable+entities@3.0.0/node_modules/@nodable/entities/src/entityTries.js", O_RDONLY|O_CLOEXEC) = 17
11847 openat(AT_FDCWD, "/home/runner/workspace/node_modules/.pnpm/fast-xml-parser@5.11.0/node_modules/fast-xml-parser/src/xmlparser/package.json", O_RDONLY|O_CLOEXEC) = -1 ENOENT (No such file or directory)
11847 openat(AT_FDCWD, "/home/runner/workspace/node_modules/.pnpm/fast-xml-parser@5.11.0/node_modules/fast-xml-parser/src/package.json", O_RDONLY|O_CLOEXEC) = -1 ENOENT (No such file or directory)
11847 openat(AT_FDCWD, "/home/runner/workspace/node_modules/.pnpm/fast-xml-parser@5.11.0/node_modules/fast-xml-parser/src/xmlparser/OrderedObjParser.js", O_RDONLY|O_CLOEXEC) = 17
11847 openat(AT_FDCWD, "/home/runner/workspace/node_modules/.pnpm/fast-xml-parser@5.11.0/node_modules/fast-xml-parser/src/package.json", O_RDONLY|O_CLOEXEC) = -1 ENOENT (No such file or directory)
11847 openat(AT_FDCWD, "/home/runner/workspace/node_modules/.pnpm/fast-xml-parser@5.11.0/node_modules/fast-xml-parser/src/xmlparser/package.json", O_RDONLY|O_CLOEXEC) = -1 ENOENT (No such file or directory)
11847 openat(AT_FDCWD, "/home/runner/workspace/node_modules/.pnpm/fast-xml-parser@5.11.0/node_modules/fast-xml-parser/src/package.json", O_RDONLY|O_CLOEXEC) = -1 ENOENT (No such file or directory)
11847 openat(AT_FDCWD, "/home/runner/workspace/node_modules/.pnpm/fast-xml-parser@5.11.0/node_modules/fast-xml-parser/src/xmlparser/xmlNode.js", O_RDONLY|O_CLOEXEC) = 17
11847 openat(AT_FDCWD, "/home/runner/workspace/node_modules/.pnpm/fast-xml-parser@5.11.0/node_modules/fast-xml-parser/src/xmlparser/package.json", O_RDONLY|O_CLOEXEC) = -1 ENOENT (No such file or directory)
11847 openat(AT_FDCWD, "/home/runner/workspace/node_modules/.pnpm/fast-xml-parser@5.11.0/node_modules/fast-xml-parser/src/package.json", O_RDONLY|O_CLOEXEC) = -1 ENOENT (No such file or directory)
11847 openat(AT_FDCWD, "/home/runner/workspace/node_modules/.pnpm/fast-xml-parser@5.11.0/node_modules/fast-xml-parser/src/xmlparser/DocTypeReader.js", O_RDONLY|O_CLOEXEC) = 17
11847 openat(AT_FDCWD, "/home/runner/workspace/node_modules/.pnpm/fast-xml-parser@5.11.0/node_modules/fast-xml-parser/src/xmlparser/package.json", O_RDONLY|O_CLOEXEC) = -1 ENOENT (No such file or directory)
11847 openat(AT_FDCWD, "/home/runner/workspace/node_modules/.pnpm/fast-xml-parser@5.11.0/node_modules/fast-xml-parser/src/package.json", O_RDONLY|O_CLOEXEC) = -1 ENOENT (No such file or directory)
11847 openat(AT_FDCWD, "/home/runner/workspace/node_modules/.pnpm/fast-xml-parser@5.11.0/node_modules/xml-naming/package.json", O_RDONLY|O_CLOEXEC) = 17
11847 openat(AT_FDCWD, "/home/runner/workspace/node_modules/.pnpm/xml-naming@0.3.0/node_modules/xml-naming/src/package.json", O_RDONLY|O_CLOEXEC) = -1 ENOENT (No such file or directory)
11847 openat(AT_FDCWD, "/home/runner/workspace/node_modules/.pnpm/xml-naming@0.3.0/node_modules/xml-naming/package.json", O_RDONLY|O_CLOEXEC) = 17
11847 openat(AT_FDCWD, "/home/runner/workspace/node_modules/.pnpm/xml-naming@0.3.0/node_modules/xml-naming/src/index.js", O_RDONLY|O_CLOEXEC) = 17
11847 openat(AT_FDCWD, "/home/runner/workspace/node_modules/.pnpm/fast-xml-parser@5.11.0/node_modules/fast-xml-parser/src/xmlparser/package.json", O_RDONLY|O_CLOEXEC) = -1 ENOENT (No such file or directory)
11847 openat(AT_FDCWD, "/home/runner/workspace/node_modules/.pnpm/fast-xml-parser@5.11.0/node_modules/fast-xml-parser/src/package.json", O_RDONLY|O_CLOEXEC) = -1 ENOENT (No such file or directory)
11847 openat(AT_FDCWD, "/home/runner/workspace/node_modules/.pnpm/fast-xml-parser@5.11.0/node_modules/strnum/package.json", O_RDONLY|O_CLOEXEC) = 17
11847 openat(AT_FDCWD, "/home/runner/workspace/node_modules/.pnpm/strnum@2.4.2/node_modules/strnum/package.json", O_RDONLY|O_CLOEXEC) = 17
11847 openat(AT_FDCWD, "/home/runner/workspace/node_modules/.pnpm/strnum@2.4.2/node_modules/strnum/strnum.js", O_RDONLY|O_CLOEXEC) = 17
11847 openat(AT_FDCWD, "/home/runner/workspace/node_modules/.pnpm/strnum@2.4.2/node_modules/anynum/package.json", O_RDONLY|O_CLOEXEC) = 17
11847 openat(AT_FDCWD, "/home/runner/workspace/node_modules/.pnpm/anynum@1.0.1/node_modules/anynum/package.json", O_RDONLY|O_CLOEXEC) = 17
11847 openat(AT_FDCWD, "/home/runner/workspace/node_modules/.pnpm/anynum@1.0.1/node_modules/anynum/anynum.js", O_RDONLY|O_CLOEXEC) = 17
11847 openat(AT_FDCWD, "/home/runner/workspace/node_modules/.pnpm/anynum@1.0.1/node_modules/anynum/digitTable.js", O_RDONLY|O_CLOEXEC) = 17
11847 openat(AT_FDCWD, "/home/runner/workspace/node_modules/.pnpm/fast-xml-parser@5.11.0/node_modules/fast-xml-parser/src/package.json", O_RDONLY|O_CLOEXEC) = -1 ENOENT (No such file or directory)
11847 openat(AT_FDCWD, "/home/runner/workspace/node_modules/.pnpm/fast-xml-parser@5.11.0/node_modules/fast-xml-parser/src/ignoreAttributes.js", O_RDONLY|O_CLOEXEC) = 17
11847 openat(AT_FDCWD, "/home/runner/workspace/node_modules/.pnpm/fast-xml-parser@5.11.0/node_modules/fast-xml-parser/src/xmlparser/package.json", O_RDONLY|O_CLOEXEC) = -1 ENOENT (No such file or directory)
11847 openat(AT_FDCWD, "/home/runner/workspace/node_modules/.pnpm/fast-xml-parser@5.11.0/node_modules/fast-xml-parser/src/package.json", O_RDONLY|O_CLOEXEC) = -1 ENOENT (No such file or directory)
11847 openat(AT_FDCWD, "/home/runner/workspace/node_modules/.pnpm/fast-xml-parser@5.11.0/node_modules/path-expression-matcher/package.json", O_RDONLY|O_CLOEXEC) = 17
11847 openat(AT_FDCWD, "/home/runner/workspace/node_modules/.pnpm/path-expression-matcher@1.6.2/node_modules/path-expression-matcher/src/package.json", O_RDONLY|O_CLOEXEC) = -1 ENOENT (No such file or directory)
11847 openat(AT_FDCWD, "/home/runner/workspace/node_modules/.pnpm/path-expression-matcher@1.6.2/node_modules/path-expression-matcher/package.json", O_RDONLY|O_CLOEXEC) = 17
11847 openat(AT_FDCWD, "/home/runner/workspace/node_modules/.pnpm/path-expression-matcher@1.6.2/node_modules/path-expression-matcher/src/index.js", O_RDONLY|O_CLOEXEC) = 17
11847 openat(AT_FDCWD, "/home/runner/workspace/node_modules/.pnpm/path-expression-matcher@1.6.2/node_modules/path-expression-matcher/src/package.json", O_RDONLY|O_CLOEXEC) = -1 ENOENT (No such file or directory)
11847 openat(AT_FDCWD, "/home/runner/workspace/node_modules/.pnpm/path-expression-matcher@1.6.2/node_modules/path-expression-matcher/src/Expression.js", O_RDONLY|O_CLOEXEC) = 17
11847 openat(AT_FDCWD, "/home/runner/workspace/node_modules/.pnpm/path-expression-matcher@1.6.2/node_modules/path-expression-matcher/src/package.json", O_RDONLY|O_CLOEXEC) = -1 ENOENT (No such file or directory)
11847 openat(AT_FDCWD, "/home/runner/workspace/node_modules/.pnpm/path-expression-matcher@1.6.2/node_modules/path-expression-matcher/src/Matcher.js", O_RDONLY|O_CLOEXEC) = 17
11847 openat(AT_FDCWD, "/home/runner/workspace/node_modules/.pnpm/path-expression-matcher@1.6.2/node_modules/path-expression-matcher/src/package.json", O_RDONLY|O_CLOEXEC) = -1 ENOENT (No such file or directory)
11847 openat(AT_FDCWD, "/home/runner/workspace/node_modules/.pnpm/path-expression-matcher@1.6.2/node_modules/path-expression-matcher/src/ExpressionSet.js", O_RDONLY|O_CLOEXEC) = 17
11847 openat(AT_FDCWD, "/home/runner/workspace/node_modules/.pnpm/path-expression-matcher@1.6.2/node_modules/path-expression-matcher/src/package.json", O_RDONLY|O_CLOEXEC) = -1 ENOENT (No such file or directory)
11847 openat(AT_FDCWD, "/home/runner/workspace/node_modules/.pnpm/fast-xml-parser@5.11.0/node_modules/fast-xml-parser/src/xmlparser/package.json", O_RDONLY|O_CLOEXEC) = -1 ENOENT (No such file or directory)
11847 openat(AT_FDCWD, "/home/runner/workspace/node_modules/.pnpm/fast-xml-parser@5.11.0/node_modules/fast-xml-parser/src/package.json", O_RDONLY|O_CLOEXEC) = -1 ENOENT (No such file or directory)
11847 openat(AT_FDCWD, "/home/runner/workspace/node_modules/.pnpm/fast-xml-parser@5.11.0/node_modules/@nodable/entities/src/package.json", O_RDONLY|O_CLOEXEC) = -1 ENOENT (No such file or directory)
11847 openat(AT_FDCWD, "/home/runner/workspace/node_modules/.pnpm/@nodable+entities@3.0.0/node_modules/@nodable/entities/src/package.json", O_RDONLY|O_CLOEXEC) = -1 ENOENT (No such file or directory)
11847 openat(AT_FDCWD, "/home/runner/workspace/node_modules/.pnpm/fast-xml-parser@5.11.0/node_modules/fast-xml-parser/src/xmlparser/package.json", O_RDONLY|O_CLOEXEC) = -1 ENOENT (No such file or directory)
11847 openat(AT_FDCWD, "/home/runner/workspace/node_modules/.pnpm/fast-xml-parser@5.11.0/node_modules/fast-xml-parser/src/package.json", O_RDONLY|O_CLOEXEC) = -1 ENOENT (No such file or directory)
11847 openat(AT_FDCWD, "/home/runner/workspace/node_modules/.pnpm/fast-xml-parser@5.11.0/node_modules/is-unsafe/package.json", O_RDONLY|O_CLOEXEC) = 17
11847 openat(AT_FDCWD, "/home/runner/workspace/node_modules/.pnpm/is-unsafe@2.0.2/node_modules/is-unsafe/src/package.json", O_RDONLY|O_CLOEXEC) = -1 ENOENT (No such file or directory)
11847 openat(AT_FDCWD, "/home/runner/workspace/node_modules/.pnpm/is-unsafe@2.0.2/node_modules/is-unsafe/package.json", O_RDONLY|O_CLOEXEC) = 17
11847 openat(AT_FDCWD, "/home/runner/workspace/node_modules/.pnpm/is-unsafe@2.0.2/node_modules/is-unsafe/src/index.js", O_RDONLY|O_CLOEXEC) = 17
11847 openat(AT_FDCWD, "/home/runner/workspace/node_modules/.pnpm/is-unsafe@2.0.2/node_modules/is-unsafe/src/contexts/package.json", O_RDONLY|O_CLOEXEC) = -1 ENOENT (No such file or directory)
11847 openat(AT_FDCWD, "/home/runner/workspace/node_modules/.pnpm/is-unsafe@2.0.2/node_modules/is-unsafe/src/package.json", O_RDONLY|O_CLOEXEC) = -1 ENOENT (No such file or directory)
11847 openat(AT_FDCWD, "/home/runner/workspace/node_modules/.pnpm/is-unsafe@2.0.2/node_modules/is-unsafe/src/contexts/html.js", O_RDONLY|O_CLOEXEC) = 17
11847 openat(AT_FDCWD, "/home/runner/workspace/node_modules/.pnpm/is-unsafe@2.0.2/node_modules/is-unsafe/src/contexts/package.json", O_RDONLY|O_CLOEXEC) = -1 ENOENT (No such file or directory)
11847 openat(AT_FDCWD, "/home/runner/workspace/node_modules/.pnpm/is-unsafe@2.0.2/node_modules/is-unsafe/src/package.json", O_RDONLY|O_CLOEXEC) = -1 ENOENT (No such file or directory)
11847 openat(AT_FDCWD, "/home/runner/workspace/node_modules/.pnpm/is-unsafe@2.0.2/node_modules/is-unsafe/src/contexts/xml.js", O_RDONLY|O_CLOEXEC) = 17
11847 openat(AT_FDCWD, "/home/runner/workspace/node_modules/.pnpm/is-unsafe@2.0.2/node_modules/is-unsafe/src/contexts/package.json", O_RDONLY|O_CLOEXEC) = -1 ENOENT (No such file or directory)
11847 openat(AT_FDCWD, "/home/runner/workspace/node_modules/.pnpm/is-unsafe@2.0.2/node_modules/is-unsafe/src/package.json", O_RDONLY|O_CLOEXEC) = -1 ENOENT (No such file or directory)
11847 openat(AT_FDCWD, "/home/runner/workspace/node_modules/.pnpm/is-unsafe@2.0.2/node_modules/is-unsafe/src/contexts/svg.js", O_RDONLY|O_CLOEXEC) = 17
11847 openat(AT_FDCWD, "/home/runner/workspace/node_modules/.pnpm/is-unsafe@2.0.2/node_modules/is-unsafe/src/contexts/package.json", O_RDONLY|O_CLOEXEC) = -1 ENOENT (No such file or directory)
11847 openat(AT_FDCWD, "/home/runner/workspace/node_modules/.pnpm/is-unsafe@2.0.2/node_modules/is-unsafe/src/package.json", O_RDONLY|O_CLOEXEC) = -1 ENOENT (No such file or directory)
11847 openat(AT_FDCWD, "/home/runner/workspace/node_modules/.pnpm/is-unsafe@2.0.2/node_modules/is-unsafe/src/contexts/sql.js", O_RDONLY|O_CLOEXEC) = 17
11847 openat(AT_FDCWD, "/home/runner/workspace/node_modules/.pnpm/is-unsafe@2.0.2/node_modules/is-unsafe/src/contexts/package.json", O_RDONLY|O_CLOEXEC) = -1 ENOENT (No such file or directory)
11847 openat(AT_FDCWD, "/home/runner/workspace/node_modules/.pnpm/is-unsafe@2.0.2/node_modules/is-unsafe/src/package.json", O_RDONLY|O_CLOEXEC) = -1 ENOENT (No such file or directory)
11847 openat(AT_FDCWD, "/home/runner/workspace/node_modules/.pnpm/is-unsafe@2.0.2/node_modules/is-unsafe/src/contexts/shell.js", O_RDONLY|O_CLOEXEC) = 17
11847 openat(AT_FDCWD, "/home/runner/workspace/node_modules/.pnpm/is-unsafe@2.0.2/node_modules/is-unsafe/src/contexts/package.json", O_RDONLY|O_CLOEXEC) = -1 ENOENT (No such file or directory)
11847 openat(AT_FDCWD, "/home/runner/workspace/node_modules/.pnpm/is-unsafe@2.0.2/node_modules/is-unsafe/src/package.json", O_RDONLY|O_CLOEXEC) = -1 ENOENT (No such file or directory)
11847 openat(AT_FDCWD, "/home/runner/workspace/node_modules/.pnpm/is-unsafe@2.0.2/node_modules/is-unsafe/src/contexts/redos.js", O_RDONLY|O_CLOEXEC) = 17
11847 openat(AT_FDCWD, "/home/runner/workspace/node_modules/.pnpm/is-unsafe@2.0.2/node_modules/is-unsafe/src/contexts/package.json", O_RDONLY|O_CLOEXEC) = -1 ENOENT (No such file or directory)
11847 openat(AT_FDCWD, "/home/runner/workspace/node_modules/.pnpm/is-unsafe@2.0.2/node_modules/is-unsafe/src/package.json", O_RDONLY|O_CLOEXEC) = -1 ENOENT (No such file or directory)
11847 openat(AT_FDCWD, "/home/runner/workspace/node_modules/.pnpm/is-unsafe@2.0.2/node_modules/is-unsafe/src/contexts/nosql.js", O_RDONLY|O_CLOEXEC) = 17
11847 openat(AT_FDCWD, "/home/runner/workspace/node_modules/.pnpm/is-unsafe@2.0.2/node_modules/is-unsafe/src/contexts/package.json", O_RDONLY|O_CLOEXEC) = -1 ENOENT (No such file or directory)
11847 openat(AT_FDCWD, "/home/runner/workspace/node_modules/.pnpm/is-unsafe@2.0.2/node_modules/is-unsafe/src/package.json", O_RDONLY|O_CLOEXEC) = -1 ENOENT (No such file or directory)
11847 openat(AT_FDCWD, "/home/runner/workspace/node_modules/.pnpm/is-unsafe@2.0.2/node_modules/is-unsafe/src/contexts/log.js", O_RDONLY|O_CLOEXEC) = 17
11847 openat(AT_FDCWD, "/home/runner/workspace/node_modules/.pnpm/is-unsafe@2.0.2/node_modules/is-unsafe/src/contexts/package.json", O_RDONLY|O_CLOEXEC) = -1 ENOENT (No such file or directory)
11847 openat(AT_FDCWD, "/home/runner/workspace/node_modules/.pnpm/is-unsafe@2.0.2/node_modules/is-unsafe/src/package.json", O_RDONLY|O_CLOEXEC) = -1 ENOENT (No such file or directory)
11847 openat(AT_FDCWD, "/home/runner/workspace/node_modules/.pnpm/is-unsafe@2.0.2/node_modules/is-unsafe/src/contexts/sql-strict.js", O_RDONLY|O_CLOEXEC) = 17
11847 openat(AT_FDCWD, "/home/runner/workspace/node_modules/.pnpm/is-unsafe@2.0.2/node_modules/is-unsafe/src/contexts/package.json", O_RDONLY|O_CLOEXEC) = -1 ENOENT (No such file or directory)
11847 openat(AT_FDCWD, "/home/runner/workspace/node_modules/.pnpm/is-unsafe@2.0.2/node_modules/is-unsafe/src/package.json", O_RDONLY|O_CLOEXEC) = -1 ENOENT (No such file or directory)
11847 openat(AT_FDCWD, "/home/runner/workspace/node_modules/.pnpm/fast-xml-parser@5.11.0/node_modules/fast-xml-parser/src/xmlparser/package.json", O_RDONLY|O_CLOEXEC) = -1 ENOENT (No such file or directory)
11847 openat(AT_FDCWD, "/home/runner/workspace/node_modules/.pnpm/fast-xml-parser@5.11.0/node_modules/fast-xml-parser/src/package.json", O_RDONLY|O_CLOEXEC) = -1 ENOENT (No such file or directory)
11847 openat(AT_FDCWD, "/home/runner/workspace/node_modules/.pnpm/fast-xml-parser@5.11.0/node_modules/fast-xml-parser/src/xmlparser/node2json.js", O_RDONLY|O_CLOEXEC) = 17
11847 openat(AT_FDCWD, "/home/runner/workspace/node_modules/.pnpm/fast-xml-parser@5.11.0/node_modules/fast-xml-parser/src/xmlparser/package.json", O_RDONLY|O_CLOEXEC) = -1 ENOENT (No such file or directory)
11847 openat(AT_FDCWD, "/home/runner/workspace/node_modules/.pnpm/fast-xml-parser@5.11.0/node_modules/fast-xml-parser/src/package.json", O_RDONLY|O_CLOEXEC) = -1 ENOENT (No such file or directory)
11847 openat(AT_FDCWD, "/home/runner/workspace/node_modules/.pnpm/fast-xml-parser@5.11.0/node_modules/fast-xml-parser/src/xmlparser/package.json", O_RDONLY|O_CLOEXEC) = -1 ENOENT (No such file or directory)
11847 openat(AT_FDCWD, "/home/runner/workspace/node_modules/.pnpm/fast-xml-parser@5.11.0/node_modules/fast-xml-parser/src/package.json", O_RDONLY|O_CLOEXEC) = -1 ENOENT (No such file or directory)
11847 openat(AT_FDCWD, "/home/runner/workspace/node_modules/.pnpm/path-expression-matcher@1.6.2/node_modules/path-expression-matcher/src/package.json", O_RDONLY|O_CLOEXEC) = -1 ENOENT (No such file or directory)
11847 openat(AT_FDCWD, "/home/runner/workspace/node_modules/.pnpm/fast-xml-parser@5.11.0/node_modules/fast-xml-parser/src/package.json", O_RDONLY|O_CLOEXEC) = -1 ENOENT (No such file or directory)
11847 openat(AT_FDCWD, "/home/runner/workspace/node_modules/.pnpm/fast-xml-parser@5.11.0/node_modules/fast-xml-parser/src/xmlparser/package.json", O_RDONLY|O_CLOEXEC) = -1 ENOENT (No such file or directory)
11847 openat(AT_FDCWD, "/home/runner/workspace/node_modules/.pnpm/fast-xml-parser@5.11.0/node_modules/fast-xml-parser/src/package.json", O_RDONLY|O_CLOEXEC) = -1 ENOENT (No such file or directory)
11847 openat(AT_FDCWD, "/home/runner/workspace/node_modules/.pnpm/fast-xml-parser@5.11.0/node_modules/fast-xml-parser/src/xmlbuilder/package.json", O_RDONLY|O_CLOEXEC) = -1 ENOENT (No such file or directory)
11847 openat(AT_FDCWD, "/home/runner/workspace/node_modules/.pnpm/fast-xml-parser@5.11.0/node_modules/fast-xml-parser/src/package.json", O_RDONLY|O_CLOEXEC) = -1 ENOENT (No such file or directory)
11847 openat(AT_FDCWD, "/home/runner/workspace/node_modules/.pnpm/fast-xml-parser@5.11.0/node_modules/fast-xml-parser/src/xmlbuilder/json2xml.js", O_RDONLY|O_CLOEXEC) = 17
11847 openat(AT_FDCWD, "/home/runner/workspace/node_modules/.pnpm/fast-xml-parser@5.11.0/node_modules/fast-xml-parser/src/xmlbuilder/package.json", O_RDONLY|O_CLOEXEC) = -1 ENOENT (No such file or directory)
11847 openat(AT_FDCWD, "/home/runner/workspace/node_modules/.pnpm/fast-xml-parser@5.11.0/node_modules/fast-xml-parser/src/package.json", O_RDONLY|O_CLOEXEC) = -1 ENOENT (No such file or directory)
11847 openat(AT_FDCWD, "/home/runner/workspace/node_modules/.pnpm/fast-xml-parser@5.11.0/node_modules/fast-xml-builder/package.json", O_RDONLY|O_CLOEXEC) = 17
11847 openat(AT_FDCWD, "/home/runner/workspace/node_modules/.pnpm/fast-xml-builder@1.3.1/node_modules/fast-xml-builder/src/package.json", O_RDONLY|O_CLOEXEC) = -1 ENOENT (No such file or directory)
11847 openat(AT_FDCWD, "/home/runner/workspace/node_modules/.pnpm/fast-xml-builder@1.3.1/node_modules/fast-xml-builder/package.json", O_RDONLY|O_CLOEXEC) = 17
11847 openat(AT_FDCWD, "/home/runner/workspace/node_modules/.pnpm/fast-xml-builder@1.3.1/node_modules/fast-xml-builder/src/fxb.js", O_RDONLY|O_CLOEXEC) = 17
11847 openat(AT_FDCWD, "/home/runner/workspace/node_modules/.pnpm/fast-xml-builder@1.3.1/node_modules/fast-xml-builder/src/package.json", O_RDONLY|O_CLOEXEC) = -1 ENOENT (No such file or directory)
11847 openat(AT_FDCWD, "/home/runner/workspace/node_modules/.pnpm/fast-xml-builder@1.3.1/node_modules/fast-xml-builder/src/orderedJs2Xml.js", O_RDONLY|O_CLOEXEC) = 17
11847 openat(AT_FDCWD, "/home/runner/workspace/node_modules/.pnpm/fast-xml-builder@1.3.1/node_modules/fast-xml-builder/src/package.json", O_RDONLY|O_CLOEXEC) = -1 ENOENT (No such file or directory)
11847 openat(AT_FDCWD, "/home/runner/workspace/node_modules/.pnpm/fast-xml-builder@1.3.1/node_modules/path-expression-matcher/package.json", O_RDONLY|O_CLOEXEC) = 17
11847 openat(AT_FDCWD, "/home/runner/workspace/node_modules/.pnpm/path-expression-matcher@1.6.2/node_modules/path-expression-matcher/src/package.json", O_RDONLY|O_CLOEXEC) = -1 ENOENT (No such file or directory)
11847 openat(AT_FDCWD, "/home/runner/workspace/node_modules/.pnpm/fast-xml-builder@1.3.1/node_modules/fast-xml-builder/src/package.json", O_RDONLY|O_CLOEXEC) = -1 ENOENT (No such file or directory)
11847 openat(AT_FDCWD, "/home/runner/workspace/node_modules/.pnpm/fast-xml-builder@1.3.1/node_modules/fast-xml-builder/src/util.js", O_RDONLY|O_CLOEXEC) = 17
11847 openat(AT_FDCWD, "/home/runner/workspace/node_modules/.pnpm/fast-xml-builder@1.3.1/node_modules/fast-xml-builder/src/package.json", O_RDONLY|O_CLOEXEC) = -1 ENOENT (No such file or directory)
11847 openat(AT_FDCWD, "/home/runner/workspace/node_modules/.pnpm/fast-xml-builder@1.3.1/node_modules/xml-naming/package.json", O_RDONLY|O_CLOEXEC) = 17
11847 openat(AT_FDCWD, "/home/runner/workspace/node_modules/.pnpm/xml-naming@0.3.0/node_modules/xml-naming/src/package.json", O_RDONLY|O_CLOEXEC) = -1 ENOENT (No such file or directory)
11847 openat(AT_FDCWD, "/home/runner/workspace/node_modules/.pnpm/fast-xml-builder@1.3.1/node_modules/fast-xml-builder/src/package.json", O_RDONLY|O_CLOEXEC) = -1 ENOENT (No such file or directory)
11847 openat(AT_FDCWD, "/home/runner/workspace/node_modules/.pnpm/fast-xml-builder@1.3.1/node_modules/fast-xml-builder/src/ignoreAttributes.js", O_RDONLY|O_CLOEXEC) = 17
11847 openat(AT_FDCWD, "/home/runner/workspace/node_modules/.pnpm/fast-xml-builder@1.3.1/node_modules/fast-xml-builder/src/package.json", O_RDONLY|O_CLOEXEC) = -1 ENOENT (No such file or directory)
11847 openat(AT_FDCWD, "/home/runner/workspace/node_modules/.pnpm/path-expression-matcher@1.6.2/node_modules/path-expression-matcher/src/package.json", O_RDONLY|O_CLOEXEC) = -1 ENOENT (No such file or directory)
11847 openat(AT_FDCWD, "/home/runner/workspace/node_modules/.pnpm/fast-xml-builder@1.3.1/node_modules/fast-xml-builder/src/package.json", O_RDONLY|O_CLOEXEC) = -1 ENOENT (No such file or directory)
11847 openat(AT_FDCWD, "/home/runner/workspace/node_modules/.pnpm/fast-xml-builder@1.3.1/node_modules/fast-xml-builder/src/package.json", O_RDONLY|O_CLOEXEC) = -1 ENOENT (No such file or directory)
11847 openat(AT_FDCWD, "/home/runner/workspace/node_modules/.pnpm/xml-naming@0.3.0/node_modules/xml-naming/src/package.json", O_RDONLY|O_CLOEXEC) = -1 ENOENT (No such file or directory)
11847 openat(AT_FDCWD, "/home/runner/workspace/node_modules/.pnpm/@google-cloud+storage@8.0.1/node_modules/@google-cloud/storage/build/esm/src/package.json", O_RDONLY|O_CLOEXEC) = -1 ENOENT (No such file or directory)
11847 openat(AT_FDCWD, "/home/runner/workspace/node_modules/.pnpm/@google-cloud+storage@8.0.1/node_modules/@google-cloud/storage/build/esm/package.json", O_RDONLY|O_CLOEXEC) = -1 ENOENT (No such file or directory)
11847 openat(AT_FDCWD, "/home/runner/workspace/node_modules/.pnpm/@google-cloud+storage@8.0.1/node_modules/@google-cloud/storage/build/package.json", O_RDONLY|O_CLOEXEC) = -1 ENOENT (No such file or directory)
11847 openat(AT_FDCWD, "/home/runner/workspace/node_modules/.pnpm/@google-cloud+storage@8.0.1/node_modules/async-retry/lib/package.json", O_RDONLY|O_CLOEXEC) = -1 ENOENT (No such file or directory)
11847 openat(AT_FDCWD, "/home/runner/workspace/node_modules/.pnpm/async-retry@1.3.3/node_modules/async-retry/lib/package.json", O_RDONLY|O_CLOEXEC) = -1 ENOENT (No such file or directory)
11847 openat(AT_FDCWD, "/home/runner/workspace/node_modules/.pnpm/@google-cloud+storage@8.0.1/node_modules/@google-cloud/storage/build/esm/src/nodejs-common/package.json", O_RDONLY|O_CLOEXEC) = -1 ENOENT (No such file or directory)
11847 openat(AT_FDCWD, "/home/runner/workspace/node_modules/.pnpm/@google-cloud+storage@8.0.1/node_modules/@google-cloud/storage/build/esm/src/package.json", O_RDONLY|O_CLOEXEC) = -1 ENOENT (No such file or directory)
11847 openat(AT_FDCWD, "/home/runner/workspace/node_modules/.pnpm/@google-cloud+storage@8.0.1/node_modules/@google-cloud/storage/build/esm/package.json", O_RDONLY|O_CLOEXEC) = -1 ENOENT (No such file or directory)
11847 openat(AT_FDCWD, "/home/runner/workspace/node_modules/.pnpm/@google-cloud+storage@8.0.1/node_modules/@google-cloud/storage/build/package.json", O_RDONLY|O_CLOEXEC) = -1 ENOENT (No such file or directory)
11847 openat(AT_FDCWD, "/home/runner/workspace/node_modules/.pnpm/@google-cloud+storage@8.0.1/node_modules/@google-cloud/storage/build/esm/src/package.json", O_RDONLY|O_CLOEXEC) = -1 ENOENT (No such file or directory)
11847 openat(AT_FDCWD, "/home/runner/workspace/node_modules/.pnpm/@google-cloud+storage@8.0.1/node_modules/@google-cloud/storage/build/esm/package.json", O_RDONLY|O_CLOEXEC) = -1 ENOENT (No such file or directory)
11847 openat(AT_FDCWD, "/home/runner/workspace/node_modules/.pnpm/@google-cloud+storage@8.0.1/node_modules/@google-cloud/storage/build/package.json", O_RDONLY|O_CLOEXEC) = -1 ENOENT (No such file or directory)
11847 openat(AT_FDCWD, "/home/runner/workspace/node_modules/.pnpm/google-auth-library@9.15.1/node_modules/google-auth-library/build/src/auth/googleauth.js", O_RDONLY|O_CLOEXEC) = 17
11847 openat(AT_FDCWD, "/home/runner/workspace/node_modules/.pnpm/google-auth-library@9.15.1/node_modules/gcp-metadata/package.json", O_RDONLY|O_CLOEXEC) = 17
11847 openat(AT_FDCWD, "/home/runner/workspace/node_modules/.pnpm/gcp-metadata@6.1.1/node_modules/gcp-metadata/package.json", O_RDONLY|O_CLOEXEC) = 17
11847 openat(AT_FDCWD, "/home/runner/workspace/node_modules/.pnpm/gcp-metadata@6.1.1/node_modules/gcp-metadata/build/src/index.js", O_RDONLY|O_CLOEXEC) = 17
11847 openat(AT_FDCWD, "/home/runner/workspace/node_modules/.pnpm/gcp-metadata@6.1.1/node_modules/gcp-metadata/build/src/index.js.map", O_RDONLY|O_CLOEXEC) = 17
11847 openat(AT_FDCWD, "/home/runner/workspace/node_modules/.pnpm/gcp-metadata@6.1.1/node_modules/gaxios/package.json", O_RDONLY|O_CLOEXEC) = 17
11847 openat(AT_FDCWD, "/home/runner/workspace/node_modules/.pnpm/gaxios@6.7.1/node_modules/gaxios/build/src/index.js.map", O_RDONLY|O_CLOEXEC) = 17
11847 openat(AT_FDCWD, "/home/runner/workspace/node_modules/.pnpm/gaxios@6.7.1/node_modules/gaxios/build/src/gaxios.js", O_RDONLY|O_CLOEXEC) = 17
11847 openat(AT_FDCWD, "/home/runner/workspace/node_modules/.pnpm/gaxios@6.7.1/node_modules/gaxios/build/src/gaxios.js.map", O_RDONLY|O_CLOEXEC) = 17
11847 openat(AT_FDCWD, "/home/runner/workspace/node_modules/.pnpm/gaxios@6.7.1/node_modules/gaxios/node_modules/extend/package.json", O_RDONLY|O_CLOEXEC) = -1 ENOENT (No such file or directory)
11847 openat(AT_FDCWD, "/home/runner/workspace/node_modules/.pnpm/gaxios@6.7.1/node_modules/extend/package.json", O_RDONLY|O_CLOEXEC) = 17
11847 openat(AT_FDCWD, "/home/runner/workspace/node_modules/.pnpm/extend@3.0.2/node_modules/extend/package.json", O_RDONLY|O_CLOEXEC) = 17
11847 openat(AT_FDCWD, "/home/runner/workspace/node_modules/.pnpm/extend@3.0.2/node_modules/extend/index.js", O_RDONLY|O_CLOEXEC) = 17
11847 openat(AT_FDCWD, "/home/runner/workspace/node_modules/.pnpm/gaxios@6.7.1/node_modules/gaxios/node_modules/node-fetch/package.json", O_RDONLY|O_CLOEXEC) = -1 ENOENT (No such file or directory)
11847 openat(AT_FDCWD, "/home/runner/workspace/node_modules/.pnpm/gaxios@6.7.1/node_modules/node-fetch/package.json", O_RDONLY|O_CLOEXEC) = 17
11847 openat(AT_FDCWD, "/home/runner/workspace/node_modules/.pnpm/node-fetch@2.7.0/node_modules/node-fetch/package.json", O_RDONLY|O_CLOEXEC) = 17
11847 openat(AT_FDCWD, "/home/runner/workspace/node_modules/.pnpm/node-fetch@2.7.0/node_modules/node-fetch/lib/index.js", O_RDONLY|O_CLOEXEC) = 17
11847 openat(AT_FDCWD, "/home/runner/workspace/node_modules/.pnpm/node-fetch@2.7.0/node_modules/whatwg-url/package.json", O_RDONLY|O_CLOEXEC) = 17
11847 openat(AT_FDCWD, "/home/runner/workspace/node_modules/.pnpm/whatwg-url@5.0.0/node_modules/whatwg-url/package.json", O_RDONLY|O_CLOEXEC) = 17
11847 openat(AT_FDCWD, "/home/runner/workspace/node_modules/.pnpm/whatwg-url@5.0.0/node_modules/whatwg-url/lib/public-api.js", O_RDONLY|O_CLOEXEC) = 17
11847 openat(AT_FDCWD, "/home/runner/workspace/node_modules/.pnpm/whatwg-url@5.0.0/node_modules/whatwg-url/lib/URL.js", O_RDONLY|O_CLOEXEC) = 17
11847 openat(AT_FDCWD, "/home/runner/workspace/node_modules/.pnpm/whatwg-url@5.0.0/node_modules/webidl-conversions/package.json", O_RDONLY|O_CLOEXEC) = 17
11847 openat(AT_FDCWD, "/home/runner/workspace/node_modules/.pnpm/webidl-conversions@3.0.1/node_modules/webidl-conversions/package.json", O_RDONLY|O_CLOEXEC) = 17
11847 openat(AT_FDCWD, "/home/runner/workspace/node_modules/.pnpm/webidl-conversions@3.0.1/node_modules/webidl-conversions/lib/index.js", O_RDONLY|O_CLOEXEC) = 17
11847 openat(AT_FDCWD, "/home/runner/workspace/node_modules/.pnpm/whatwg-url@5.0.0/node_modules/whatwg-url/lib/utils.js", O_RDONLY|O_CLOEXEC) = 17
11847 openat(AT_FDCWD, "/home/runner/workspace/node_modules/.pnpm/whatwg-url@5.0.0/node_modules/whatwg-url/lib/URL-impl.js", O_RDONLY|O_CLOEXEC) = 17
11847 openat(AT_FDCWD, "/home/runner/workspace/node_modules/.pnpm/whatwg-url@5.0.0/node_modules/whatwg-url/lib/url-state-machine.js", O_RDONLY|O_CLOEXEC) = 17
11847 openat(AT_FDCWD, "/home/runner/workspace/node_modules/.pnpm/whatwg-url@5.0.0/node_modules/tr46/package.json", O_RDONLY|O_CLOEXEC) = 17
11847 openat(AT_FDCWD, "/home/runner/workspace/node_modules/.pnpm/tr46@0.0.3/node_modules/tr46/package.json", O_RDONLY|O_CLOEXEC) = 17
11847 openat(AT_FDCWD, "/home/runner/workspace/node_modules/.pnpm/tr46@0.0.3/node_modules/tr46/index.js", O_RDONLY|O_CLOEXEC) = 17
11847 openat(AT_FDCWD, "/home/runner/workspace/node_modules/.pnpm/tr46@0.0.3/node_modules/tr46/lib/mappingTable.json", O_RDONLY|O_CLOEXEC) = 17
11880 +++ exited with 0 +++
11847 openat(AT_FDCWD, "/home/runner/workspace/node_modules/.pnpm/node-fetch@2.7.0/node_modules/encoding/package.json", O_RDONLY|O_CLOEXEC) = -1 ENOENT (No such file or directory)
11847 openat(AT_FDCWD, "/home/runner/workspace/node_modules/.pnpm/node_modules/encoding/package.json", O_RDONLY|O_CLOEXEC) = -1 ENOENT (No such file or directory)
11847 openat(AT_FDCWD, "/home/runner/workspace/node_modules/encoding/package.json", O_RDONLY|O_CLOEXEC) = -1 ENOENT (No such file or directory)
11847 openat(AT_FDCWD, "/home/runner/workspace/node_modules/.pnpm/gaxios@6.7.1/node_modules/gaxios/node_modules/is-stream/package.json", O_RDONLY|O_CLOEXEC) = -1 ENOENT (No such file or directory)
11847 openat(AT_FDCWD, "/home/runner/workspace/node_modules/.pnpm/gaxios@6.7.1/node_modules/is-stream/package.json", O_RDONLY|O_CLOEXEC) = 17
11847 openat(AT_FDCWD, "/home/runner/workspace/node_modules/.pnpm/is-stream@2.0.1/node_modules/is-stream/package.json", O_RDONLY|O_CLOEXEC) = 17
11847 openat(AT_FDCWD, "/home/runner/workspace/node_modules/.pnpm/is-stream@2.0.1/node_modules/is-stream/index.js", O_RDONLY|O_CLOEXEC) = 17
11847 openat(AT_FDCWD, "/home/runner/workspace/node_modules/.pnpm/gaxios@6.7.1/node_modules/gaxios/build/src/common.js", O_RDONLY|O_CLOEXEC) = 17
11847 openat(AT_FDCWD, "/home/runner/workspace/node_modules/.pnpm/gaxios@6.7.1/node_modules/gaxios/build/src/common.js.map", O_RDONLY|O_CLOEXEC) = 17
11847 openat(AT_FDCWD, "/home/runner/workspace/node_modules/.pnpm/gaxios@6.7.1/node_modules/gaxios/build/src/util.js", O_RDONLY|O_CLOEXEC) = 17
11847 openat(AT_FDCWD, "/home/runner/workspace/node_modules/.pnpm/gaxios@6.7.1/node_modules/gaxios/build/src/util.js.map", O_RDONLY|O_CLOEXEC) = 17
11847 openat(AT_FDCWD, "/home/runner/workspace/node_modules/.pnpm/gaxios@6.7.1/node_modules/gaxios/package.json", O_RDONLY|O_CLOEXEC) = 17
11847 openat(AT_FDCWD, "/home/runner/workspace/node_modules/.pnpm/gaxios@6.7.1/node_modules/gaxios/build/src/retry.js", O_RDONLY|O_CLOEXEC) = 17
11847 openat(AT_FDCWD, "/home/runner/workspace/node_modules/.pnpm/gaxios@6.7.1/node_modules/gaxios/build/src/retry.js.map", O_RDONLY|O_CLOEXEC) = 17
11847 openat(AT_FDCWD, "/home/runner/workspace/node_modules/.pnpm/gaxios@6.7.1/node_modules/gaxios/node_modules/uuid/package.json", O_RDONLY|O_CLOEXEC) = -1 ENOENT (No such file or directory)
11847 openat(AT_FDCWD, "/home/runner/workspace/node_modules/.pnpm/gaxios@6.7.1/node_modules/uuid/package.json", O_RDONLY|O_CLOEXEC) = 17
11847 openat(AT_FDCWD, "/home/runner/workspace/node_modules/.pnpm/uuid@9.0.1/node_modules/uuid/package.json", O_RDONLY|O_CLOEXEC) = 17
11847 openat(AT_FDCWD, "/home/runner/workspace/node_modules/.pnpm/uuid@9.0.1/node_modules/uuid/dist/index.js", O_RDONLY|O_CLOEXEC) = 17
11847 openat(AT_FDCWD, "/home/runner/workspace/node_modules/.pnpm/uuid@9.0.1/node_modules/uuid/dist/v1.js", O_RDONLY|O_CLOEXEC) = 17
11847 openat(AT_FDCWD, "/home/runner/workspace/node_modules/.pnpm/uuid@9.0.1/node_modules/uuid/dist/rng.js", O_RDONLY|O_CLOEXEC) = 17
11847 openat(AT_FDCWD, "/home/runner/workspace/node_modules/.pnpm/uuid@9.0.1/node_modules/uuid/dist/stringify.js", O_RDONLY|O_CLOEXEC) = 17
11847 openat(AT_FDCWD, "/home/runner/workspace/node_modules/.pnpm/uuid@9.0.1/node_modules/uuid/dist/validate.js", O_RDONLY|O_CLOEXEC) = 17
11847 openat(AT_FDCWD, "/home/runner/workspace/node_modules/.pnpm/uuid@9.0.1/node_modules/uuid/dist/regex.js", O_RDONLY|O_CLOEXEC) = 17
11847 openat(AT_FDCWD, "/home/runner/workspace/node_modules/.pnpm/uuid@9.0.1/node_modules/uuid/dist/v3.js", O_RDONLY|O_CLOEXEC) = 17
11847 openat(AT_FDCWD, "/home/runner/workspace/node_modules/.pnpm/uuid@9.0.1/node_modules/uuid/dist/v35.js", O_RDONLY|O_CLOEXEC) = 17
11847 openat(AT_FDCWD, "/home/runner/workspace/node_modules/.pnpm/uuid@9.0.1/node_modules/uuid/dist/parse.js", O_RDONLY|O_CLOEXEC) = 17
11847 openat(AT_FDCWD, "/home/runner/workspace/node_modules/.pnpm/uuid@9.0.1/node_modules/uuid/dist/md5.js", O_RDONLY|O_CLOEXEC) = 17
11847 openat(AT_FDCWD, "/home/runner/workspace/node_modules/.pnpm/uuid@9.0.1/node_modules/uuid/dist/v4.js", O_RDONLY|O_CLOEXEC) = 17
11847 openat(AT_FDCWD, "/home/runner/workspace/node_modules/.pnpm/uuid@9.0.1/node_modules/uuid/dist/native.js", O_RDONLY|O_CLOEXEC) = 17
11847 openat(AT_FDCWD, "/home/runner/workspace/node_modules/.pnpm/uuid@9.0.1/node_modules/uuid/dist/v5.js", O_RDONLY|O_CLOEXEC) = 17
11847 openat(AT_FDCWD, "/home/runner/workspace/node_modules/.pnpm/uuid@9.0.1/node_modules/uuid/dist/sha1.js", O_RDONLY|O_CLOEXEC) = 17
11847 openat(AT_FDCWD, "/home/runner/workspace/node_modules/.pnpm/uuid@9.0.1/node_modules/uuid/dist/nil.js", O_RDONLY|O_CLOEXEC) = 17
11847 openat(AT_FDCWD, "/home/runner/workspace/node_modules/.pnpm/uuid@9.0.1/node_modules/uuid/dist/version.js", O_RDONLY|O_CLOEXEC) = 17
11847 openat(AT_FDCWD, "/home/runner/workspace/node_modules/.pnpm/gaxios@6.7.1/node_modules/gaxios/build/src/interceptor.js.map", O_RDONLY|O_CLOEXEC) = 17
11847 openat(AT_FDCWD, "/home/runner/workspace/node_modules/.pnpm/gcp-metadata@6.1.1/node_modules/json-bigint/package.json", O_RDONLY|O_CLOEXEC) = 17
11847 openat(AT_FDCWD, "/home/runner/workspace/node_modules/.pnpm/json-bigint@1.0.0/node_modules/json-bigint/package.json", O_RDONLY|O_CLOEXEC) = 17
11847 openat(AT_FDCWD, "/home/runner/workspace/node_modules/.pnpm/json-bigint@1.0.0/node_modules/json-bigint/index.js", O_RDONLY|O_CLOEXEC) = 17
11847 openat(AT_FDCWD, "/home/runner/workspace/node_modules/.pnpm/json-bigint@1.0.0/node_modules/json-bigint/lib/stringify.js", O_RDONLY|O_CLOEXEC) = 17
11847 openat(AT_FDCWD, "/home/runner/workspace/node_modules/.pnpm/json-bigint@1.0.0/node_modules/bignumber.js/package.json", O_RDONLY|O_CLOEXEC) = 17
11847 openat(AT_FDCWD, "/home/runner/workspace/node_modules/.pnpm/bignumber.js@9.3.1/node_modules/bignumber.js/package.json", O_RDONLY|O_CLOEXEC) = 17
11847 openat(AT_FDCWD, "/home/runner/workspace/node_modules/.pnpm/bignumber.js@9.3.1/node_modules/bignumber.js/bignumber.js", O_RDONLY|O_CLOEXEC) = 17
11847 openat(AT_FDCWD, "/home/runner/workspace/node_modules/.pnpm/json-bigint@1.0.0/node_modules/json-bigint/lib/parse.js", O_RDONLY|O_CLOEXEC) = 17
11847 openat(AT_FDCWD, "/home/runner/workspace/node_modules/.pnpm/gcp-metadata@6.1.1/node_modules/gcp-metadata/build/src/gcp-residency.js", O_RDONLY|O_CLOEXEC) = 17
11847 openat(AT_FDCWD, "/home/runner/workspace/node_modules/.pnpm/gcp-metadata@6.1.1/node_modules/gcp-metadata/build/src/gcp-residency.js.map", O_RDONLY|O_CLOEXEC) = 17
11847 openat(AT_FDCWD, "/home/runner/workspace/node_modules/.pnpm/gcp-metadata@6.1.1/node_modules/google-logging-utils/package.json", O_RDONLY|O_CLOEXEC) = 17
11847 openat(AT_FDCWD, "/home/runner/workspace/node_modules/.pnpm/google-logging-utils@0.0.2/node_modules/google-logging-utils/package.json", O_RDONLY|O_CLOEXEC) = 17
11847 openat(AT_FDCWD, "/home/runner/workspace/node_modules/.pnpm/google-logging-utils@0.0.2/node_modules/google-logging-utils/build/src/index.js", O_RDONLY|O_CLOEXEC) = 17
11847 openat(AT_FDCWD, "/home/runner/workspace/node_modules/.pnpm/google-logging-utils@0.0.2/node_modules/google-logging-utils/build/src/index.js.map", O_RDONLY|O_CLOEXEC) = 17
11847 openat(AT_FDCWD, "/home/runner/workspace/node_modules/.pnpm/google-logging-utils@0.0.2/node_modules/google-logging-utils/build/src/logging-utils.js", O_RDONLY|O_CLOEXEC) = 17
11847 openat(AT_FDCWD, "/home/runner/workspace/node_modules/.pnpm/google-logging-utils@0.0.2/node_modules/google-logging-utils/build/src/logging-utils.js.map", O_RDONLY|O_CLOEXEC) = 17
11847 openat(AT_FDCWD, "/home/runner/workspace/node_modules/.pnpm/google-logging-utils@0.0.2/node_modules/google-logging-utils/build/src/colours.js", O_RDONLY|O_CLOEXEC) = 17
11847 openat(AT_FDCWD, "/home/runner/workspace/node_modules/.pnpm/google-logging-utils@0.0.2/node_modules/google-logging-utils/build/src/colours.js.map", O_RDONLY|O_CLOEXEC) = 17
11847 openat(AT_FDCWD, "/home/runner/workspace/node_modules/.pnpm/google-auth-library@9.15.1/node_modules/google-auth-library/build/src/crypto/crypto.js", O_RDONLY|O_CLOEXEC) = 17
11847 openat(AT_FDCWD, "/home/runner/workspace/node_modules/.pnpm/google-auth-library@9.15.1/node_modules/google-auth-library/build/src/crypto/browser/crypto.js", O_RDONLY|O_CLOEXEC) = 17
11847 openat(AT_FDCWD, "/home/runner/workspace/node_modules/.pnpm/google-auth-library@9.15.1/node_modules/base64-js/package.json", O_RDONLY|O_CLOEXEC) = 17
11847 openat(AT_FDCWD, "/home/runner/workspace/node_modules/.pnpm/base64-js@1.5.1/node_modules/base64-js/package.json", O_RDONLY|O_CLOEXEC) = 17
11847 openat(AT_FDCWD, "/home/runner/workspace/node_modules/.pnpm/base64-js@1.5.1/node_modules/base64-js/index.js", O_RDONLY|O_CLOEXEC) = 17
11847 openat(AT_FDCWD, "/home/runner/workspace/node_modules/.pnpm/google-auth-library@9.15.1/node_modules/google-auth-library/build/src/crypto/node/crypto.js", O_RDONLY|O_CLOEXEC) = 17
11847 openat(AT_FDCWD, "/home/runner/workspace/node_modules/.pnpm/google-auth-library@9.15.1/node_modules/google-auth-library/build/src/transporters.js", O_RDONLY|O_CLOEXEC) = 17
11847 openat(AT_FDCWD, "/home/runner/workspace/node_modules/.pnpm/google-auth-library@9.15.1/node_modules/gaxios/package.json", O_RDONLY|O_CLOEXEC) = 17
11847 openat(AT_FDCWD, "/home/runner/workspace/node_modules/.pnpm/google-auth-library@9.15.1/node_modules/google-auth-library/build/src/options.js", O_RDONLY|O_CLOEXEC) = 17
11847 openat(AT_FDCWD, "/home/runner/workspace/node_modules/.pnpm/google-auth-library@9.15.1/node_modules/google-auth-library/package.json", O_RDONLY|O_CLOEXEC) = 17
11847 openat(AT_FDCWD, "/home/runner/workspace/node_modules/.pnpm/google-auth-library@9.15.1/node_modules/google-auth-library/build/src/auth/computeclient.js", O_RDONLY|O_CLOEXEC) = 17
11847 openat(AT_FDCWD, "/home/runner/workspace/node_modules/.pnpm/google-auth-library@9.15.1/node_modules/google-auth-library/build/src/auth/oauth2client.js", O_RDONLY|O_CLOEXEC) = 17
11847 openat(AT_FDCWD, "/home/runner/workspace/node_modules/.pnpm/google-auth-library@9.15.1/node_modules/ecdsa-sig-formatter/package.json", O_RDONLY|O_CLOEXEC) = 17
11847 openat(AT_FDCWD, "/home/runner/workspace/node_modules/.pnpm/ecdsa-sig-formatter@1.0.11/node_modules/ecdsa-sig-formatter/package.json", O_RDONLY|O_CLOEXEC) = 17
11847 openat(AT_FDCWD, "/home/runner/workspace/node_modules/.pnpm/ecdsa-sig-formatter@1.0.11/node_modules/ecdsa-sig-formatter/src/ecdsa-sig-formatter.js", O_RDONLY|O_CLOEXEC) = 17
11847 openat(AT_FDCWD, "/home/runner/workspace/node_modules/.pnpm/ecdsa-sig-formatter@1.0.11/node_modules/safe-buffer/package.json", O_RDONLY|O_CLOEXEC) = 17
11847 openat(AT_FDCWD, "/home/runner/workspace/node_modules/.pnpm/safe-buffer@5.2.1/node_modules/safe-buffer/package.json", O_RDONLY|O_CLOEXEC) = 17
11847 openat(AT_FDCWD, "/home/runner/workspace/node_modules/.pnpm/safe-buffer@5.2.1/node_modules/safe-buffer/index.js", O_RDONLY|O_CLOEXEC) = 17
11847 openat(AT_FDCWD, "/home/runner/workspace/node_modules/.pnpm/ecdsa-sig-formatter@1.0.11/node_modules/ecdsa-sig-formatter/src/param-bytes-for-alg.js", O_RDONLY|O_CLOEXEC) = 17
11847 openat(AT_FDCWD, "/home/runner/workspace/node_modules/.pnpm/google-auth-library@9.15.1/node_modules/google-auth-library/build/src/auth/authclient.js", O_RDONLY|O_CLOEXEC) = 17
11847 openat(AT_FDCWD, "/home/runner/workspace/node_modules/.pnpm/google-auth-library@9.15.1/node_modules/google-auth-library/build/src/util.js", O_RDONLY|O_CLOEXEC) = 17
11847 openat(AT_FDCWD, "/home/runner/workspace/node_modules/.pnpm/google-auth-library@9.15.1/node_modules/google-auth-library/build/src/auth/loginticket.js", O_RDONLY|O_CLOEXEC) = 17
11847 openat(AT_FDCWD, "/home/runner/workspace/node_modules/.pnpm/google-auth-library@9.15.1/node_modules/google-auth-library/build/src/auth/idtokenclient.js", O_RDONLY|O_CLOEXEC) = 17
11847 openat(AT_FDCWD, "/home/runner/workspace/node_modules/.pnpm/google-auth-library@9.15.1/node_modules/google-auth-library/build/src/auth/envDetect.js", O_RDONLY|O_CLOEXEC) = 17
11847 openat(AT_FDCWD, "/home/runner/workspace/node_modules/.pnpm/google-auth-library@9.15.1/node_modules/google-auth-library/build/src/auth/jwtclient.js", O_RDONLY|O_CLOEXEC) = 17
11847 openat(AT_FDCWD, "/home/runner/workspace/node_modules/.pnpm/google-auth-library@9.15.1/node_modules/gtoken/package.json", O_RDONLY|O_CLOEXEC) = 17
11847 openat(AT_FDCWD, "/home/runner/workspace/node_modules/.pnpm/gtoken@7.1.0/node_modules/gtoken/package.json", O_RDONLY|O_CLOEXEC) = 17
11847 openat(AT_FDCWD, "/home/runner/workspace/node_modules/.pnpm/gtoken@7.1.0/node_modules/gtoken/build/src/index.js", O_RDONLY|O_CLOEXEC) = 17
11847 openat(AT_FDCWD, "/home/runner/workspace/node_modules/.pnpm/gtoken@7.1.0/node_modules/gtoken/build/src/index.js.map", O_RDONLY|O_CLOEXEC) = -1 ENOENT (No such file or directory)
11847 openat(AT_FDCWD, "/home/runner/workspace/node_modules/.pnpm/gtoken@7.1.0/node_modules/gaxios/package.json", O_RDONLY|O_CLOEXEC) = 17
11847 openat(AT_FDCWD, "/home/runner/workspace/node_modules/.pnpm/gtoken@7.1.0/node_modules/jws/package.json", O_RDONLY|O_CLOEXEC) = 17
11847 openat(AT_FDCWD, "/home/runner/workspace/node_modules/.pnpm/jws@4.0.1/node_modules/jws/package.json", O_RDONLY|O_CLOEXEC) = 17
11847 openat(AT_FDCWD, "/home/runner/workspace/node_modules/.pnpm/jws@4.0.1/node_modules/jws/index.js", O_RDONLY|O_CLOEXEC) = 17
11847 openat(AT_FDCWD, "/home/runner/workspace/node_modules/.pnpm/jws@4.0.1/node_modules/jws/lib/sign-stream.js", O_RDONLY|O_CLOEXEC) = 17
11847 openat(AT_FDCWD, "/home/runner/workspace/node_modules/.pnpm/jws@4.0.1/node_modules/safe-buffer/package.json", O_RDONLY|O_CLOEXEC) = 17
11847 openat(AT_FDCWD, "/home/runner/workspace/node_modules/.pnpm/jws@4.0.1/node_modules/jws/lib/data-stream.js", O_RDONLY|O_CLOEXEC) = 17
11847 openat(AT_FDCWD, "/home/runner/workspace/node_modules/.pnpm/jws@4.0.1/node_modules/jwa/package.json", O_RDONLY|O_CLOEXEC) = 17
11847 openat(AT_FDCWD, "/home/runner/workspace/node_modules/.pnpm/jwa@2.0.1/node_modules/jwa/package.json", O_RDONLY|O_CLOEXEC) = 17
11847 openat(AT_FDCWD, "/home/runner/workspace/node_modules/.pnpm/jwa@2.0.1/node_modules/jwa/index.js", O_RDONLY|O_CLOEXEC) = 17
11847 openat(AT_FDCWD, "/home/runner/workspace/node_modules/.pnpm/jwa@2.0.1/node_modules/safe-buffer/package.json", O_RDONLY|O_CLOEXEC) = 17
11847 openat(AT_FDCWD, "/home/runner/workspace/node_modules/.pnpm/jwa@2.0.1/node_modules/ecdsa-sig-formatter/package.json", O_RDONLY|O_CLOEXEC) = 17
11847 openat(AT_FDCWD, "/home/runner/workspace/node_modules/.pnpm/jws@4.0.1/node_modules/jws/lib/tostring.js", O_RDONLY|O_CLOEXEC) = 17
11847 openat(AT_FDCWD, "/home/runner/workspace/node_modules/.pnpm/jws@4.0.1/node_modules/jws/lib/verify-stream.js", O_RDONLY|O_CLOEXEC) = 17
11847 openat(AT_FDCWD, "/home/runner/workspace/node_modules/.pnpm/google-auth-library@9.15.1/node_modules/google-auth-library/build/src/auth/jwtaccess.js", O_RDONLY|O_CLOEXEC) = 17
11847 openat(AT_FDCWD, "/home/runner/workspace/node_modules/.pnpm/google-auth-library@9.15.1/node_modules/jws/package.json", O_RDONLY|O_CLOEXEC) = 17
11847 openat(AT_FDCWD, "/home/runner/workspace/node_modules/.pnpm/google-auth-library@9.15.1/node_modules/google-auth-library/build/src/auth/refreshclient.js", O_RDONLY|O_CLOEXEC) = 17
11847 openat(AT_FDCWD, "/home/runner/workspace/node_modules/.pnpm/google-auth-library@9.15.1/node_modules/google-auth-library/build/src/auth/impersonated.js", O_RDONLY|O_CLOEXEC) = 17
11847 openat(AT_FDCWD, "/home/runner/workspace/node_modules/.pnpm/google-auth-library@9.15.1/node_modules/google-auth-library/build/src/auth/externalclient.js", O_RDONLY|O_CLOEXEC) = 17
11847 openat(AT_FDCWD, "/home/runner/workspace/node_modules/.pnpm/google-auth-library@9.15.1/node_modules/google-auth-library/build/src/auth/baseexternalclient.js", O_RDONLY|O_CLOEXEC) = 17
11847 openat(AT_FDCWD, "/home/runner/workspace/node_modules/.pnpm/google-auth-library@9.15.1/node_modules/google-auth-library/build/src/auth/stscredentials.js", O_RDONLY|O_CLOEXEC) = 17
11847 openat(AT_FDCWD, "/home/runner/workspace/node_modules/.pnpm/google-auth-library@9.15.1/node_modules/google-auth-library/build/src/auth/oauth2common.js", O_RDONLY|O_CLOEXEC) = 17
11847 openat(AT_FDCWD, "/home/runner/workspace/node_modules/.pnpm/google-auth-library@9.15.1/node_modules/google-auth-library/build/src/auth/identitypoolclient.js", O_RDONLY|O_CLOEXEC) = 17
11847 openat(AT_FDCWD, "/home/runner/workspace/node_modules/.pnpm/google-auth-library@9.15.1/node_modules/google-auth-library/build/src/auth/filesubjecttokensupplier.js", O_RDONLY|O_CLOEXEC) = 17
11847 openat(AT_FDCWD, "/home/runner/workspace/node_modules/.pnpm/google-auth-library@9.15.1/node_modules/google-auth-library/build/src/auth/urlsubjecttokensupplier.js", O_RDONLY|O_CLOEXEC) = 17
11847 openat(AT_FDCWD, "/home/runner/workspace/node_modules/.pnpm/google-auth-library@9.15.1/node_modules/google-auth-library/build/src/auth/awsclient.js", O_RDONLY|O_CLOEXEC) = 17
11847 openat(AT_FDCWD, "/home/runner/workspace/node_modules/.pnpm/google-auth-library@9.15.1/node_modules/google-auth-library/build/src/auth/awsrequestsigner.js", O_RDONLY|O_CLOEXEC) = 17
11847 openat(AT_FDCWD, "/home/runner/workspace/node_modules/.pnpm/google-auth-library@9.15.1/node_modules/google-auth-library/build/src/auth/defaultawssecuritycredentialssupplier.js", O_RDONLY|O_CLOEXEC) = 17
11847 openat(AT_FDCWD, "/home/runner/workspace/node_modules/.pnpm/google-auth-library@9.15.1/node_modules/google-auth-library/build/src/auth/pluggable-auth-client.js", O_RDONLY|O_CLOEXEC) = 17
11847 openat(AT_FDCWD, "/home/runner/workspace/node_modules/.pnpm/google-auth-library@9.15.1/node_modules/google-auth-library/build/src/auth/executable-response.js", O_RDONLY|O_CLOEXEC) = 17
11847 openat(AT_FDCWD, "/home/runner/workspace/node_modules/.pnpm/google-auth-library@9.15.1/node_modules/google-auth-library/build/src/auth/pluggable-auth-handler.js", O_RDONLY|O_CLOEXEC) = 17
11847 openat(AT_FDCWD, "/home/runner/workspace/node_modules/.pnpm/google-auth-library@9.15.1/node_modules/google-auth-library/build/src/auth/externalAccountAuthorizedUserClient.js", O_RDONLY|O_CLOEXEC) = 17
11847 openat(AT_FDCWD, "/home/runner/workspace/node_modules/.pnpm/google-auth-library@9.15.1/node_modules/google-auth-library/build/src/auth/iam.js", O_RDONLY|O_CLOEXEC) = 17
11847 openat(AT_FDCWD, "/home/runner/workspace/node_modules/.pnpm/google-auth-library@9.15.1/node_modules/google-auth-library/build/src/auth/downscopedclient.js", O_RDONLY|O_CLOEXEC) = 17
11847 openat(AT_FDCWD, "/home/runner/workspace/node_modules/.pnpm/google-auth-library@9.15.1/node_modules/google-auth-library/build/src/auth/passthrough.js", O_RDONLY|O_CLOEXEC) = 17
11847 openat(AT_FDCWD, "/home/runner/workspace/node_modules/.pnpm/@google-cloud+projectify@6.0.1/node_modules/@google-cloud/projectify/build/src/index.js.map", O_RDONLY|O_CLOEXEC) = -1 ENOENT (No such file or directory)
11847 openat(AT_FDCWD, "/sys/devices/system/cpu/cpu0/tsc_freq_khz", O_RDONLY|O_CLOEXEC) = -1 ENOENT (No such file or directory)
11847 openat(AT_FDCWD, "/home/runner/workspace/node_modules/.pnpm/retry-request@9.0.1/node_modules/extend/package.json", O_RDONLY|O_CLOEXEC) = 17
11847 openat(AT_FDCWD, "/home/runner/workspace/node_modules/.pnpm/teeny-request@11.0.1/node_modules/teeny-request/build/src/index.js.map", O_RDONLY|O_CLOEXEC) = 17
11847 openat(AT_FDCWD, "/home/runner/workspace/node_modules/.pnpm/teeny-request@11.0.1/node_modules/teeny-request/build/src/agents.js", O_RDONLY|O_CLOEXEC) = 17
11847 openat(AT_FDCWD, "/home/runner/workspace/node_modules/.pnpm/teeny-request@11.0.1/node_modules/teeny-request/build/src/agents.js.map", O_RDONLY|O_CLOEXEC) = 17
11847 openat(AT_FDCWD, "/home/runner/workspace/node_modules/.pnpm/teeny-request@11.0.1/node_modules/teeny-request/build/src/TeenyStatistics.js", O_RDONLY|O_CLOEXEC) = 17
11847 openat(AT_FDCWD, "/home/runner/workspace/node_modules/.pnpm/teeny-request@11.0.1/node_modules/teeny-request/build/src/TeenyStatistics.js.map", O_RDONLY|O_CLOEXEC) = 17
11847 openat(AT_FDCWD, "/home/runner/workspace/node_modules/.pnpm/teeny-request@11.0.1/node_modules/stream-events/package.json", O_RDONLY|O_CLOEXEC) = 17
11847 openat(AT_FDCWD, "/home/runner/workspace/node_modules/.pnpm/stream-events@1.0.5/node_modules/stream-events/package.json", O_RDONLY|O_CLOEXEC) = 17
11847 openat(AT_FDCWD, "/home/runner/workspace/node_modules/.pnpm/stream-events@1.0.5/node_modules/stream-events/index.js", O_RDONLY|O_CLOEXEC) = 17
11847 openat(AT_FDCWD, "/home/runner/workspace/node_modules/.pnpm/stream-events@1.0.5/node_modules/stubs/package.json", O_RDONLY|O_CLOEXEC) = 17
11847 openat(AT_FDCWD, "/home/runner/workspace/node_modules/.pnpm/stubs@3.0.0/node_modules/stubs/package.json", O_RDONLY|O_CLOEXEC) = 17
11847 openat(AT_FDCWD, "/home/runner/workspace/node_modules/.pnpm/stubs@3.0.0/node_modules/stubs/index.js", O_RDONLY|O_CLOEXEC) = 17
11847 openat(AT_FDCWD, "/home/runner/workspace/node_modules/.pnpm/duplexify@4.1.3/node_modules/readable-stream/package.json", O_RDONLY|O_CLOEXEC) = 17
11847 openat(AT_FDCWD, "/home/runner/workspace/node_modules/.pnpm/readable-stream@3.6.2/node_modules/readable-stream/package.json", O_RDONLY|O_CLOEXEC) = 17
11847 openat(AT_FDCWD, "/home/runner/workspace/node_modules/.pnpm/readable-stream@3.6.2/node_modules/readable-stream/readable.js", O_RDONLY|O_CLOEXEC) = 17
11847 openat(AT_FDCWD, "/home/runner/workspace/node_modules/.pnpm/readable-stream@3.6.2/node_modules/readable-stream/lib/_stream_readable.js", O_RDONLY|O_CLOEXEC) = 17
11847 openat(AT_FDCWD, "/home/runner/workspace/node_modules/.pnpm/readable-stream@3.6.2/node_modules/readable-stream/lib/internal/streams/stream.js", O_RDONLY|O_CLOEXEC) = 17
11847 openat(AT_FDCWD, "/home/runner/workspace/node_modules/.pnpm/readable-stream@3.6.2/node_modules/readable-stream/lib/internal/streams/buffer_list.js", O_RDONLY|O_CLOEXEC) = 17
11847 openat(AT_FDCWD, "/home/runner/workspace/node_modules/.pnpm/readable-stream@3.6.2/node_modules/readable-stream/lib/internal/streams/destroy.js", O_RDONLY|O_CLOEXEC) = 17
11847 openat(AT_FDCWD, "/home/runner/workspace/node_modules/.pnpm/readable-stream@3.6.2/node_modules/readable-stream/lib/internal/streams/state.js", O_RDONLY|O_CLOEXEC) = 17
11847 openat(AT_FDCWD, "/home/runner/workspace/node_modules/.pnpm/readable-stream@3.6.2/node_modules/readable-stream/errors.js", O_RDONLY|O_CLOEXEC) = 17
11847 openat(AT_FDCWD, "/home/runner/workspace/node_modules/.pnpm/readable-stream@3.6.2/node_modules/inherits/package.json", O_RDONLY|O_CLOEXEC) = 17
11847 openat(AT_FDCWD, "/home/runner/workspace/node_modules/.pnpm/inherits@2.0.4/node_modules/inherits/package.json", O_RDONLY|O_CLOEXEC) = 17
11847 openat(AT_FDCWD, "/home/runner/workspace/node_modules/.pnpm/inherits@2.0.4/node_modules/inherits/inherits.js", O_RDONLY|O_CLOEXEC) = 17
11847 openat(AT_FDCWD, "/home/runner/workspace/node_modules/.pnpm/readable-stream@3.6.2/node_modules/readable-stream/lib/_stream_writable.js", O_RDONLY|O_CLOEXEC) = 17
11847 openat(AT_FDCWD, "/home/runner/workspace/node_modules/.pnpm/readable-stream@3.6.2/node_modules/util-deprecate/package.json", O_RDONLY|O_CLOEXEC) = 17
11847 openat(AT_FDCWD, "/home/runner/workspace/node_modules/.pnpm/util-deprecate@1.0.2/node_modules/util-deprecate/package.json", O_RDONLY|O_CLOEXEC) = 17
11847 openat(AT_FDCWD, "/home/runner/workspace/node_modules/.pnpm/util-deprecate@1.0.2/node_modules/util-deprecate/node.js", O_RDONLY|O_CLOEXEC) = 17
11847 openat(AT_FDCWD, "/home/runner/workspace/node_modules/.pnpm/readable-stream@3.6.2/node_modules/readable-stream/lib/_stream_duplex.js", O_RDONLY|O_CLOEXEC) = 17
11847 openat(AT_FDCWD, "/home/runner/workspace/node_modules/.pnpm/readable-stream@3.6.2/node_modules/readable-stream/lib/_stream_transform.js", O_RDONLY|O_CLOEXEC) = 17
11847 openat(AT_FDCWD, "/home/runner/workspace/node_modules/.pnpm/readable-stream@3.6.2/node_modules/readable-stream/lib/_stream_passthrough.js", O_RDONLY|O_CLOEXEC) = 17
11847 openat(AT_FDCWD, "/home/runner/workspace/node_modules/.pnpm/readable-stream@3.6.2/node_modules/readable-stream/lib/internal/streams/end-of-stream.js", O_RDONLY|O_CLOEXEC) = 17
11847 openat(AT_FDCWD, "/home/runner/workspace/node_modules/.pnpm/readable-stream@3.6.2/node_modules/readable-stream/lib/internal/streams/pipeline.js", O_RDONLY|O_CLOEXEC) = 17
11847 openat(AT_FDCWD, "/home/runner/workspace/node_modules/.pnpm/duplexify@4.1.3/node_modules/end-of-stream/package.json", O_RDONLY|O_CLOEXEC) = 17
11847 openat(AT_FDCWD, "/home/runner/workspace/node_modules/.pnpm/end-of-stream@1.4.5/node_modules/end-of-stream/package.json", O_RDONLY|O_CLOEXEC) = 17
11847 openat(AT_FDCWD, "/home/runner/workspace/node_modules/.pnpm/end-of-stream@1.4.5/node_modules/end-of-stream/index.js", O_RDONLY|O_CLOEXEC) = 17
11847 openat(AT_FDCWD, "/home/runner/workspace/node_modules/.pnpm/end-of-stream@1.4.5/node_modules/once/package.json", O_RDONLY|O_CLOEXEC) = 17
11847 openat(AT_FDCWD, "/home/runner/workspace/node_modules/.pnpm/once@1.4.0/node_modules/once/package.json", O_RDONLY|O_CLOEXEC) = 17
11847 openat(AT_FDCWD, "/home/runner/workspace/node_modules/.pnpm/once@1.4.0/node_modules/once/once.js", O_RDONLY|O_CLOEXEC) = 17
11847 openat(AT_FDCWD, "/home/runner/workspace/node_modules/.pnpm/once@1.4.0/node_modules/wrappy/package.json", O_RDONLY|O_CLOEXEC) = 17
11847 openat(AT_FDCWD, "/home/runner/workspace/node_modules/.pnpm/wrappy@1.0.2/node_modules/wrappy/package.json", O_RDONLY|O_CLOEXEC) = 17
11847 openat(AT_FDCWD, "/home/runner/workspace/node_modules/.pnpm/wrappy@1.0.2/node_modules/wrappy/wrappy.js", O_RDONLY|O_CLOEXEC) = 17
11847 openat(AT_FDCWD, "/home/runner/workspace/node_modules/.pnpm/duplexify@4.1.3/node_modules/inherits/package.json", O_RDONLY|O_CLOEXEC) = 17
11847 openat(AT_FDCWD, "/home/runner/workspace/node_modules/.pnpm/duplexify@4.1.3/node_modules/stream-shift/package.json", O_RDONLY|O_CLOEXEC) = 17
11847 openat(AT_FDCWD, "/home/runner/workspace/node_modules/.pnpm/stream-shift@1.0.3/node_modules/stream-shift/package.json", O_RDONLY|O_CLOEXEC) = 17
11847 openat(AT_FDCWD, "/home/runner/workspace/node_modules/.pnpm/stream-shift@1.0.3/node_modules/stream-shift/index.js", O_RDONLY|O_CLOEXEC) = 17
11847 openat(AT_FDCWD, "/home/runner/workspace/node_modules/.pnpm/@google-cloud+storage@8.0.1/node_modules/@google-cloud/storage/package.json", O_RDONLY|O_CLOEXEC) = 17
11847 openat(AT_FDCWD, "/home/runner/workspace/node_modules/.pnpm/@google-cloud+promisify@6.0.1/node_modules/@google-cloud/promisify/build/src/index.js.map", O_RDONLY|O_CLOEXEC) = -1 ENOENT (No such file or directory)
11847 openat(AT_FDCWD, "/home/runner/workspace/node_modules/.pnpm/@google-cloud+paginator@7.0.1/node_modules/@google-cloud/paginator/build/src/index.js.map", O_RDONLY|O_CLOEXEC) = -1 ENOENT (No such file or directory)
11847 openat(AT_FDCWD, "/home/runner/workspace/node_modules/.pnpm/@google-cloud+paginator@7.0.1/node_modules/extend/package.json", O_RDONLY|O_CLOEXEC) = 17
11847 openat(AT_FDCWD, "/home/runner/workspace/node_modules/.pnpm/@google-cloud+paginator@7.0.1/node_modules/@google-cloud/paginator/build/src/resource-stream.js", O_RDONLY|O_CLOEXEC) = 17
11847 openat(AT_FDCWD, "/home/runner/workspace/node_modules/.pnpm/@google-cloud+paginator@7.0.1/node_modules/@google-cloud/paginator/build/src/resource-stream.js.map", O_RDONLY|O_CLOEXEC) = -1 ENOENT (No such file or directory)
11847 openat(AT_FDCWD, "/home/runner/workspace/node_modules/.pnpm/mime@3.0.0/node_modules/mime/Mime.js", O_RDONLY|O_CLOEXEC) = 17
11847 openat(AT_FDCWD, "/home/runner/workspace/node_modules/.pnpm/mime@3.0.0/node_modules/mime/types/standard.js", O_RDONLY|O_CLOEXEC) = 17
11847 openat(AT_FDCWD, "/home/runner/workspace/node_modules/.pnpm/mime@3.0.0/node_modules/mime/types/other.js", O_RDONLY|O_CLOEXEC) = 17
11847 openat(AT_FDCWD, "/home/runner/workspace/node_modules/.pnpm/p-limit@3.1.0/node_modules/yocto-queue/package.json", O_RDONLY|O_CLOEXEC) = 17
11847 openat(AT_FDCWD, "/home/runner/workspace/node_modules/.pnpm/yocto-queue@0.1.0/node_modules/yocto-queue/package.json", O_RDONLY|O_CLOEXEC) = 17
11847 openat(AT_FDCWD, "/home/runner/workspace/node_modules/.pnpm/yocto-queue@0.1.0/node_modules/yocto-queue/index.js", O_RDONLY|O_CLOEXEC) = 17
11847 openat(AT_FDCWD, "/home/runner/workspace/node_modules/.pnpm/async-retry@1.3.3/node_modules/retry/package.json", O_RDONLY|O_CLOEXEC) = 17
11847 openat(AT_FDCWD, "/home/runner/workspace/node_modules/.pnpm/retry@0.13.1/node_modules/retry/package.json", O_RDONLY|O_CLOEXEC) = 17
11847 openat(AT_FDCWD, "/home/runner/workspace/node_modules/.pnpm/retry@0.13.1/node_modules/retry/index.js", O_RDONLY|O_CLOEXEC) = 17
11847 openat(AT_FDCWD, "/home/runner/workspace/node_modules/.pnpm/retry@0.13.1/node_modules/retry/lib/retry.js", O_RDONLY|O_CLOEXEC) = 17
11847 openat(AT_FDCWD, "/home/runner/workspace/node_modules/.pnpm/retry@0.13.1/node_modules/retry/lib/retry_operation.js", O_RDONLY|O_CLOEXEC) = 17
11847 openat(AT_FDCWD, "/home/runner/workspace/node_modules/.pnpm/abort-controller@3.0.0/node_modules/abort-controller/dist/abort-controller.js.map", O_RDONLY|O_CLOEXEC) = 17
11847 openat(AT_FDCWD, "/home/runner/workspace/node_modules/.pnpm/abort-controller@3.0.0/node_modules/event-target-shim/package.json", O_RDONLY|O_CLOEXEC) = 17
11847 openat(AT_FDCWD, "/home/runner/workspace/node_modules/.pnpm/event-target-shim@5.0.1/node_modules/event-target-shim/package.json", O_RDONLY|O_CLOEXEC) = 17
11847 openat(AT_FDCWD, "/home/runner/workspace/node_modules/.pnpm/event-target-shim@5.0.1/node_modules/event-target-shim/dist/event-target-shim.js", O_RDONLY|O_CLOEXEC) = 17
11847 openat(AT_FDCWD, "/home/runner/workspace/node_modules/.pnpm/event-target-shim@5.0.1/node_modules/event-target-shim/dist/event-target-shim.js.map", O_RDONLY|O_CLOEXEC) = 17
11847 openat(AT_FDCWD, "/home/runner/workspace/artifacts/api-server/node_modules/supports-color/package.json", O_RDONLY|O_CLOEXEC) = -1 ENOENT (No such file or directory)
11847 openat(AT_FDCWD, "/home/runner/workspace/node_modules/supports-color/package.json", O_RDONLY|O_CLOEXEC) = -1 ENOENT (No such file or directory)
11847 openat(AT_FDCWD, "/etc/resolv.conf", O_RDONLY) = 17
11847 openat(AT_FDCWD, "/etc/nsswitch.conf", O_RDONLY) = 17
11847 openat(AT_FDCWD, "/etc/netsvc.conf", O_RDONLY) = -1 ENOENT (No such file or directory)
11847 openat(AT_FDCWD, "/etc/svc.conf", O_RDONLY) = -1 ENOENT (No such file or directory)
11847 openat(AT_FDCWD, "/etc/localtime", O_RDONLY|O_CLOEXEC) = 17
11881 openat(AT_FDCWD, "/proc/self/cgroup", O_RDONLY|O_CLOEXEC) = 21
11881 openat(AT_FDCWD, "/sys/fs/cgroup/user.slice/shell.slice/shellexec-A0WDCXN9YCZFNH2F6HZCI.scope/memory.max", O_RDONLY|O_CLOEXEC) = 21
11881 openat(AT_FDCWD, "/sys/fs/cgroup/user.slice/shell.slice/shellexec-A0WDCXN9YCZFNH2F6HZCI.scope/memory.high", O_RDONLY|O_CLOEXEC) = 21
11881 openat(AT_FDCWD, "/proc/meminfo", O_RDONLY|O_CLOEXEC) = 21
11881 openat(AT_FDCWD, "/proc/self/cgroup", O_RDONLY|O_CLOEXEC) = 21
11881 openat(AT_FDCWD, "/sys/fs/cgroup/user.slice/shell.slice/shellexec-A0WDCXN9YCZFNH2F6HZCI.scope/memory.max", O_RDONLY|O_CLOEXEC) = 21
11881 openat(AT_FDCWD, "/sys/fs/cgroup/user.slice/shell.slice/shellexec-A0WDCXN9YCZFNH2F6HZCI.scope/memory.high", O_RDONLY|O_CLOEXEC) = 21
11881 openat(AT_FDCWD, "/proc/meminfo", O_RDONLY|O_CLOEXEC) = 21
11847 openat(AT_FDCWD, "/dev/null", O_RDONLY|O_CLOEXEC) = 21
11881 openat(AT_FDCWD, "/proc/self/maps", O_RDONLY) = 23
11881 openat(AT_FDCWD, "/nix/store/9cyx2v23dip6p9q98384k9v06c96qskb-nodejs-24.13.0/bin/node", O_RDONLY) = 23
11881 openat(AT_FDCWD, "/home/runner/workspace/artifacts/api-server/dist-e3-apertura-20260922/thread-stream-worker.mjs", O_RDONLY|O_CLOEXEC) = 24
11881 openat(AT_FDCWD, "/home/runner/workspace/artifacts/api-server/dist-e3-apertura-20260922/thread-stream-worker.mjs.map", O_RDONLY|O_CLOEXEC) = 24
11881 openat(AT_FDCWD, "/home/runner/workspace/artifacts/api-server/dist-e3-apertura-20260922/pino-pretty.mjs", O_RDONLY|O_CLOEXEC) = 24
11881 openat(AT_FDCWD, "/home/runner/workspace/artifacts/api-server/dist-e3-apertura-20260922/pino-pretty.mjs.map", O_RDONLY|O_CLOEXEC) = 24
11847 --- SIGTERM {si_signo=SIGTERM, si_code=SI_USER, si_pid=11617, si_uid=1000} ---
11881 +++ exited with 0 +++
11877 +++ exited with 0 +++
11876 +++ exited with 0 +++
11878 +++ exited with 0 +++
11875 +++ exited with 0 +++
11874 +++ exited with 0 +++
11883 +++ exited with 0 +++
11884 +++ exited with 0 +++
11886 +++ exited with 0 +++
11885 +++ exited with 0 +++
11879 +++ exited with 0 +++
11847 +++ exited with 0 +++
