8025  openat(AT_FDCWD, "/nix/store/g8zyryr9cr6540xsyg4avqkwgxpnwj2a-glibc-2.40-66/lib/glibc-hwcaps/x86-64-v4/libdl.so.2", O_RDONLY|O_CLOEXEC) = -1 ENOENT (No such file or directory)
8025  openat(AT_FDCWD, "/nix/store/g8zyryr9cr6540xsyg4avqkwgxpnwj2a-glibc-2.40-66/lib/glibc-hwcaps/x86-64-v3/libdl.so.2", O_RDONLY|O_CLOEXEC) = -1 ENOENT (No such file or directory)
8025  openat(AT_FDCWD, "/nix/store/g8zyryr9cr6540xsyg4avqkwgxpnwj2a-glibc-2.40-66/lib/glibc-hwcaps/x86-64-v2/libdl.so.2", O_RDONLY|O_CLOEXEC) = -1 ENOENT (No such file or directory)
8025  openat(AT_FDCWD, "/nix/store/g8zyryr9cr6540xsyg4avqkwgxpnwj2a-glibc-2.40-66/lib/libdl.so.2", O_RDONLY|O_CLOEXEC) = 3
8025  openat(AT_FDCWD, "/nix/store/g8zyryr9cr6540xsyg4avqkwgxpnwj2a-glibc-2.40-66/lib/libc.so.6", O_RDONLY|O_CLOEXEC) = 3
8025  openat(AT_FDCWD, "/dev/tty", O_RDWR|O_NONBLOCK) = -1 ENXIO (No such device or address)
8025  openat(AT_FDCWD, "/run/current-system/sw/lib/locale/locale-archive", O_RDONLY|O_CLOEXEC) = -1 ENOENT (No such file or directory)
8025  openat(AT_FDCWD, "/usr/lib/locale/locale-archive", O_RDONLY|O_CLOEXEC) = 3
8025  openat(AT_FDCWD, "/nix/store/g8zyryr9cr6540xsyg4avqkwgxpnwj2a-glibc-2.40-66/share/locale/locale.alias", O_RDONLY|O_CLOEXEC) = 3
8025  openat(AT_FDCWD, "/nix/store/g8zyryr9cr6540xsyg4avqkwgxpnwj2a-glibc-2.40-66/lib/locale/C.UTF-8/LC_IDENTIFICATION", O_RDONLY|O_CLOEXEC) = -1 ENOENT (No such file or directory)
8025  openat(AT_FDCWD, "/nix/store/g8zyryr9cr6540xsyg4avqkwgxpnwj2a-glibc-2.40-66/lib/locale/C.utf8/LC_IDENTIFICATION", O_RDONLY|O_CLOEXEC) = 3
8025  openat(AT_FDCWD, "/nix/store/g8zyryr9cr6540xsyg4avqkwgxpnwj2a-glibc-2.40-66/lib/gconv/gconv-modules.cache", O_RDONLY|O_CLOEXEC) = -1 ENOENT (No such file or directory)
8025  openat(AT_FDCWD, "/nix/store/g8zyryr9cr6540xsyg4avqkwgxpnwj2a-glibc-2.40-66/lib/gconv/gconv-modules", O_RDONLY|O_CLOEXEC) = 3
8025  openat(AT_FDCWD, "/nix/store/g8zyryr9cr6540xsyg4avqkwgxpnwj2a-glibc-2.40-66/lib/gconv/gconv-modules.d", O_RDONLY|O_NONBLOCK|O_CLOEXEC|O_DIRECTORY) = 3
8025  openat(AT_FDCWD, "/nix/store/g8zyryr9cr6540xsyg4avqkwgxpnwj2a-glibc-2.40-66/lib/gconv/gconv-modules.d/gconv-modules-extra.conf", O_RDONLY|O_CLOEXEC) = 4
8025  openat(AT_FDCWD, "/nix/store/g8zyryr9cr6540xsyg4avqkwgxpnwj2a-glibc-2.40-66/lib/locale/C.UTF-8/LC_MEASUREMENT", O_RDONLY|O_CLOEXEC) = -1 ENOENT (No such file or directory)
8025  openat(AT_FDCWD, "/nix/store/g8zyryr9cr6540xsyg4avqkwgxpnwj2a-glibc-2.40-66/lib/locale/C.utf8/LC_MEASUREMENT", O_RDONLY|O_CLOEXEC) = 3
8025  openat(AT_FDCWD, "/nix/store/g8zyryr9cr6540xsyg4avqkwgxpnwj2a-glibc-2.40-66/lib/locale/C.UTF-8/LC_TELEPHONE", O_RDONLY|O_CLOEXEC) = -1 ENOENT (No such file or directory)
8025  openat(AT_FDCWD, "/nix/store/g8zyryr9cr6540xsyg4avqkwgxpnwj2a-glibc-2.40-66/lib/locale/C.utf8/LC_TELEPHONE", O_RDONLY|O_CLOEXEC) = 3
8025  openat(AT_FDCWD, "/nix/store/g8zyryr9cr6540xsyg4avqkwgxpnwj2a-glibc-2.40-66/lib/locale/C.UTF-8/LC_ADDRESS", O_RDONLY|O_CLOEXEC) = -1 ENOENT (No such file or directory)
8025  openat(AT_FDCWD, "/nix/store/g8zyryr9cr6540xsyg4avqkwgxpnwj2a-glibc-2.40-66/lib/locale/C.utf8/LC_ADDRESS", O_RDONLY|O_CLOEXEC) = 3
8025  openat(AT_FDCWD, "/nix/store/g8zyryr9cr6540xsyg4avqkwgxpnwj2a-glibc-2.40-66/lib/locale/C.UTF-8/LC_NAME", O_RDONLY|O_CLOEXEC) = -1 ENOENT (No such file or directory)
8025  openat(AT_FDCWD, "/nix/store/g8zyryr9cr6540xsyg4avqkwgxpnwj2a-glibc-2.40-66/lib/locale/C.utf8/LC_NAME", O_RDONLY|O_CLOEXEC) = 3
8025  openat(AT_FDCWD, "/nix/store/g8zyryr9cr6540xsyg4avqkwgxpnwj2a-glibc-2.40-66/lib/locale/C.UTF-8/LC_PAPER", O_RDONLY|O_CLOEXEC) = -1 ENOENT (No such file or directory)
8025  openat(AT_FDCWD, "/nix/store/g8zyryr9cr6540xsyg4avqkwgxpnwj2a-glibc-2.40-66/lib/locale/C.utf8/LC_PAPER", O_RDONLY|O_CLOEXEC) = 3
8025  openat(AT_FDCWD, "/nix/store/g8zyryr9cr6540xsyg4avqkwgxpnwj2a-glibc-2.40-66/lib/locale/C.UTF-8/LC_MESSAGES", O_RDONLY|O_CLOEXEC) = -1 ENOENT (No such file or directory)
8025  openat(AT_FDCWD, "/nix/store/g8zyryr9cr6540xsyg4avqkwgxpnwj2a-glibc-2.40-66/lib/locale/C.utf8/LC_MESSAGES", O_RDONLY|O_CLOEXEC) = 3
8025  openat(AT_FDCWD, "/nix/store/g8zyryr9cr6540xsyg4avqkwgxpnwj2a-glibc-2.40-66/lib/locale/C.utf8/LC_MESSAGES/SYS_LC_MESSAGES", O_RDONLY|O_CLOEXEC) = 3
8025  openat(AT_FDCWD, "/nix/store/g8zyryr9cr6540xsyg4avqkwgxpnwj2a-glibc-2.40-66/lib/locale/C.UTF-8/LC_MONETARY", O_RDONLY|O_CLOEXEC) = -1 ENOENT (No such file or directory)
8025  openat(AT_FDCWD, "/nix/store/g8zyryr9cr6540xsyg4avqkwgxpnwj2a-glibc-2.40-66/lib/locale/C.utf8/LC_MONETARY", O_RDONLY|O_CLOEXEC) = 3
8025  openat(AT_FDCWD, "/nix/store/g8zyryr9cr6540xsyg4avqkwgxpnwj2a-glibc-2.40-66/lib/locale/C.UTF-8/LC_COLLATE", O_RDONLY|O_CLOEXEC) = -1 ENOENT (No such file or directory)
8025  openat(AT_FDCWD, "/nix/store/g8zyryr9cr6540xsyg4avqkwgxpnwj2a-glibc-2.40-66/lib/locale/C.utf8/LC_COLLATE", O_RDONLY|O_CLOEXEC) = 3
8025  openat(AT_FDCWD, "/nix/store/g8zyryr9cr6540xsyg4avqkwgxpnwj2a-glibc-2.40-66/lib/locale/C.UTF-8/LC_TIME", O_RDONLY|O_CLOEXEC) = -1 ENOENT (No such file or directory)
8025  openat(AT_FDCWD, "/nix/store/g8zyryr9cr6540xsyg4avqkwgxpnwj2a-glibc-2.40-66/lib/locale/C.utf8/LC_TIME", O_RDONLY|O_CLOEXEC) = 3
8025  openat(AT_FDCWD, "/nix/store/g8zyryr9cr6540xsyg4avqkwgxpnwj2a-glibc-2.40-66/lib/locale/C.UTF-8/LC_NUMERIC", O_RDONLY|O_CLOEXEC) = -1 ENOENT (No such file or directory)
8025  openat(AT_FDCWD, "/nix/store/g8zyryr9cr6540xsyg4avqkwgxpnwj2a-glibc-2.40-66/lib/locale/C.utf8/LC_NUMERIC", O_RDONLY|O_CLOEXEC) = 3
8025  openat(AT_FDCWD, "/nix/store/g8zyryr9cr6540xsyg4avqkwgxpnwj2a-glibc-2.40-66/lib/locale/C.UTF-8/LC_CTYPE", O_RDONLY|O_CLOEXEC) = -1 ENOENT (No such file or directory)
8025  openat(AT_FDCWD, "/nix/store/g8zyryr9cr6540xsyg4avqkwgxpnwj2a-glibc-2.40-66/lib/locale/C.utf8/LC_CTYPE", O_RDONLY|O_CLOEXEC) = 3
8025  openat(AT_FDCWD, "/etc/nsswitch.conf", O_RDONLY|O_CLOEXEC) = 3
8025  openat(AT_FDCWD, "/etc/passwd", O_RDONLY|O_CLOEXEC) = 3
8025  openat(AT_FDCWD, "/nix/store/q5304dn6mmy9xhb7hy99mjnhkl5mhmn4-replit-runtime-path/bin/bash", O_RDONLY) = 3
8025  openat(AT_FDCWD, "/nix/store/yw7vb4hamv9mqgbgf7598zvis7k2spyx-ncurses-6.5/lib/glibc-hwcaps/x86-64-v4/libreadline.so.8", O_RDONLY|O_CLOEXEC) = -1 ENOENT (No such file or directory)
8025  openat(AT_FDCWD, "/nix/store/yw7vb4hamv9mqgbgf7598zvis7k2spyx-ncurses-6.5/lib/glibc-hwcaps/x86-64-v3/libreadline.so.8", O_RDONLY|O_CLOEXEC) = -1 ENOENT (No such file or directory)
8025  openat(AT_FDCWD, "/nix/store/yw7vb4hamv9mqgbgf7598zvis7k2spyx-ncurses-6.5/lib/glibc-hwcaps/x86-64-v2/libreadline.so.8", O_RDONLY|O_CLOEXEC) = -1 ENOENT (No such file or directory)
8025  openat(AT_FDCWD, "/nix/store/yw7vb4hamv9mqgbgf7598zvis7k2spyx-ncurses-6.5/lib/libreadline.so.8", O_RDONLY|O_CLOEXEC) = -1 ENOENT (No such file or directory)
8025  openat(AT_FDCWD, "/nix/store/891nfqhbkq47fa8sg0lml9c5ja3jqv26-readline-8.2p13/lib/glibc-hwcaps/x86-64-v4/libreadline.so.8", O_RDONLY|O_CLOEXEC) = -1 ENOENT (No such file or directory)
8025  openat(AT_FDCWD, "/nix/store/891nfqhbkq47fa8sg0lml9c5ja3jqv26-readline-8.2p13/lib/glibc-hwcaps/x86-64-v3/libreadline.so.8", O_RDONLY|O_CLOEXEC) = -1 ENOENT (No such file or directory)
8025  openat(AT_FDCWD, "/nix/store/891nfqhbkq47fa8sg0lml9c5ja3jqv26-readline-8.2p13/lib/glibc-hwcaps/x86-64-v2/libreadline.so.8", O_RDONLY|O_CLOEXEC) = -1 ENOENT (No such file or directory)
8025  openat(AT_FDCWD, "/nix/store/891nfqhbkq47fa8sg0lml9c5ja3jqv26-readline-8.2p13/lib/libreadline.so.8", O_RDONLY|O_CLOEXEC) = 3
8025  openat(AT_FDCWD, "/nix/store/yw7vb4hamv9mqgbgf7598zvis7k2spyx-ncurses-6.5/lib/libhistory.so.8", O_RDONLY|O_CLOEXEC) = -1 ENOENT (No such file or directory)
8025  openat(AT_FDCWD, "/nix/store/891nfqhbkq47fa8sg0lml9c5ja3jqv26-readline-8.2p13/lib/libhistory.so.8", O_RDONLY|O_CLOEXEC) = 3
8025  openat(AT_FDCWD, "/nix/store/yw7vb4hamv9mqgbgf7598zvis7k2spyx-ncurses-6.5/lib/libncursesw.so.6", O_RDONLY|O_CLOEXEC) = 3
8025  openat(AT_FDCWD, "/nix/store/yw7vb4hamv9mqgbgf7598zvis7k2spyx-ncurses-6.5/lib/libdl.so.2", O_RDONLY|O_CLOEXEC) = -1 ENOENT (No such file or directory)
8025  openat(AT_FDCWD, "/nix/store/891nfqhbkq47fa8sg0lml9c5ja3jqv26-readline-8.2p13/lib/libdl.so.2", O_RDONLY|O_CLOEXEC) = -1 ENOENT (No such file or directory)
8025  openat(AT_FDCWD, "/nix/store/g8zyryr9cr6540xsyg4avqkwgxpnwj2a-glibc-2.40-66/lib/glibc-hwcaps/x86-64-v4/libdl.so.2", O_RDONLY|O_CLOEXEC) = -1 ENOENT (No such file or directory)
8025  openat(AT_FDCWD, "/nix/store/g8zyryr9cr6540xsyg4avqkwgxpnwj2a-glibc-2.40-66/lib/glibc-hwcaps/x86-64-v3/libdl.so.2", O_RDONLY|O_CLOEXEC) = -1 ENOENT (No such file or directory)
8025  openat(AT_FDCWD, "/nix/store/g8zyryr9cr6540xsyg4avqkwgxpnwj2a-glibc-2.40-66/lib/glibc-hwcaps/x86-64-v2/libdl.so.2", O_RDONLY|O_CLOEXEC) = -1 ENOENT (No such file or directory)
8025  openat(AT_FDCWD, "/nix/store/g8zyryr9cr6540xsyg4avqkwgxpnwj2a-glibc-2.40-66/lib/libdl.so.2", O_RDONLY|O_CLOEXEC) = 3
8025  openat(AT_FDCWD, "/nix/store/yw7vb4hamv9mqgbgf7598zvis7k2spyx-ncurses-6.5/lib/libc.so.6", O_RDONLY|O_CLOEXEC) = -1 ENOENT (No such file or directory)
8025  openat(AT_FDCWD, "/nix/store/891nfqhbkq47fa8sg0lml9c5ja3jqv26-readline-8.2p13/lib/libc.so.6", O_RDONLY|O_CLOEXEC) = -1 ENOENT (No such file or directory)
8025  openat(AT_FDCWD, "/nix/store/g8zyryr9cr6540xsyg4avqkwgxpnwj2a-glibc-2.40-66/lib/libc.so.6", O_RDONLY|O_CLOEXEC) = 3
8025  openat(AT_FDCWD, "/dev/tty", O_RDWR|O_NONBLOCK) = -1 ENXIO (No such device or address)
8025  openat(AT_FDCWD, "/run/current-system/sw/lib/locale/locale-archive", O_RDONLY|O_CLOEXEC) = -1 ENOENT (No such file or directory)
8025  openat(AT_FDCWD, "/usr/lib/locale/locale-archive", O_RDONLY|O_CLOEXEC) = 3
8025  openat(AT_FDCWD, "/nix/store/g8zyryr9cr6540xsyg4avqkwgxpnwj2a-glibc-2.40-66/share/locale/locale.alias", O_RDONLY|O_CLOEXEC) = 3
8025  openat(AT_FDCWD, "/nix/store/g8zyryr9cr6540xsyg4avqkwgxpnwj2a-glibc-2.40-66/lib/locale/C.UTF-8/LC_IDENTIFICATION", O_RDONLY|O_CLOEXEC) = -1 ENOENT (No such file or directory)
8025  openat(AT_FDCWD, "/nix/store/g8zyryr9cr6540xsyg4avqkwgxpnwj2a-glibc-2.40-66/lib/locale/C.utf8/LC_IDENTIFICATION", O_RDONLY|O_CLOEXEC) = 3
8025  openat(AT_FDCWD, "/nix/store/g8zyryr9cr6540xsyg4avqkwgxpnwj2a-glibc-2.40-66/lib/gconv/gconv-modules.cache", O_RDONLY|O_CLOEXEC) = -1 ENOENT (No such file or directory)
8025  openat(AT_FDCWD, "/nix/store/g8zyryr9cr6540xsyg4avqkwgxpnwj2a-glibc-2.40-66/lib/gconv/gconv-modules", O_RDONLY|O_CLOEXEC) = 3
8025  openat(AT_FDCWD, "/nix/store/g8zyryr9cr6540xsyg4avqkwgxpnwj2a-glibc-2.40-66/lib/gconv/gconv-modules.d", O_RDONLY|O_NONBLOCK|O_CLOEXEC|O_DIRECTORY) = 3
8025  openat(AT_FDCWD, "/nix/store/g8zyryr9cr6540xsyg4avqkwgxpnwj2a-glibc-2.40-66/lib/gconv/gconv-modules.d/gconv-modules-extra.conf", O_RDONLY|O_CLOEXEC) = 4
8025  openat(AT_FDCWD, "/nix/store/g8zyryr9cr6540xsyg4avqkwgxpnwj2a-glibc-2.40-66/lib/locale/C.UTF-8/LC_MEASUREMENT", O_RDONLY|O_CLOEXEC) = -1 ENOENT (No such file or directory)
8025  openat(AT_FDCWD, "/nix/store/g8zyryr9cr6540xsyg4avqkwgxpnwj2a-glibc-2.40-66/lib/locale/C.utf8/LC_MEASUREMENT", O_RDONLY|O_CLOEXEC) = 3
8025  openat(AT_FDCWD, "/nix/store/g8zyryr9cr6540xsyg4avqkwgxpnwj2a-glibc-2.40-66/lib/locale/C.UTF-8/LC_TELEPHONE", O_RDONLY|O_CLOEXEC) = -1 ENOENT (No such file or directory)
8025  openat(AT_FDCWD, "/nix/store/g8zyryr9cr6540xsyg4avqkwgxpnwj2a-glibc-2.40-66/lib/locale/C.utf8/LC_TELEPHONE", O_RDONLY|O_CLOEXEC) = 3
8025  openat(AT_FDCWD, "/nix/store/g8zyryr9cr6540xsyg4avqkwgxpnwj2a-glibc-2.40-66/lib/locale/C.UTF-8/LC_ADDRESS", O_RDONLY|O_CLOEXEC) = -1 ENOENT (No such file or directory)
8025  openat(AT_FDCWD, "/nix/store/g8zyryr9cr6540xsyg4avqkwgxpnwj2a-glibc-2.40-66/lib/locale/C.utf8/LC_ADDRESS", O_RDONLY|O_CLOEXEC) = 3
8025  openat(AT_FDCWD, "/nix/store/g8zyryr9cr6540xsyg4avqkwgxpnwj2a-glibc-2.40-66/lib/locale/C.UTF-8/LC_NAME", O_RDONLY|O_CLOEXEC) = -1 ENOENT (No such file or directory)
8025  openat(AT_FDCWD, "/nix/store/g8zyryr9cr6540xsyg4avqkwgxpnwj2a-glibc-2.40-66/lib/locale/C.utf8/LC_NAME", O_RDONLY|O_CLOEXEC) = 3
8025  openat(AT_FDCWD, "/nix/store/g8zyryr9cr6540xsyg4avqkwgxpnwj2a-glibc-2.40-66/lib/locale/C.UTF-8/LC_PAPER", O_RDONLY|O_CLOEXEC) = -1 ENOENT (No such file or directory)
8025  openat(AT_FDCWD, "/nix/store/g8zyryr9cr6540xsyg4avqkwgxpnwj2a-glibc-2.40-66/lib/locale/C.utf8/LC_PAPER", O_RDONLY|O_CLOEXEC) = 3
8025  openat(AT_FDCWD, "/nix/store/g8zyryr9cr6540xsyg4avqkwgxpnwj2a-glibc-2.40-66/lib/locale/C.UTF-8/LC_MESSAGES", O_RDONLY|O_CLOEXEC) = -1 ENOENT (No such file or directory)
8025  openat(AT_FDCWD, "/nix/store/g8zyryr9cr6540xsyg4avqkwgxpnwj2a-glibc-2.40-66/lib/locale/C.utf8/LC_MESSAGES", O_RDONLY|O_CLOEXEC) = 3
8025  openat(AT_FDCWD, "/nix/store/g8zyryr9cr6540xsyg4avqkwgxpnwj2a-glibc-2.40-66/lib/locale/C.utf8/LC_MESSAGES/SYS_LC_MESSAGES", O_RDONLY|O_CLOEXEC) = 3
8025  openat(AT_FDCWD, "/nix/store/g8zyryr9cr6540xsyg4avqkwgxpnwj2a-glibc-2.40-66/lib/locale/C.UTF-8/LC_MONETARY", O_RDONLY|O_CLOEXEC) = -1 ENOENT (No such file or directory)
8025  openat(AT_FDCWD, "/nix/store/g8zyryr9cr6540xsyg4avqkwgxpnwj2a-glibc-2.40-66/lib/locale/C.utf8/LC_MONETARY", O_RDONLY|O_CLOEXEC) = 3
8025  openat(AT_FDCWD, "/nix/store/g8zyryr9cr6540xsyg4avqkwgxpnwj2a-glibc-2.40-66/lib/locale/C.UTF-8/LC_COLLATE", O_RDONLY|O_CLOEXEC) = -1 ENOENT (No such file or directory)
8025  openat(AT_FDCWD, "/nix/store/g8zyryr9cr6540xsyg4avqkwgxpnwj2a-glibc-2.40-66/lib/locale/C.utf8/LC_COLLATE", O_RDONLY|O_CLOEXEC) = 3
8025  openat(AT_FDCWD, "/nix/store/g8zyryr9cr6540xsyg4avqkwgxpnwj2a-glibc-2.40-66/lib/locale/C.UTF-8/LC_TIME", O_RDONLY|O_CLOEXEC) = -1 ENOENT (No such file or directory)
8025  openat(AT_FDCWD, "/nix/store/g8zyryr9cr6540xsyg4avqkwgxpnwj2a-glibc-2.40-66/lib/locale/C.utf8/LC_TIME", O_RDONLY|O_CLOEXEC) = 3
8025  openat(AT_FDCWD, "/nix/store/g8zyryr9cr6540xsyg4avqkwgxpnwj2a-glibc-2.40-66/lib/locale/C.UTF-8/LC_NUMERIC", O_RDONLY|O_CLOEXEC) = -1 ENOENT (No such file or directory)
8025  openat(AT_FDCWD, "/nix/store/g8zyryr9cr6540xsyg4avqkwgxpnwj2a-glibc-2.40-66/lib/locale/C.utf8/LC_NUMERIC", O_RDONLY|O_CLOEXEC) = 3
8025  openat(AT_FDCWD, "/nix/store/g8zyryr9cr6540xsyg4avqkwgxpnwj2a-glibc-2.40-66/lib/locale/C.UTF-8/LC_CTYPE", O_RDONLY|O_CLOEXEC) = -1 ENOENT (No such file or directory)
8025  openat(AT_FDCWD, "/nix/store/g8zyryr9cr6540xsyg4avqkwgxpnwj2a-glibc-2.40-66/lib/locale/C.utf8/LC_CTYPE", O_RDONLY|O_CLOEXEC) = 3
8025  openat(AT_FDCWD, "/etc/nsswitch.conf", O_RDONLY|O_CLOEXEC) = 3
8025  openat(AT_FDCWD, "/etc/passwd", O_RDONLY|O_CLOEXEC) = 3
8025  openat(AT_FDCWD, "reports/e3-paquete-liberacion-preparado-20260922/api-start-audit.sh", O_RDONLY) = 3
8027  openat(AT_FDCWD, "/nix/store/8smmj5gbhnnqaf28qxak4xv57ccgm96p-acl-2.3.2/lib/glibc-hwcaps/x86-64-v4/libacl.so.1", O_RDONLY|O_CLOEXEC) = -1 ENOENT (No such file or directory)
8027  openat(AT_FDCWD, "/nix/store/8smmj5gbhnnqaf28qxak4xv57ccgm96p-acl-2.3.2/lib/glibc-hwcaps/x86-64-v3/libacl.so.1", O_RDONLY|O_CLOEXEC <unfinished ...>
8028  openat(AT_FDCWD, "/nix/store/8smmj5gbhnnqaf28qxak4xv57ccgm96p-acl-2.3.2/lib/glibc-hwcaps/x86-64-v4/libacl.so.1", O_RDONLY|O_CLOEXEC <unfinished ...>
8027  <... openat resumed>)             = -1 ENOENT (No such file or directory)
8028  <... openat resumed>)             = -1 ENOENT (No such file or directory)
8027  openat(AT_FDCWD, "/nix/store/8smmj5gbhnnqaf28qxak4xv57ccgm96p-acl-2.3.2/lib/glibc-hwcaps/x86-64-v2/libacl.so.1", O_RDONLY|O_CLOEXEC <unfinished ...>
8028  openat(AT_FDCWD, "/nix/store/8smmj5gbhnnqaf28qxak4xv57ccgm96p-acl-2.3.2/lib/glibc-hwcaps/x86-64-v3/libacl.so.1", O_RDONLY|O_CLOEXEC <unfinished ...>
8027  <... openat resumed>)             = -1 ENOENT (No such file or directory)
8028  <... openat resumed>)             = -1 ENOENT (No such file or directory)
8027  openat(AT_FDCWD, "/nix/store/8smmj5gbhnnqaf28qxak4xv57ccgm96p-acl-2.3.2/lib/libacl.so.1", O_RDONLY|O_CLOEXEC <unfinished ...>
8028  openat(AT_FDCWD, "/nix/store/8smmj5gbhnnqaf28qxak4xv57ccgm96p-acl-2.3.2/lib/glibc-hwcaps/x86-64-v2/libacl.so.1", O_RDONLY|O_CLOEXEC) = -1 ENOENT (No such file or directory)
8027  <... openat resumed>)             = 3
8028  openat(AT_FDCWD, "/nix/store/8smmj5gbhnnqaf28qxak4xv57ccgm96p-acl-2.3.2/lib/libacl.so.1", O_RDONLY|O_CLOEXEC) = 3
8028  openat(AT_FDCWD, "/nix/store/8smmj5gbhnnqaf28qxak4xv57ccgm96p-acl-2.3.2/lib/libattr.so.1", O_RDONLY|O_CLOEXEC <unfinished ...>
8027  openat(AT_FDCWD, "/nix/store/8smmj5gbhnnqaf28qxak4xv57ccgm96p-acl-2.3.2/lib/libattr.so.1", O_RDONLY|O_CLOEXEC <unfinished ...>
8028  <... openat resumed>)             = -1 ENOENT (No such file or directory)
8027  <... openat resumed>)             = -1 ENOENT (No such file or directory)
8028  openat(AT_FDCWD, "/nix/store/ik62z14lxr205b5gzfh4cjcla6gh9l6z-attr-2.5.2/lib/glibc-hwcaps/x86-64-v4/libattr.so.1", O_RDONLY|O_CLOEXEC <unfinished ...>
8027  openat(AT_FDCWD, "/nix/store/ik62z14lxr205b5gzfh4cjcla6gh9l6z-attr-2.5.2/lib/glibc-hwcaps/x86-64-v4/libattr.so.1", O_RDONLY|O_CLOEXEC <unfinished ...>
8028  <... openat resumed>)             = -1 ENOENT (No such file or directory)
8027  <... openat resumed>)             = -1 ENOENT (No such file or directory)
8028  openat(AT_FDCWD, "/nix/store/ik62z14lxr205b5gzfh4cjcla6gh9l6z-attr-2.5.2/lib/glibc-hwcaps/x86-64-v3/libattr.so.1", O_RDONLY|O_CLOEXEC <unfinished ...>
8027  openat(AT_FDCWD, "/nix/store/ik62z14lxr205b5gzfh4cjcla6gh9l6z-attr-2.5.2/lib/glibc-hwcaps/x86-64-v3/libattr.so.1", O_RDONLY|O_CLOEXEC <unfinished ...>
8028  <... openat resumed>)             = -1 ENOENT (No such file or directory)
8027  <... openat resumed>)             = -1 ENOENT (No such file or directory)
8028  openat(AT_FDCWD, "/nix/store/ik62z14lxr205b5gzfh4cjcla6gh9l6z-attr-2.5.2/lib/glibc-hwcaps/x86-64-v2/libattr.so.1", O_RDONLY|O_CLOEXEC <unfinished ...>
8027  openat(AT_FDCWD, "/nix/store/ik62z14lxr205b5gzfh4cjcla6gh9l6z-attr-2.5.2/lib/glibc-hwcaps/x86-64-v2/libattr.so.1", O_RDONLY|O_CLOEXEC <unfinished ...>
8028  <... openat resumed>)             = -1 ENOENT (No such file or directory)
8027  <... openat resumed>)             = -1 ENOENT (No such file or directory)
8028  openat(AT_FDCWD, "/nix/store/ik62z14lxr205b5gzfh4cjcla6gh9l6z-attr-2.5.2/lib/libattr.so.1", O_RDONLY|O_CLOEXEC <unfinished ...>
8027  openat(AT_FDCWD, "/nix/store/ik62z14lxr205b5gzfh4cjcla6gh9l6z-attr-2.5.2/lib/libattr.so.1", O_RDONLY|O_CLOEXEC <unfinished ...>
8028  <... openat resumed>)             = 3
8027  <... openat resumed>)             = 3
8028  openat(AT_FDCWD, "/nix/store/8smmj5gbhnnqaf28qxak4xv57ccgm96p-acl-2.3.2/lib/libgmp.so.10", O_RDONLY|O_CLOEXEC) = -1 ENOENT (No such file or directory)
8028  openat(AT_FDCWD, "/nix/store/ik62z14lxr205b5gzfh4cjcla6gh9l6z-attr-2.5.2/lib/libgmp.so.10", O_RDONLY|O_CLOEXEC) = -1 ENOENT (No such file or directory)
8028  openat(AT_FDCWD, "/nix/store/x477rxqxm6cgsz0s8w05zkp1xl3ssp92-gmp-with-cxx-6.3.0/lib/glibc-hwcaps/x86-64-v4/libgmp.so.10", O_RDONLY|O_CLOEXEC) = -1 ENOENT (No such file or directory)
8027  openat(AT_FDCWD, "/nix/store/8smmj5gbhnnqaf28qxak4xv57ccgm96p-acl-2.3.2/lib/libgmp.so.10", O_RDONLY|O_CLOEXEC) = -1 ENOENT (No such file or directory)
8028  openat(AT_FDCWD, "/nix/store/x477rxqxm6cgsz0s8w05zkp1xl3ssp92-gmp-with-cxx-6.3.0/lib/glibc-hwcaps/x86-64-v3/libgmp.so.10", O_RDONLY|O_CLOEXEC <unfinished ...>
8027  openat(AT_FDCWD, "/nix/store/ik62z14lxr205b5gzfh4cjcla6gh9l6z-attr-2.5.2/lib/libgmp.so.10", O_RDONLY|O_CLOEXEC <unfinished ...>
8028  <... openat resumed>)             = -1 ENOENT (No such file or directory)
8027  <... openat resumed>)             = -1 ENOENT (No such file or directory)
8027  openat(AT_FDCWD, "/nix/store/x477rxqxm6cgsz0s8w05zkp1xl3ssp92-gmp-with-cxx-6.3.0/lib/glibc-hwcaps/x86-64-v4/libgmp.so.10", O_RDONLY|O_CLOEXEC) = -1 ENOENT (No such file or directory)
8028  openat(AT_FDCWD, "/nix/store/x477rxqxm6cgsz0s8w05zkp1xl3ssp92-gmp-with-cxx-6.3.0/lib/glibc-hwcaps/x86-64-v2/libgmp.so.10", O_RDONLY|O_CLOEXEC) = -1 ENOENT (No such file or directory)
8027  openat(AT_FDCWD, "/nix/store/x477rxqxm6cgsz0s8w05zkp1xl3ssp92-gmp-with-cxx-6.3.0/lib/glibc-hwcaps/x86-64-v3/libgmp.so.10", O_RDONLY|O_CLOEXEC) = -1 ENOENT (No such file or directory)
8028  openat(AT_FDCWD, "/nix/store/x477rxqxm6cgsz0s8w05zkp1xl3ssp92-gmp-with-cxx-6.3.0/lib/libgmp.so.10", O_RDONLY|O_CLOEXEC) = 3
8027  openat(AT_FDCWD, "/nix/store/x477rxqxm6cgsz0s8w05zkp1xl3ssp92-gmp-with-cxx-6.3.0/lib/glibc-hwcaps/x86-64-v2/libgmp.so.10", O_RDONLY|O_CLOEXEC) = -1 ENOENT (No such file or directory)
8027  openat(AT_FDCWD, "/nix/store/x477rxqxm6cgsz0s8w05zkp1xl3ssp92-gmp-with-cxx-6.3.0/lib/libgmp.so.10", O_RDONLY|O_CLOEXEC) = 3
8028  openat(AT_FDCWD, "/nix/store/8smmj5gbhnnqaf28qxak4xv57ccgm96p-acl-2.3.2/lib/libc.so.6", O_RDONLY|O_CLOEXEC) = -1 ENOENT (No such file or directory)
8028  openat(AT_FDCWD, "/nix/store/ik62z14lxr205b5gzfh4cjcla6gh9l6z-attr-2.5.2/lib/libc.so.6", O_RDONLY|O_CLOEXEC) = -1 ENOENT (No such file or directory)
8028  openat(AT_FDCWD, "/nix/store/x477rxqxm6cgsz0s8w05zkp1xl3ssp92-gmp-with-cxx-6.3.0/lib/libc.so.6", O_RDONLY|O_CLOEXEC) = -1 ENOENT (No such file or directory)
8028  openat(AT_FDCWD, "/nix/store/g8zyryr9cr6540xsyg4avqkwgxpnwj2a-glibc-2.40-66/lib/glibc-hwcaps/x86-64-v4/libc.so.6", O_RDONLY|O_CLOEXEC) = -1 ENOENT (No such file or directory)
8027  openat(AT_FDCWD, "/nix/store/8smmj5gbhnnqaf28qxak4xv57ccgm96p-acl-2.3.2/lib/libc.so.6", O_RDONLY|O_CLOEXEC) = -1 ENOENT (No such file or directory)
8028  openat(AT_FDCWD, "/nix/store/g8zyryr9cr6540xsyg4avqkwgxpnwj2a-glibc-2.40-66/lib/glibc-hwcaps/x86-64-v3/libc.so.6", O_RDONLY|O_CLOEXEC <unfinished ...>
8027  openat(AT_FDCWD, "/nix/store/ik62z14lxr205b5gzfh4cjcla6gh9l6z-attr-2.5.2/lib/libc.so.6", O_RDONLY|O_CLOEXEC <unfinished ...>
8028  <... openat resumed>)             = -1 ENOENT (No such file or directory)
8027  <... openat resumed>)             = -1 ENOENT (No such file or directory)
8027  openat(AT_FDCWD, "/nix/store/x477rxqxm6cgsz0s8w05zkp1xl3ssp92-gmp-with-cxx-6.3.0/lib/libc.so.6", O_RDONLY|O_CLOEXEC) = -1 ENOENT (No such file or directory)
8028  openat(AT_FDCWD, "/nix/store/g8zyryr9cr6540xsyg4avqkwgxpnwj2a-glibc-2.40-66/lib/glibc-hwcaps/x86-64-v2/libc.so.6", O_RDONLY|O_CLOEXEC <unfinished ...>
8027  openat(AT_FDCWD, "/nix/store/g8zyryr9cr6540xsyg4avqkwgxpnwj2a-glibc-2.40-66/lib/glibc-hwcaps/x86-64-v4/libc.so.6", O_RDONLY|O_CLOEXEC <unfinished ...>
8028  <... openat resumed>)             = -1 ENOENT (No such file or directory)
8027  <... openat resumed>)             = -1 ENOENT (No such file or directory)
8028  openat(AT_FDCWD, "/nix/store/g8zyryr9cr6540xsyg4avqkwgxpnwj2a-glibc-2.40-66/lib/libc.so.6", O_RDONLY|O_CLOEXEC <unfinished ...>
8027  openat(AT_FDCWD, "/nix/store/g8zyryr9cr6540xsyg4avqkwgxpnwj2a-glibc-2.40-66/lib/glibc-hwcaps/x86-64-v3/libc.so.6", O_RDONLY|O_CLOEXEC <unfinished ...>
8028  <... openat resumed>)             = 3
8027  <... openat resumed>)             = -1 ENOENT (No such file or directory)
8027  openat(AT_FDCWD, "/nix/store/g8zyryr9cr6540xsyg4avqkwgxpnwj2a-glibc-2.40-66/lib/glibc-hwcaps/x86-64-v2/libc.so.6", O_RDONLY|O_CLOEXEC) = -1 ENOENT (No such file or directory)
8027  openat(AT_FDCWD, "/nix/store/g8zyryr9cr6540xsyg4avqkwgxpnwj2a-glibc-2.40-66/lib/libc.so.6", O_RDONLY|O_CLOEXEC) = 3
8028  openat(AT_FDCWD, "/run/current-system/sw/lib/locale/locale-archive", O_RDONLY|O_CLOEXEC) = -1 ENOENT (No such file or directory)
8028  openat(AT_FDCWD, "/usr/lib/locale/locale-archive", O_RDONLY|O_CLOEXEC) = 3
8028  openat(AT_FDCWD, "/nix/store/g8zyryr9cr6540xsyg4avqkwgxpnwj2a-glibc-2.40-66/share/locale/locale.alias", O_RDONLY|O_CLOEXEC) = 3
8027  openat(AT_FDCWD, "/run/current-system/sw/lib/locale/locale-archive", O_RDONLY|O_CLOEXEC) = -1 ENOENT (No such file or directory)
8027  openat(AT_FDCWD, "/usr/lib/locale/locale-archive", O_RDONLY|O_CLOEXEC) = 3
8028  openat(AT_FDCWD, "/nix/store/g8zyryr9cr6540xsyg4avqkwgxpnwj2a-glibc-2.40-66/lib/locale/C.UTF-8/LC_IDENTIFICATION", O_RDONLY|O_CLOEXEC) = -1 ENOENT (No such file or directory)
8028  openat(AT_FDCWD, "/nix/store/g8zyryr9cr6540xsyg4avqkwgxpnwj2a-glibc-2.40-66/lib/locale/C.utf8/LC_IDENTIFICATION", O_RDONLY|O_CLOEXEC) = 3
8027  openat(AT_FDCWD, "/nix/store/g8zyryr9cr6540xsyg4avqkwgxpnwj2a-glibc-2.40-66/share/locale/locale.alias", O_RDONLY|O_CLOEXEC) = 3
8028  openat(AT_FDCWD, "/nix/store/g8zyryr9cr6540xsyg4avqkwgxpnwj2a-glibc-2.40-66/lib/gconv/gconv-modules.cache", O_RDONLY|O_CLOEXEC) = -1 ENOENT (No such file or directory)
8028  openat(AT_FDCWD, "/nix/store/g8zyryr9cr6540xsyg4avqkwgxpnwj2a-glibc-2.40-66/lib/gconv/gconv-modules", O_RDONLY|O_CLOEXEC) = 3
8027  openat(AT_FDCWD, "/nix/store/g8zyryr9cr6540xsyg4avqkwgxpnwj2a-glibc-2.40-66/lib/locale/C.UTF-8/LC_IDENTIFICATION", O_RDONLY|O_CLOEXEC) = -1 ENOENT (No such file or directory)
8027  openat(AT_FDCWD, "/nix/store/g8zyryr9cr6540xsyg4avqkwgxpnwj2a-glibc-2.40-66/lib/locale/C.utf8/LC_IDENTIFICATION", O_RDONLY|O_CLOEXEC) = 3
8028  openat(AT_FDCWD, "/nix/store/g8zyryr9cr6540xsyg4avqkwgxpnwj2a-glibc-2.40-66/lib/gconv/gconv-modules.d", O_RDONLY|O_NONBLOCK|O_CLOEXEC|O_DIRECTORY) = 3
8028  openat(AT_FDCWD, "/nix/store/g8zyryr9cr6540xsyg4avqkwgxpnwj2a-glibc-2.40-66/lib/gconv/gconv-modules.d/gconv-modules-extra.conf", O_RDONLY|O_CLOEXEC) = 4
8027  openat(AT_FDCWD, "/nix/store/g8zyryr9cr6540xsyg4avqkwgxpnwj2a-glibc-2.40-66/lib/gconv/gconv-modules.cache", O_RDONLY|O_CLOEXEC) = -1 ENOENT (No such file or directory)
8027  openat(AT_FDCWD, "/nix/store/g8zyryr9cr6540xsyg4avqkwgxpnwj2a-glibc-2.40-66/lib/gconv/gconv-modules", O_RDONLY|O_CLOEXEC) = 3
8027  openat(AT_FDCWD, "/nix/store/g8zyryr9cr6540xsyg4avqkwgxpnwj2a-glibc-2.40-66/lib/gconv/gconv-modules.d", O_RDONLY|O_NONBLOCK|O_CLOEXEC|O_DIRECTORY) = 3
8027  openat(AT_FDCWD, "/nix/store/g8zyryr9cr6540xsyg4avqkwgxpnwj2a-glibc-2.40-66/lib/gconv/gconv-modules.d/gconv-modules-extra.conf", O_RDONLY|O_CLOEXEC) = 4
8028  openat(AT_FDCWD, "/nix/store/g8zyryr9cr6540xsyg4avqkwgxpnwj2a-glibc-2.40-66/lib/locale/C.UTF-8/LC_MEASUREMENT", O_RDONLY|O_CLOEXEC) = -1 ENOENT (No such file or directory)
8028  openat(AT_FDCWD, "/nix/store/g8zyryr9cr6540xsyg4avqkwgxpnwj2a-glibc-2.40-66/lib/locale/C.utf8/LC_MEASUREMENT", O_RDONLY|O_CLOEXEC) = 3
8028  openat(AT_FDCWD, "/nix/store/g8zyryr9cr6540xsyg4avqkwgxpnwj2a-glibc-2.40-66/lib/locale/C.UTF-8/LC_TELEPHONE", O_RDONLY|O_CLOEXEC) = -1 ENOENT (No such file or directory)
8028  openat(AT_FDCWD, "/nix/store/g8zyryr9cr6540xsyg4avqkwgxpnwj2a-glibc-2.40-66/lib/locale/C.utf8/LC_TELEPHONE", O_RDONLY|O_CLOEXEC) = 3
8028  openat(AT_FDCWD, "/nix/store/g8zyryr9cr6540xsyg4avqkwgxpnwj2a-glibc-2.40-66/lib/locale/C.UTF-8/LC_ADDRESS", O_RDONLY|O_CLOEXEC) = -1 ENOENT (No such file or directory)
8028  openat(AT_FDCWD, "/nix/store/g8zyryr9cr6540xsyg4avqkwgxpnwj2a-glibc-2.40-66/lib/locale/C.utf8/LC_ADDRESS", O_RDONLY|O_CLOEXEC) = 3
8028  openat(AT_FDCWD, "/nix/store/g8zyryr9cr6540xsyg4avqkwgxpnwj2a-glibc-2.40-66/lib/locale/C.UTF-8/LC_NAME", O_RDONLY|O_CLOEXEC) = -1 ENOENT (No such file or directory)
8028  openat(AT_FDCWD, "/nix/store/g8zyryr9cr6540xsyg4avqkwgxpnwj2a-glibc-2.40-66/lib/locale/C.utf8/LC_NAME", O_RDONLY|O_CLOEXEC) = 3
8027  openat(AT_FDCWD, "/nix/store/g8zyryr9cr6540xsyg4avqkwgxpnwj2a-glibc-2.40-66/lib/locale/C.UTF-8/LC_MEASUREMENT", O_RDONLY|O_CLOEXEC) = -1 ENOENT (No such file or directory)
8027  openat(AT_FDCWD, "/nix/store/g8zyryr9cr6540xsyg4avqkwgxpnwj2a-glibc-2.40-66/lib/locale/C.utf8/LC_MEASUREMENT", O_RDONLY|O_CLOEXEC) = 3
8028  openat(AT_FDCWD, "/nix/store/g8zyryr9cr6540xsyg4avqkwgxpnwj2a-glibc-2.40-66/lib/locale/C.UTF-8/LC_PAPER", O_RDONLY|O_CLOEXEC) = -1 ENOENT (No such file or directory)
8028  openat(AT_FDCWD, "/nix/store/g8zyryr9cr6540xsyg4avqkwgxpnwj2a-glibc-2.40-66/lib/locale/C.utf8/LC_PAPER", O_RDONLY|O_CLOEXEC) = 3
8027  openat(AT_FDCWD, "/nix/store/g8zyryr9cr6540xsyg4avqkwgxpnwj2a-glibc-2.40-66/lib/locale/C.UTF-8/LC_TELEPHONE", O_RDONLY|O_CLOEXEC) = -1 ENOENT (No such file or directory)
8028  openat(AT_FDCWD, "/nix/store/g8zyryr9cr6540xsyg4avqkwgxpnwj2a-glibc-2.40-66/lib/locale/C.UTF-8/LC_MESSAGES", O_RDONLY|O_CLOEXEC <unfinished ...>
8027  openat(AT_FDCWD, "/nix/store/g8zyryr9cr6540xsyg4avqkwgxpnwj2a-glibc-2.40-66/lib/locale/C.utf8/LC_TELEPHONE", O_RDONLY|O_CLOEXEC <unfinished ...>
8028  <... openat resumed>)             = -1 ENOENT (No such file or directory)
8027  <... openat resumed>)             = 3
8028  openat(AT_FDCWD, "/nix/store/g8zyryr9cr6540xsyg4avqkwgxpnwj2a-glibc-2.40-66/lib/locale/C.utf8/LC_MESSAGES", O_RDONLY|O_CLOEXEC) = 3
8028  openat(AT_FDCWD, "/nix/store/g8zyryr9cr6540xsyg4avqkwgxpnwj2a-glibc-2.40-66/lib/locale/C.utf8/LC_MESSAGES/SYS_LC_MESSAGES", O_RDONLY|O_CLOEXEC) = 3
8027  openat(AT_FDCWD, "/nix/store/g8zyryr9cr6540xsyg4avqkwgxpnwj2a-glibc-2.40-66/lib/locale/C.UTF-8/LC_ADDRESS", O_RDONLY|O_CLOEXEC) = -1 ENOENT (No such file or directory)
8027  openat(AT_FDCWD, "/nix/store/g8zyryr9cr6540xsyg4avqkwgxpnwj2a-glibc-2.40-66/lib/locale/C.utf8/LC_ADDRESS", O_RDONLY|O_CLOEXEC) = 3
8028  openat(AT_FDCWD, "/nix/store/g8zyryr9cr6540xsyg4avqkwgxpnwj2a-glibc-2.40-66/lib/locale/C.UTF-8/LC_MONETARY", O_RDONLY|O_CLOEXEC) = -1 ENOENT (No such file or directory)
8028  openat(AT_FDCWD, "/nix/store/g8zyryr9cr6540xsyg4avqkwgxpnwj2a-glibc-2.40-66/lib/locale/C.utf8/LC_MONETARY", O_RDONLY|O_CLOEXEC) = 3
8027  openat(AT_FDCWD, "/nix/store/g8zyryr9cr6540xsyg4avqkwgxpnwj2a-glibc-2.40-66/lib/locale/C.UTF-8/LC_NAME", O_RDONLY|O_CLOEXEC) = -1 ENOENT (No such file or directory)
8027  openat(AT_FDCWD, "/nix/store/g8zyryr9cr6540xsyg4avqkwgxpnwj2a-glibc-2.40-66/lib/locale/C.utf8/LC_NAME", O_RDONLY|O_CLOEXEC) = 3
8028  openat(AT_FDCWD, "/nix/store/g8zyryr9cr6540xsyg4avqkwgxpnwj2a-glibc-2.40-66/lib/locale/C.UTF-8/LC_COLLATE", O_RDONLY|O_CLOEXEC) = -1 ENOENT (No such file or directory)
8028  openat(AT_FDCWD, "/nix/store/g8zyryr9cr6540xsyg4avqkwgxpnwj2a-glibc-2.40-66/lib/locale/C.utf8/LC_COLLATE", O_RDONLY|O_CLOEXEC) = 3
8027  openat(AT_FDCWD, "/nix/store/g8zyryr9cr6540xsyg4avqkwgxpnwj2a-glibc-2.40-66/lib/locale/C.UTF-8/LC_PAPER", O_RDONLY|O_CLOEXEC) = -1 ENOENT (No such file or directory)
8027  openat(AT_FDCWD, "/nix/store/g8zyryr9cr6540xsyg4avqkwgxpnwj2a-glibc-2.40-66/lib/locale/C.utf8/LC_PAPER", O_RDONLY|O_CLOEXEC) = 3
8028  openat(AT_FDCWD, "/nix/store/g8zyryr9cr6540xsyg4avqkwgxpnwj2a-glibc-2.40-66/lib/locale/C.UTF-8/LC_TIME", O_RDONLY|O_CLOEXEC) = -1 ENOENT (No such file or directory)
8028  openat(AT_FDCWD, "/nix/store/g8zyryr9cr6540xsyg4avqkwgxpnwj2a-glibc-2.40-66/lib/locale/C.utf8/LC_TIME", O_RDONLY|O_CLOEXEC) = 3
8027  openat(AT_FDCWD, "/nix/store/g8zyryr9cr6540xsyg4avqkwgxpnwj2a-glibc-2.40-66/lib/locale/C.UTF-8/LC_MESSAGES", O_RDONLY|O_CLOEXEC) = -1 ENOENT (No such file or directory)
8027  openat(AT_FDCWD, "/nix/store/g8zyryr9cr6540xsyg4avqkwgxpnwj2a-glibc-2.40-66/lib/locale/C.utf8/LC_MESSAGES", O_RDONLY|O_CLOEXEC) = 3
8028  openat(AT_FDCWD, "/nix/store/g8zyryr9cr6540xsyg4avqkwgxpnwj2a-glibc-2.40-66/lib/locale/C.UTF-8/LC_NUMERIC", O_RDONLY|O_CLOEXEC) = -1 ENOENT (No such file or directory)
8028  openat(AT_FDCWD, "/nix/store/g8zyryr9cr6540xsyg4avqkwgxpnwj2a-glibc-2.40-66/lib/locale/C.utf8/LC_NUMERIC", O_RDONLY|O_CLOEXEC <unfinished ...>
8027  openat(AT_FDCWD, "/nix/store/g8zyryr9cr6540xsyg4avqkwgxpnwj2a-glibc-2.40-66/lib/locale/C.utf8/LC_MESSAGES/SYS_LC_MESSAGES", O_RDONLY|O_CLOEXEC <unfinished ...>
8028  <... openat resumed>)             = 3
8027  <... openat resumed>)             = 3
8028  openat(AT_FDCWD, "/nix/store/g8zyryr9cr6540xsyg4avqkwgxpnwj2a-glibc-2.40-66/lib/locale/C.UTF-8/LC_CTYPE", O_RDONLY|O_CLOEXEC <unfinished ...>
8027  openat(AT_FDCWD, "/nix/store/g8zyryr9cr6540xsyg4avqkwgxpnwj2a-glibc-2.40-66/lib/locale/C.UTF-8/LC_MONETARY", O_RDONLY|O_CLOEXEC <unfinished ...>
8028  <... openat resumed>)             = -1 ENOENT (No such file or directory)
8027  <... openat resumed>)             = -1 ENOENT (No such file or directory)
8028  openat(AT_FDCWD, "/nix/store/g8zyryr9cr6540xsyg4avqkwgxpnwj2a-glibc-2.40-66/lib/locale/C.utf8/LC_CTYPE", O_RDONLY|O_CLOEXEC <unfinished ...>
8027  openat(AT_FDCWD, "/nix/store/g8zyryr9cr6540xsyg4avqkwgxpnwj2a-glibc-2.40-66/lib/locale/C.utf8/LC_MONETARY", O_RDONLY|O_CLOEXEC <unfinished ...>
8028  <... openat resumed>)             = 3
8027  <... openat resumed>)             = 3
8027  openat(AT_FDCWD, "/nix/store/g8zyryr9cr6540xsyg4avqkwgxpnwj2a-glibc-2.40-66/lib/locale/C.UTF-8/LC_COLLATE", O_RDONLY|O_CLOEXEC) = -1 ENOENT (No such file or directory)
8027  openat(AT_FDCWD, "/nix/store/g8zyryr9cr6540xsyg4avqkwgxpnwj2a-glibc-2.40-66/lib/locale/C.utf8/LC_COLLATE", O_RDONLY|O_CLOEXEC) = 3
8027  openat(AT_FDCWD, "/nix/store/g8zyryr9cr6540xsyg4avqkwgxpnwj2a-glibc-2.40-66/lib/locale/C.UTF-8/LC_TIME", O_RDONLY|O_CLOEXEC) = -1 ENOENT (No such file or directory)
8027  openat(AT_FDCWD, "/nix/store/g8zyryr9cr6540xsyg4avqkwgxpnwj2a-glibc-2.40-66/lib/locale/C.utf8/LC_TIME", O_RDONLY|O_CLOEXEC) = 3
8027  openat(AT_FDCWD, "/nix/store/g8zyryr9cr6540xsyg4avqkwgxpnwj2a-glibc-2.40-66/lib/locale/C.UTF-8/LC_NUMERIC", O_RDONLY|O_CLOEXEC) = -1 ENOENT (No such file or directory)
8027  openat(AT_FDCWD, "/nix/store/g8zyryr9cr6540xsyg4avqkwgxpnwj2a-glibc-2.40-66/lib/locale/C.utf8/LC_NUMERIC", O_RDONLY|O_CLOEXEC) = 3
8027  openat(AT_FDCWD, "/nix/store/g8zyryr9cr6540xsyg4avqkwgxpnwj2a-glibc-2.40-66/lib/locale/C.UTF-8/LC_CTYPE", O_RDONLY|O_CLOEXEC) = -1 ENOENT (No such file or directory)
8027  openat(AT_FDCWD, "/nix/store/g8zyryr9cr6540xsyg4avqkwgxpnwj2a-glibc-2.40-66/lib/locale/C.utf8/LC_CTYPE", O_RDONLY|O_CLOEXEC) = 3
8027  openat(AT_FDCWD, "reports/e3-paquete-liberacion-preparado-20260922/release-assets.sha256", O_RDONLY) = 3
8027  +++ exited with 0 +++
8028  +++ exited with 0 +++
8026  --- SIGCHLD {si_signo=SIGCHLD, si_code=CLD_EXITED, si_pid=8027, si_uid=1000, si_status=0, si_utime=0, si_stime=0} ---
8026  +++ exited with 0 +++
8025  --- SIGCHLD {si_signo=SIGCHLD, si_code=CLD_EXITED, si_pid=8026, si_uid=1000, si_status=0, si_utime=0, si_stime=0} ---
8029  openat(AT_FDCWD, "/nix/store/8smmj5gbhnnqaf28qxak4xv57ccgm96p-acl-2.3.2/lib/glibc-hwcaps/x86-64-v4/libacl.so.1", O_RDONLY|O_CLOEXEC) = -1 ENOENT (No such file or directory)
8029  openat(AT_FDCWD, "/nix/store/8smmj5gbhnnqaf28qxak4xv57ccgm96p-acl-2.3.2/lib/glibc-hwcaps/x86-64-v3/libacl.so.1", O_RDONLY|O_CLOEXEC) = -1 ENOENT (No such file or directory)
8029  openat(AT_FDCWD, "/nix/store/8smmj5gbhnnqaf28qxak4xv57ccgm96p-acl-2.3.2/lib/glibc-hwcaps/x86-64-v2/libacl.so.1", O_RDONLY|O_CLOEXEC) = -1 ENOENT (No such file or directory)
8029  openat(AT_FDCWD, "/nix/store/8smmj5gbhnnqaf28qxak4xv57ccgm96p-acl-2.3.2/lib/libacl.so.1", O_RDONLY|O_CLOEXEC) = 3
8029  openat(AT_FDCWD, "/nix/store/8smmj5gbhnnqaf28qxak4xv57ccgm96p-acl-2.3.2/lib/libattr.so.1", O_RDONLY|O_CLOEXEC) = -1 ENOENT (No such file or directory)
8029  openat(AT_FDCWD, "/nix/store/ik62z14lxr205b5gzfh4cjcla6gh9l6z-attr-2.5.2/lib/glibc-hwcaps/x86-64-v4/libattr.so.1", O_RDONLY|O_CLOEXEC) = -1 ENOENT (No such file or directory)
8029  openat(AT_FDCWD, "/nix/store/ik62z14lxr205b5gzfh4cjcla6gh9l6z-attr-2.5.2/lib/glibc-hwcaps/x86-64-v3/libattr.so.1", O_RDONLY|O_CLOEXEC) = -1 ENOENT (No such file or directory)
8029  openat(AT_FDCWD, "/nix/store/ik62z14lxr205b5gzfh4cjcla6gh9l6z-attr-2.5.2/lib/glibc-hwcaps/x86-64-v2/libattr.so.1", O_RDONLY|O_CLOEXEC) = -1 ENOENT (No such file or directory)
8029  openat(AT_FDCWD, "/nix/store/ik62z14lxr205b5gzfh4cjcla6gh9l6z-attr-2.5.2/lib/libattr.so.1", O_RDONLY|O_CLOEXEC) = 3
8029  openat(AT_FDCWD, "/nix/store/8smmj5gbhnnqaf28qxak4xv57ccgm96p-acl-2.3.2/lib/libgmp.so.10", O_RDONLY|O_CLOEXEC) = -1 ENOENT (No such file or directory)
8029  openat(AT_FDCWD, "/nix/store/ik62z14lxr205b5gzfh4cjcla6gh9l6z-attr-2.5.2/lib/libgmp.so.10", O_RDONLY|O_CLOEXEC) = -1 ENOENT (No such file or directory)
8029  openat(AT_FDCWD, "/nix/store/x477rxqxm6cgsz0s8w05zkp1xl3ssp92-gmp-with-cxx-6.3.0/lib/glibc-hwcaps/x86-64-v4/libgmp.so.10", O_RDONLY|O_CLOEXEC) = -1 ENOENT (No such file or directory)
8029  openat(AT_FDCWD, "/nix/store/x477rxqxm6cgsz0s8w05zkp1xl3ssp92-gmp-with-cxx-6.3.0/lib/glibc-hwcaps/x86-64-v3/libgmp.so.10", O_RDONLY|O_CLOEXEC) = -1 ENOENT (No such file or directory)
8029  openat(AT_FDCWD, "/nix/store/x477rxqxm6cgsz0s8w05zkp1xl3ssp92-gmp-with-cxx-6.3.0/lib/glibc-hwcaps/x86-64-v2/libgmp.so.10", O_RDONLY|O_CLOEXEC) = -1 ENOENT (No such file or directory)
8029  openat(AT_FDCWD, "/nix/store/x477rxqxm6cgsz0s8w05zkp1xl3ssp92-gmp-with-cxx-6.3.0/lib/libgmp.so.10", O_RDONLY|O_CLOEXEC) = 3
8029  openat(AT_FDCWD, "/nix/store/8smmj5gbhnnqaf28qxak4xv57ccgm96p-acl-2.3.2/lib/libc.so.6", O_RDONLY|O_CLOEXEC) = -1 ENOENT (No such file or directory)
8029  openat(AT_FDCWD, "/nix/store/ik62z14lxr205b5gzfh4cjcla6gh9l6z-attr-2.5.2/lib/libc.so.6", O_RDONLY|O_CLOEXEC) = -1 ENOENT (No such file or directory)
8029  openat(AT_FDCWD, "/nix/store/x477rxqxm6cgsz0s8w05zkp1xl3ssp92-gmp-with-cxx-6.3.0/lib/libc.so.6", O_RDONLY|O_CLOEXEC) = -1 ENOENT (No such file or directory)
8029  openat(AT_FDCWD, "/nix/store/g8zyryr9cr6540xsyg4avqkwgxpnwj2a-glibc-2.40-66/lib/glibc-hwcaps/x86-64-v4/libc.so.6", O_RDONLY|O_CLOEXEC) = -1 ENOENT (No such file or directory)
8029  openat(AT_FDCWD, "/nix/store/g8zyryr9cr6540xsyg4avqkwgxpnwj2a-glibc-2.40-66/lib/glibc-hwcaps/x86-64-v3/libc.so.6", O_RDONLY|O_CLOEXEC) = -1 ENOENT (No such file or directory)
8029  openat(AT_FDCWD, "/nix/store/g8zyryr9cr6540xsyg4avqkwgxpnwj2a-glibc-2.40-66/lib/glibc-hwcaps/x86-64-v2/libc.so.6", O_RDONLY|O_CLOEXEC) = -1 ENOENT (No such file or directory)
8029  openat(AT_FDCWD, "/nix/store/g8zyryr9cr6540xsyg4avqkwgxpnwj2a-glibc-2.40-66/lib/libc.so.6", O_RDONLY|O_CLOEXEC) = 3
8029  openat(AT_FDCWD, "/run/current-system/sw/lib/locale/locale-archive", O_RDONLY|O_CLOEXEC) = -1 ENOENT (No such file or directory)
8029  openat(AT_FDCWD, "/usr/lib/locale/locale-archive", O_RDONLY|O_CLOEXEC) = 3
8029  openat(AT_FDCWD, "/nix/store/g8zyryr9cr6540xsyg4avqkwgxpnwj2a-glibc-2.40-66/share/locale/locale.alias", O_RDONLY|O_CLOEXEC) = 3
8029  openat(AT_FDCWD, "/nix/store/g8zyryr9cr6540xsyg4avqkwgxpnwj2a-glibc-2.40-66/lib/locale/C.UTF-8/LC_IDENTIFICATION", O_RDONLY|O_CLOEXEC) = -1 ENOENT (No such file or directory)
8029  openat(AT_FDCWD, "/nix/store/g8zyryr9cr6540xsyg4avqkwgxpnwj2a-glibc-2.40-66/lib/locale/C.utf8/LC_IDENTIFICATION", O_RDONLY|O_CLOEXEC) = 3
8029  openat(AT_FDCWD, "/nix/store/g8zyryr9cr6540xsyg4avqkwgxpnwj2a-glibc-2.40-66/lib/gconv/gconv-modules.cache", O_RDONLY|O_CLOEXEC) = -1 ENOENT (No such file or directory)
8029  openat(AT_FDCWD, "/nix/store/g8zyryr9cr6540xsyg4avqkwgxpnwj2a-glibc-2.40-66/lib/gconv/gconv-modules", O_RDONLY|O_CLOEXEC) = 3
8029  openat(AT_FDCWD, "/nix/store/g8zyryr9cr6540xsyg4avqkwgxpnwj2a-glibc-2.40-66/lib/gconv/gconv-modules.d", O_RDONLY|O_NONBLOCK|O_CLOEXEC|O_DIRECTORY) = 3
8029  openat(AT_FDCWD, "/nix/store/g8zyryr9cr6540xsyg4avqkwgxpnwj2a-glibc-2.40-66/lib/gconv/gconv-modules.d/gconv-modules-extra.conf", O_RDONLY|O_CLOEXEC) = 4
8029  openat(AT_FDCWD, "/nix/store/g8zyryr9cr6540xsyg4avqkwgxpnwj2a-glibc-2.40-66/lib/locale/C.UTF-8/LC_MEASUREMENT", O_RDONLY|O_CLOEXEC) = -1 ENOENT (No such file or directory)
8029  openat(AT_FDCWD, "/nix/store/g8zyryr9cr6540xsyg4avqkwgxpnwj2a-glibc-2.40-66/lib/locale/C.utf8/LC_MEASUREMENT", O_RDONLY|O_CLOEXEC) = 3
8029  openat(AT_FDCWD, "/nix/store/g8zyryr9cr6540xsyg4avqkwgxpnwj2a-glibc-2.40-66/lib/locale/C.UTF-8/LC_TELEPHONE", O_RDONLY|O_CLOEXEC) = -1 ENOENT (No such file or directory)
8029  openat(AT_FDCWD, "/nix/store/g8zyryr9cr6540xsyg4avqkwgxpnwj2a-glibc-2.40-66/lib/locale/C.utf8/LC_TELEPHONE", O_RDONLY|O_CLOEXEC) = 3
8029  openat(AT_FDCWD, "/nix/store/g8zyryr9cr6540xsyg4avqkwgxpnwj2a-glibc-2.40-66/lib/locale/C.UTF-8/LC_ADDRESS", O_RDONLY|O_CLOEXEC) = -1 ENOENT (No such file or directory)
8029  openat(AT_FDCWD, "/nix/store/g8zyryr9cr6540xsyg4avqkwgxpnwj2a-glibc-2.40-66/lib/locale/C.utf8/LC_ADDRESS", O_RDONLY|O_CLOEXEC) = 3
8029  openat(AT_FDCWD, "/nix/store/g8zyryr9cr6540xsyg4avqkwgxpnwj2a-glibc-2.40-66/lib/locale/C.UTF-8/LC_NAME", O_RDONLY|O_CLOEXEC) = -1 ENOENT (No such file or directory)
8029  openat(AT_FDCWD, "/nix/store/g8zyryr9cr6540xsyg4avqkwgxpnwj2a-glibc-2.40-66/lib/locale/C.utf8/LC_NAME", O_RDONLY|O_CLOEXEC) = 3
8029  openat(AT_FDCWD, "/nix/store/g8zyryr9cr6540xsyg4avqkwgxpnwj2a-glibc-2.40-66/lib/locale/C.UTF-8/LC_PAPER", O_RDONLY|O_CLOEXEC) = -1 ENOENT (No such file or directory)
8029  openat(AT_FDCWD, "/nix/store/g8zyryr9cr6540xsyg4avqkwgxpnwj2a-glibc-2.40-66/lib/locale/C.utf8/LC_PAPER", O_RDONLY|O_CLOEXEC) = 3
8029  openat(AT_FDCWD, "/nix/store/g8zyryr9cr6540xsyg4avqkwgxpnwj2a-glibc-2.40-66/lib/locale/C.UTF-8/LC_MESSAGES", O_RDONLY|O_CLOEXEC) = -1 ENOENT (No such file or directory)
8029  openat(AT_FDCWD, "/nix/store/g8zyryr9cr6540xsyg4avqkwgxpnwj2a-glibc-2.40-66/lib/locale/C.utf8/LC_MESSAGES", O_RDONLY|O_CLOEXEC) = 3
8029  openat(AT_FDCWD, "/nix/store/g8zyryr9cr6540xsyg4avqkwgxpnwj2a-glibc-2.40-66/lib/locale/C.utf8/LC_MESSAGES/SYS_LC_MESSAGES", O_RDONLY|O_CLOEXEC) = 3
8029  openat(AT_FDCWD, "/nix/store/g8zyryr9cr6540xsyg4avqkwgxpnwj2a-glibc-2.40-66/lib/locale/C.UTF-8/LC_MONETARY", O_RDONLY|O_CLOEXEC) = -1 ENOENT (No such file or directory)
8029  openat(AT_FDCWD, "/nix/store/g8zyryr9cr6540xsyg4avqkwgxpnwj2a-glibc-2.40-66/lib/locale/C.utf8/LC_MONETARY", O_RDONLY|O_CLOEXEC) = 3
8029  openat(AT_FDCWD, "/nix/store/g8zyryr9cr6540xsyg4avqkwgxpnwj2a-glibc-2.40-66/lib/locale/C.UTF-8/LC_COLLATE", O_RDONLY|O_CLOEXEC) = -1 ENOENT (No such file or directory)
8029  openat(AT_FDCWD, "/nix/store/g8zyryr9cr6540xsyg4avqkwgxpnwj2a-glibc-2.40-66/lib/locale/C.utf8/LC_COLLATE", O_RDONLY|O_CLOEXEC) = 3
8029  openat(AT_FDCWD, "/nix/store/g8zyryr9cr6540xsyg4avqkwgxpnwj2a-glibc-2.40-66/lib/locale/C.UTF-8/LC_TIME", O_RDONLY|O_CLOEXEC) = -1 ENOENT (No such file or directory)
8029  openat(AT_FDCWD, "/nix/store/g8zyryr9cr6540xsyg4avqkwgxpnwj2a-glibc-2.40-66/lib/locale/C.utf8/LC_TIME", O_RDONLY|O_CLOEXEC) = 3
8029  openat(AT_FDCWD, "/nix/store/g8zyryr9cr6540xsyg4avqkwgxpnwj2a-glibc-2.40-66/lib/locale/C.UTF-8/LC_NUMERIC", O_RDONLY|O_CLOEXEC) = -1 ENOENT (No such file or directory)
8029  openat(AT_FDCWD, "/nix/store/g8zyryr9cr6540xsyg4avqkwgxpnwj2a-glibc-2.40-66/lib/locale/C.utf8/LC_NUMERIC", O_RDONLY|O_CLOEXEC) = 3
8029  openat(AT_FDCWD, "/nix/store/g8zyryr9cr6540xsyg4avqkwgxpnwj2a-glibc-2.40-66/lib/locale/C.UTF-8/LC_CTYPE", O_RDONLY|O_CLOEXEC) = -1 ENOENT (No such file or directory)
8029  openat(AT_FDCWD, "/nix/store/g8zyryr9cr6540xsyg4avqkwgxpnwj2a-glibc-2.40-66/lib/locale/C.utf8/LC_CTYPE", O_RDONLY|O_CLOEXEC) = 3
8029  openat(AT_FDCWD, "reports/e3-paquete-liberacion-preparado-20260922/release-assets.sha256", O_RDONLY) = 3
8029  openat(AT_FDCWD, "artifacts/api-server/dist-e3-20260922/assets/fonts/DEJAVU-LICENSE.txt", O_RDONLY) = 4
8029  openat(AT_FDCWD, "artifacts/api-server/dist-e3-20260922/assets/fonts/DejaVuSans.ttf", O_RDONLY) = 4
8029  openat(AT_FDCWD, "artifacts/api-server/dist-e3-20260922/index.mjs", O_RDONLY) = 4
8029  openat(AT_FDCWD, "artifacts/api-server/dist-e3-20260922/index.mjs.map", O_RDONLY) = 4
8029  openat(AT_FDCWD, "artifacts/api-server/dist-e3-20260922/pino-file.mjs", O_RDONLY) = 4
8029  openat(AT_FDCWD, "artifacts/api-server/dist-e3-20260922/pino-file.mjs.map", O_RDONLY) = 4
8029  openat(AT_FDCWD, "artifacts/api-server/dist-e3-20260922/pino-pretty.mjs", O_RDONLY) = 4
8029  openat(AT_FDCWD, "artifacts/api-server/dist-e3-20260922/pino-pretty.mjs.map", O_RDONLY) = 4
8029  openat(AT_FDCWD, "artifacts/api-server/dist-e3-20260922/pino-worker.mjs", O_RDONLY) = 4
8029  openat(AT_FDCWD, "artifacts/api-server/dist-e3-20260922/pino-worker.mjs.map", O_RDONLY) = 4
8029  openat(AT_FDCWD, "artifacts/api-server/dist-e3-20260922/thread-stream-worker.mjs", O_RDONLY) = 4
8029  openat(AT_FDCWD, "artifacts/api-server/dist-e3-20260922/thread-stream-worker.mjs.map", O_RDONLY) = 4
8029  openat(AT_FDCWD, "artifacts/mariana-textil/dist-e3-20260922/assets/index-CJ5sQYvB.js", O_RDONLY) = 4
8029  openat(AT_FDCWD, "artifacts/mariana-textil/dist-e3-20260922/assets/index-LMNaREMN.js", O_RDONLY) = 4
8029  openat(AT_FDCWD, "artifacts/mariana-textil/dist-e3-20260922/assets/index-NA0ZC8zw.css", O_RDONLY) = 4
8029  openat(AT_FDCWD, "artifacts/mariana-textil/dist-e3-20260922/assets/mariana-textil-logo-FFOiXRd3.png", O_RDONLY) = 4
8029  openat(AT_FDCWD, "artifacts/mariana-textil/dist-e3-20260922/assets/mariana-textil-logo-monochrome-_7AVoW2A.png", O_RDONLY) = 4
8029  openat(AT_FDCWD, "artifacts/mariana-textil/dist-e3-20260922/favicon.png", O_RDONLY) = 4
8029  openat(AT_FDCWD, "artifacts/mariana-textil/dist-e3-20260922/index.html", O_RDONLY) = 4
8029  openat(AT_FDCWD, "artifacts/mariana-textil/dist-e3-20260922/robots.txt", O_RDONLY) = 4
8029  openat(AT_FDCWD, "artifacts/mariana-textil/dist-e3-20260922/sounds/alerta.ogg", O_RDONLY) = 4
8029  openat(AT_FDCWD, "artifacts/mariana-textil/dist-e3-20260922/sounds/aviso.ogg", O_RDONLY) = 4
8029  openat(AT_FDCWD, "artifacts/mariana-textil/dist-e3-20260922/sounds/solicitud.ogg", O_RDONLY) = 4
8029  openat(AT_FDCWD, "reports/e3-paquete-liberacion-preparado-20260922/api-start-audit-record.mjs", O_RDONLY) = 4
8029  openat(AT_FDCWD, "reports/e3-paquete-liberacion-preparado-20260922/release-catalog.sql", O_RDONLY) = 4
8029  openat(AT_FDCWD, "reports/e3-paquete-liberacion-preparado-20260922/release-expected.json", O_RDONLY) = 4
8029  openat(AT_FDCWD, "reports/e3-paquete-liberacion-preparado-20260922/release-preflight.mjs", O_RDONLY) = 4
8029  openat(AT_FDCWD, "reports/e3-paquete-liberacion-preparado-20260922/sql/01-install-prepared.sql", O_RDONLY) = 4
8029  openat(AT_FDCWD, "reports/e3-paquete-liberacion-preparado-20260922/sql/02-revert-before-first-receipt-only.sql", O_RDONLY) = 4
8029  openat(AT_FDCWD, "reports/e3-paquete-liberacion-preparado-20260922/sql/03-prepare-ordinary-cash-gate-retirement.BLOCKED-NO-APLICAR.sql", O_RDONLY) = 4
8029  openat(AT_FDCWD, "reports/e3-paquete-liberacion-preparado-20260922/sql/04-restore-cash-gate.BLOCKED-NO-APLICAR.sql", O_RDONLY) = 4
8029  +++ exited with 1 +++
8025  --- SIGCHLD {si_signo=SIGCHLD, si_code=CLD_EXITED, si_pid=8029, si_uid=1000, si_status=1, si_utime=11 /* 0.11 s */, si_stime=5 /* 0.05 s */} ---
8030  openat(AT_FDCWD, "/nix/store/ddranxbikfg4jkf3n1m0a0h9qqxj1vf0-ncurses-6.5/lib/glibc-hwcaps/x86-64-v4/libreadline.so.8", O_RDONLY|O_CLOEXEC) = -1 ENOENT (No such file or directory)
8030  openat(AT_FDCWD, "/nix/store/ddranxbikfg4jkf3n1m0a0h9qqxj1vf0-ncurses-6.5/lib/glibc-hwcaps/x86-64-v3/libreadline.so.8", O_RDONLY|O_CLOEXEC) = -1 ENOENT (No such file or directory)
8030  openat(AT_FDCWD, "/nix/store/ddranxbikfg4jkf3n1m0a0h9qqxj1vf0-ncurses-6.5/lib/glibc-hwcaps/x86-64-v2/libreadline.so.8", O_RDONLY|O_CLOEXEC) = -1 ENOENT (No such file or directory)
8030  openat(AT_FDCWD, "/nix/store/ddranxbikfg4jkf3n1m0a0h9qqxj1vf0-ncurses-6.5/lib/libreadline.so.8", O_RDONLY|O_CLOEXEC) = -1 ENOENT (No such file or directory)
8030  openat(AT_FDCWD, "/nix/store/vksayvpb9qm9h32k0qqg67nclrq8sf79-readline-8.3p1/lib/glibc-hwcaps/x86-64-v4/libreadline.so.8", O_RDONLY|O_CLOEXEC) = -1 ENOENT (No such file or directory)
8030  openat(AT_FDCWD, "/nix/store/vksayvpb9qm9h32k0qqg67nclrq8sf79-readline-8.3p1/lib/glibc-hwcaps/x86-64-v3/libreadline.so.8", O_RDONLY|O_CLOEXEC) = -1 ENOENT (No such file or directory)
8030  openat(AT_FDCWD, "/nix/store/vksayvpb9qm9h32k0qqg67nclrq8sf79-readline-8.3p1/lib/glibc-hwcaps/x86-64-v2/libreadline.so.8", O_RDONLY|O_CLOEXEC) = -1 ENOENT (No such file or directory)
8030  openat(AT_FDCWD, "/nix/store/vksayvpb9qm9h32k0qqg67nclrq8sf79-readline-8.3p1/lib/libreadline.so.8", O_RDONLY|O_CLOEXEC) = 3
8030  openat(AT_FDCWD, "/nix/store/ddranxbikfg4jkf3n1m0a0h9qqxj1vf0-ncurses-6.5/lib/libhistory.so.8", O_RDONLY|O_CLOEXEC) = -1 ENOENT (No such file or directory)
8030  openat(AT_FDCWD, "/nix/store/vksayvpb9qm9h32k0qqg67nclrq8sf79-readline-8.3p1/lib/libhistory.so.8", O_RDONLY|O_CLOEXEC) = 3
8030  openat(AT_FDCWD, "/nix/store/ddranxbikfg4jkf3n1m0a0h9qqxj1vf0-ncurses-6.5/lib/libncursesw.so.6", O_RDONLY|O_CLOEXEC) = 3
8030  openat(AT_FDCWD, "/nix/store/ddranxbikfg4jkf3n1m0a0h9qqxj1vf0-ncurses-6.5/lib/libdl.so.2", O_RDONLY|O_CLOEXEC) = -1 ENOENT (No such file or directory)
8030  openat(AT_FDCWD, "/nix/store/vksayvpb9qm9h32k0qqg67nclrq8sf79-readline-8.3p1/lib/libdl.so.2", O_RDONLY|O_CLOEXEC) = -1 ENOENT (No such file or directory)
8030  openat(AT_FDCWD, "/nix/store/j193mfi0f921y0kfs8vjc1znnr45ispv-glibc-2.40-66/lib/glibc-hwcaps/x86-64-v4/libdl.so.2", O_RDONLY|O_CLOEXEC) = -1 ENOENT (No such file or directory)
8030  openat(AT_FDCWD, "/nix/store/j193mfi0f921y0kfs8vjc1znnr45ispv-glibc-2.40-66/lib/glibc-hwcaps/x86-64-v3/libdl.so.2", O_RDONLY|O_CLOEXEC) = -1 ENOENT (No such file or directory)
8030  openat(AT_FDCWD, "/nix/store/j193mfi0f921y0kfs8vjc1znnr45ispv-glibc-2.40-66/lib/glibc-hwcaps/x86-64-v2/libdl.so.2", O_RDONLY|O_CLOEXEC) = -1 ENOENT (No such file or directory)
8030  openat(AT_FDCWD, "/nix/store/j193mfi0f921y0kfs8vjc1znnr45ispv-glibc-2.40-66/lib/libdl.so.2", O_RDONLY|O_CLOEXEC) = 3
8030  openat(AT_FDCWD, "/nix/store/ddranxbikfg4jkf3n1m0a0h9qqxj1vf0-ncurses-6.5/lib/libc.so.6", O_RDONLY|O_CLOEXEC) = -1 ENOENT (No such file or directory)
8030  openat(AT_FDCWD, "/nix/store/vksayvpb9qm9h32k0qqg67nclrq8sf79-readline-8.3p1/lib/libc.so.6", O_RDONLY|O_CLOEXEC) = -1 ENOENT (No such file or directory)
8030  openat(AT_FDCWD, "/nix/store/j193mfi0f921y0kfs8vjc1znnr45ispv-glibc-2.40-66/lib/libc.so.6", O_RDONLY|O_CLOEXEC) = 3
8030  openat(AT_FDCWD, "/dev/tty", O_RDWR|O_NONBLOCK) = -1 ENXIO (No such device or address)
8030  openat(AT_FDCWD, "/run/current-system/sw/lib/locale/locale-archive", O_RDONLY|O_CLOEXEC) = -1 ENOENT (No such file or directory)
8030  openat(AT_FDCWD, "/usr/lib/locale/locale-archive", O_RDONLY|O_CLOEXEC) = 3
8030  openat(AT_FDCWD, "/nix/store/j193mfi0f921y0kfs8vjc1znnr45ispv-glibc-2.40-66/share/locale/locale.alias", O_RDONLY|O_CLOEXEC) = 3
8030  openat(AT_FDCWD, "/nix/store/j193mfi0f921y0kfs8vjc1znnr45ispv-glibc-2.40-66/lib/locale/C.UTF-8/LC_IDENTIFICATION", O_RDONLY|O_CLOEXEC) = -1 ENOENT (No such file or directory)
8030  openat(AT_FDCWD, "/nix/store/j193mfi0f921y0kfs8vjc1znnr45ispv-glibc-2.40-66/lib/locale/C.utf8/LC_IDENTIFICATION", O_RDONLY|O_CLOEXEC) = 3
8030  openat(AT_FDCWD, "/nix/store/j193mfi0f921y0kfs8vjc1znnr45ispv-glibc-2.40-66/lib/gconv/gconv-modules.cache", O_RDONLY|O_CLOEXEC) = -1 ENOENT (No such file or directory)
8030  openat(AT_FDCWD, "/nix/store/j193mfi0f921y0kfs8vjc1znnr45ispv-glibc-2.40-66/lib/gconv/gconv-modules", O_RDONLY|O_CLOEXEC) = 3
8030  openat(AT_FDCWD, "/nix/store/j193mfi0f921y0kfs8vjc1znnr45ispv-glibc-2.40-66/lib/gconv/gconv-modules.d", O_RDONLY|O_NONBLOCK|O_CLOEXEC|O_DIRECTORY) = 3
8030  openat(AT_FDCWD, "/nix/store/j193mfi0f921y0kfs8vjc1znnr45ispv-glibc-2.40-66/lib/gconv/gconv-modules.d/gconv-modules-extra.conf", O_RDONLY|O_CLOEXEC) = 4
8030  openat(AT_FDCWD, "/nix/store/j193mfi0f921y0kfs8vjc1znnr45ispv-glibc-2.40-66/lib/locale/C.UTF-8/LC_MEASUREMENT", O_RDONLY|O_CLOEXEC) = -1 ENOENT (No such file or directory)
8030  openat(AT_FDCWD, "/nix/store/j193mfi0f921y0kfs8vjc1znnr45ispv-glibc-2.40-66/lib/locale/C.utf8/LC_MEASUREMENT", O_RDONLY|O_CLOEXEC) = 3
8030  openat(AT_FDCWD, "/nix/store/j193mfi0f921y0kfs8vjc1znnr45ispv-glibc-2.40-66/lib/locale/C.UTF-8/LC_TELEPHONE", O_RDONLY|O_CLOEXEC) = -1 ENOENT (No such file or directory)
8030  openat(AT_FDCWD, "/nix/store/j193mfi0f921y0kfs8vjc1znnr45ispv-glibc-2.40-66/lib/locale/C.utf8/LC_TELEPHONE", O_RDONLY|O_CLOEXEC) = 3
8030  openat(AT_FDCWD, "/nix/store/j193mfi0f921y0kfs8vjc1znnr45ispv-glibc-2.40-66/lib/locale/C.UTF-8/LC_ADDRESS", O_RDONLY|O_CLOEXEC) = -1 ENOENT (No such file or directory)
8030  openat(AT_FDCWD, "/nix/store/j193mfi0f921y0kfs8vjc1znnr45ispv-glibc-2.40-66/lib/locale/C.utf8/LC_ADDRESS", O_RDONLY|O_CLOEXEC) = 3
8030  openat(AT_FDCWD, "/nix/store/j193mfi0f921y0kfs8vjc1znnr45ispv-glibc-2.40-66/lib/locale/C.UTF-8/LC_NAME", O_RDONLY|O_CLOEXEC) = -1 ENOENT (No such file or directory)
8030  openat(AT_FDCWD, "/nix/store/j193mfi0f921y0kfs8vjc1znnr45ispv-glibc-2.40-66/lib/locale/C.utf8/LC_NAME", O_RDONLY|O_CLOEXEC) = 3
8030  openat(AT_FDCWD, "/nix/store/j193mfi0f921y0kfs8vjc1znnr45ispv-glibc-2.40-66/lib/locale/C.UTF-8/LC_PAPER", O_RDONLY|O_CLOEXEC) = -1 ENOENT (No such file or directory)
8030  openat(AT_FDCWD, "/nix/store/j193mfi0f921y0kfs8vjc1znnr45ispv-glibc-2.40-66/lib/locale/C.utf8/LC_PAPER", O_RDONLY|O_CLOEXEC) = 3
8030  openat(AT_FDCWD, "/nix/store/j193mfi0f921y0kfs8vjc1znnr45ispv-glibc-2.40-66/lib/locale/C.UTF-8/LC_MESSAGES", O_RDONLY|O_CLOEXEC) = -1 ENOENT (No such file or directory)
8030  openat(AT_FDCWD, "/nix/store/j193mfi0f921y0kfs8vjc1znnr45ispv-glibc-2.40-66/lib/locale/C.utf8/LC_MESSAGES", O_RDONLY|O_CLOEXEC) = 3
8030  openat(AT_FDCWD, "/nix/store/j193mfi0f921y0kfs8vjc1znnr45ispv-glibc-2.40-66/lib/locale/C.utf8/LC_MESSAGES/SYS_LC_MESSAGES", O_RDONLY|O_CLOEXEC) = 3
8030  openat(AT_FDCWD, "/nix/store/j193mfi0f921y0kfs8vjc1znnr45ispv-glibc-2.40-66/lib/locale/C.UTF-8/LC_MONETARY", O_RDONLY|O_CLOEXEC) = -1 ENOENT (No such file or directory)
8030  openat(AT_FDCWD, "/nix/store/j193mfi0f921y0kfs8vjc1znnr45ispv-glibc-2.40-66/lib/locale/C.utf8/LC_MONETARY", O_RDONLY|O_CLOEXEC) = 3
8030  openat(AT_FDCWD, "/nix/store/j193mfi0f921y0kfs8vjc1znnr45ispv-glibc-2.40-66/lib/locale/C.UTF-8/LC_COLLATE", O_RDONLY|O_CLOEXEC) = -1 ENOENT (No such file or directory)
8030  openat(AT_FDCWD, "/nix/store/j193mfi0f921y0kfs8vjc1znnr45ispv-glibc-2.40-66/lib/locale/C.utf8/LC_COLLATE", O_RDONLY|O_CLOEXEC) = 3
8030  openat(AT_FDCWD, "/nix/store/j193mfi0f921y0kfs8vjc1znnr45ispv-glibc-2.40-66/lib/locale/C.UTF-8/LC_TIME", O_RDONLY|O_CLOEXEC) = -1 ENOENT (No such file or directory)
8030  openat(AT_FDCWD, "/nix/store/j193mfi0f921y0kfs8vjc1znnr45ispv-glibc-2.40-66/lib/locale/C.utf8/LC_TIME", O_RDONLY|O_CLOEXEC) = 3
8030  openat(AT_FDCWD, "/nix/store/j193mfi0f921y0kfs8vjc1znnr45ispv-glibc-2.40-66/lib/locale/C.UTF-8/LC_NUMERIC", O_RDONLY|O_CLOEXEC) = -1 ENOENT (No such file or directory)
8030  openat(AT_FDCWD, "/nix/store/j193mfi0f921y0kfs8vjc1znnr45ispv-glibc-2.40-66/lib/locale/C.utf8/LC_NUMERIC", O_RDONLY|O_CLOEXEC) = 3
8030  openat(AT_FDCWD, "/nix/store/j193mfi0f921y0kfs8vjc1znnr45ispv-glibc-2.40-66/lib/locale/C.UTF-8/LC_CTYPE", O_RDONLY|O_CLOEXEC) = -1 ENOENT (No such file or directory)
8030  openat(AT_FDCWD, "/nix/store/j193mfi0f921y0kfs8vjc1znnr45ispv-glibc-2.40-66/lib/locale/C.utf8/LC_CTYPE", O_RDONLY|O_CLOEXEC) = 3
8030  openat(AT_FDCWD, "/etc/nsswitch.conf", O_RDONLY|O_CLOEXEC) = 3
8030  openat(AT_FDCWD, "/etc/passwd", O_RDONLY|O_CLOEXEC) = 3
8030  openat(AT_FDCWD, "/nix/store/s7awkfc4pym4zj139fsxrjs5xwf5hhnd-nodejs-24.13.0-wrapped/bin/node", O_RDONLY) = 3
8030  openat(AT_FDCWD, "/nix/store/ri9paa3mri4kqakljak8ldvbcp7lpmif-zlib-1.3.1/lib/glibc-hwcaps/x86-64-v4/libz.so.1", O_RDONLY|O_CLOEXEC) = -1 ENOENT (No such file or directory)
8030  openat(AT_FDCWD, "/nix/store/ri9paa3mri4kqakljak8ldvbcp7lpmif-zlib-1.3.1/lib/glibc-hwcaps/x86-64-v3/libz.so.1", O_RDONLY|O_CLOEXEC) = -1 ENOENT (No such file or directory)
8030  openat(AT_FDCWD, "/nix/store/ri9paa3mri4kqakljak8ldvbcp7lpmif-zlib-1.3.1/lib/glibc-hwcaps/x86-64-v2/libz.so.1", O_RDONLY|O_CLOEXEC) = -1 ENOENT (No such file or directory)
8030  openat(AT_FDCWD, "/nix/store/ri9paa3mri4kqakljak8ldvbcp7lpmif-zlib-1.3.1/lib/libz.so.1", O_RDONLY|O_CLOEXEC) = 3
8030  openat(AT_FDCWD, "/nix/store/ri9paa3mri4kqakljak8ldvbcp7lpmif-zlib-1.3.1/lib/libllhttp.so.9.3", O_RDONLY|O_CLOEXEC) = -1 ENOENT (No such file or directory)
8030  openat(AT_FDCWD, "/nix/store/8kwysbrm9zrfcsfbix7hkjj72r5kgiwv-llhttp-9.3.0/lib/glibc-hwcaps/x86-64-v4/libllhttp.so.9.3", O_RDONLY|O_CLOEXEC) = -1 ENOENT (No such file or directory)
8030  openat(AT_FDCWD, "/nix/store/8kwysbrm9zrfcsfbix7hkjj72r5kgiwv-llhttp-9.3.0/lib/glibc-hwcaps/x86-64-v3/libllhttp.so.9.3", O_RDONLY|O_CLOEXEC) = -1 ENOENT (No such file or directory)
8030  openat(AT_FDCWD, "/nix/store/8kwysbrm9zrfcsfbix7hkjj72r5kgiwv-llhttp-9.3.0/lib/glibc-hwcaps/x86-64-v2/libllhttp.so.9.3", O_RDONLY|O_CLOEXEC) = -1 ENOENT (No such file or directory)
8030  openat(AT_FDCWD, "/nix/store/8kwysbrm9zrfcsfbix7hkjj72r5kgiwv-llhttp-9.3.0/lib/libllhttp.so.9.3", O_RDONLY|O_CLOEXEC) = 3
8030  openat(AT_FDCWD, "/nix/store/ri9paa3mri4kqakljak8ldvbcp7lpmif-zlib-1.3.1/lib/libuv.so.1", O_RDONLY|O_CLOEXEC) = -1 ENOENT (No such file or directory)
8030  openat(AT_FDCWD, "/nix/store/8kwysbrm9zrfcsfbix7hkjj72r5kgiwv-llhttp-9.3.0/lib/libuv.so.1", O_RDONLY|O_CLOEXEC) = -1 ENOENT (No such file or directory)
8030  openat(AT_FDCWD, "/nix/store/y890wk5v7h4dzfs69jycv3fj0fx5y9i5-libuv-1.51.0/lib/glibc-hwcaps/x86-64-v4/libuv.so.1", O_RDONLY|O_CLOEXEC) = -1 ENOENT (No such file or directory)
8030  openat(AT_FDCWD, "/nix/store/y890wk5v7h4dzfs69jycv3fj0fx5y9i5-libuv-1.51.0/lib/glibc-hwcaps/x86-64-v3/libuv.so.1", O_RDONLY|O_CLOEXEC) = -1 ENOENT (No such file or directory)
8030  openat(AT_FDCWD, "/nix/store/y890wk5v7h4dzfs69jycv3fj0fx5y9i5-libuv-1.51.0/lib/glibc-hwcaps/x86-64-v2/libuv.so.1", O_RDONLY|O_CLOEXEC) = -1 ENOENT (No such file or directory)
8030  openat(AT_FDCWD, "/nix/store/y890wk5v7h4dzfs69jycv3fj0fx5y9i5-libuv-1.51.0/lib/libuv.so.1", O_RDONLY|O_CLOEXEC) = 3
8030  openat(AT_FDCWD, "/nix/store/ri9paa3mri4kqakljak8ldvbcp7lpmif-zlib-1.3.1/lib/libsimdjson.so.29", O_RDONLY|O_CLOEXEC) = -1 ENOENT (No such file or directory)
8030  openat(AT_FDCWD, "/nix/store/8kwysbrm9zrfcsfbix7hkjj72r5kgiwv-llhttp-9.3.0/lib/libsimdjson.so.29", O_RDONLY|O_CLOEXEC) = -1 ENOENT (No such file or directory)
8030  openat(AT_FDCWD, "/nix/store/y890wk5v7h4dzfs69jycv3fj0fx5y9i5-libuv-1.51.0/lib/libsimdjson.so.29", O_RDONLY|O_CLOEXEC) = -1 ENOENT (No such file or directory)
8030  openat(AT_FDCWD, "/nix/store/3mg43r6bvdvf0zm3rxj1x9v2vwg6kwmn-simdjson-4.2.4/lib/glibc-hwcaps/x86-64-v4/libsimdjson.so.29", O_RDONLY|O_CLOEXEC) = -1 ENOENT (No such file or directory)
8030  openat(AT_FDCWD, "/nix/store/3mg43r6bvdvf0zm3rxj1x9v2vwg6kwmn-simdjson-4.2.4/lib/glibc-hwcaps/x86-64-v3/libsimdjson.so.29", O_RDONLY|O_CLOEXEC) = -1 ENOENT (No such file or directory)
8030  openat(AT_FDCWD, "/nix/store/3mg43r6bvdvf0zm3rxj1x9v2vwg6kwmn-simdjson-4.2.4/lib/glibc-hwcaps/x86-64-v2/libsimdjson.so.29", O_RDONLY|O_CLOEXEC) = -1 ENOENT (No such file or directory)
8030  openat(AT_FDCWD, "/nix/store/3mg43r6bvdvf0zm3rxj1x9v2vwg6kwmn-simdjson-4.2.4/lib/libsimdjson.so.29", O_RDONLY|O_CLOEXEC) = 3
8030  openat(AT_FDCWD, "/nix/store/ri9paa3mri4kqakljak8ldvbcp7lpmif-zlib-1.3.1/lib/libbrotlidec.so.1", O_RDONLY|O_CLOEXEC) = -1 ENOENT (No such file or directory)
8030  openat(AT_FDCWD, "/nix/store/8kwysbrm9zrfcsfbix7hkjj72r5kgiwv-llhttp-9.3.0/lib/libbrotlidec.so.1", O_RDONLY|O_CLOEXEC) = -1 ENOENT (No such file or directory)
8030  openat(AT_FDCWD, "/nix/store/y890wk5v7h4dzfs69jycv3fj0fx5y9i5-libuv-1.51.0/lib/libbrotlidec.so.1", O_RDONLY|O_CLOEXEC) = -1 ENOENT (No such file or directory)
8030  openat(AT_FDCWD, "/nix/store/3mg43r6bvdvf0zm3rxj1x9v2vwg6kwmn-simdjson-4.2.4/lib/libbrotlidec.so.1", O_RDONLY|O_CLOEXEC) = -1 ENOENT (No such file or directory)
8030  openat(AT_FDCWD, "/nix/store/q5hdxy658850yynggmkjblbqfgs1w4nq-brotli-1.2.0-lib/lib/glibc-hwcaps/x86-64-v4/libbrotlidec.so.1", O_RDONLY|O_CLOEXEC) = -1 ENOENT (No such file or directory)
8030  openat(AT_FDCWD, "/nix/store/q5hdxy658850yynggmkjblbqfgs1w4nq-brotli-1.2.0-lib/lib/glibc-hwcaps/x86-64-v3/libbrotlidec.so.1", O_RDONLY|O_CLOEXEC) = -1 ENOENT (No such file or directory)
8030  openat(AT_FDCWD, "/nix/store/q5hdxy658850yynggmkjblbqfgs1w4nq-brotli-1.2.0-lib/lib/glibc-hwcaps/x86-64-v2/libbrotlidec.so.1", O_RDONLY|O_CLOEXEC) = -1 ENOENT (No such file or directory)
8030  openat(AT_FDCWD, "/nix/store/q5hdxy658850yynggmkjblbqfgs1w4nq-brotli-1.2.0-lib/lib/libbrotlidec.so.1", O_RDONLY|O_CLOEXEC) = 3
8030  openat(AT_FDCWD, "/nix/store/ri9paa3mri4kqakljak8ldvbcp7lpmif-zlib-1.3.1/lib/libbrotlienc.so.1", O_RDONLY|O_CLOEXEC) = -1 ENOENT (No such file or directory)
8030  openat(AT_FDCWD, "/nix/store/8kwysbrm9zrfcsfbix7hkjj72r5kgiwv-llhttp-9.3.0/lib/libbrotlienc.so.1", O_RDONLY|O_CLOEXEC) = -1 ENOENT (No such file or directory)
8030  openat(AT_FDCWD, "/nix/store/y890wk5v7h4dzfs69jycv3fj0fx5y9i5-libuv-1.51.0/lib/libbrotlienc.so.1", O_RDONLY|O_CLOEXEC) = -1 ENOENT (No such file or directory)
8030  openat(AT_FDCWD, "/nix/store/3mg43r6bvdvf0zm3rxj1x9v2vwg6kwmn-simdjson-4.2.4/lib/libbrotlienc.so.1", O_RDONLY|O_CLOEXEC) = -1 ENOENT (No such file or directory)
8030  openat(AT_FDCWD, "/nix/store/q5hdxy658850yynggmkjblbqfgs1w4nq-brotli-1.2.0-lib/lib/libbrotlienc.so.1", O_RDONLY|O_CLOEXEC) = 3
8030  openat(AT_FDCWD, "/nix/store/ri9paa3mri4kqakljak8ldvbcp7lpmif-zlib-1.3.1/lib/libcares.so.2", O_RDONLY|O_CLOEXEC) = -1 ENOENT (No such file or directory)
8030  openat(AT_FDCWD, "/nix/store/8kwysbrm9zrfcsfbix7hkjj72r5kgiwv-llhttp-9.3.0/lib/libcares.so.2", O_RDONLY|O_CLOEXEC) = -1 ENOENT (No such file or directory)
8030  openat(AT_FDCWD, "/nix/store/y890wk5v7h4dzfs69jycv3fj0fx5y9i5-libuv-1.51.0/lib/libcares.so.2", O_RDONLY|O_CLOEXEC) = -1 ENOENT (No such file or directory)
8030  openat(AT_FDCWD, "/nix/store/3mg43r6bvdvf0zm3rxj1x9v2vwg6kwmn-simdjson-4.2.4/lib/libcares.so.2", O_RDONLY|O_CLOEXEC) = -1 ENOENT (No such file or directory)
8030  openat(AT_FDCWD, "/nix/store/q5hdxy658850yynggmkjblbqfgs1w4nq-brotli-1.2.0-lib/lib/libcares.so.2", O_RDONLY|O_CLOEXEC) = -1 ENOENT (No such file or directory)
8030  openat(AT_FDCWD, "/nix/store/dkvxkb5cb4zl792gz2msbgxhhk2mh43i-c-ares-1.34.6/lib/glibc-hwcaps/x86-64-v4/libcares.so.2", O_RDONLY|O_CLOEXEC) = -1 ENOENT (No such file or directory)
8030  openat(AT_FDCWD, "/nix/store/dkvxkb5cb4zl792gz2msbgxhhk2mh43i-c-ares-1.34.6/lib/glibc-hwcaps/x86-64-v3/libcares.so.2", O_RDONLY|O_CLOEXEC) = -1 ENOENT (No such file or directory)
8030  openat(AT_FDCWD, "/nix/store/dkvxkb5cb4zl792gz2msbgxhhk2mh43i-c-ares-1.34.6/lib/glibc-hwcaps/x86-64-v2/libcares.so.2", O_RDONLY|O_CLOEXEC) = -1 ENOENT (No such file or directory)
8030  openat(AT_FDCWD, "/nix/store/dkvxkb5cb4zl792gz2msbgxhhk2mh43i-c-ares-1.34.6/lib/libcares.so.2", O_RDONLY|O_CLOEXEC) = 3
8030  openat(AT_FDCWD, "/nix/store/ri9paa3mri4kqakljak8ldvbcp7lpmif-zlib-1.3.1/lib/libnghttp2.so.14", O_RDONLY|O_CLOEXEC) = -1 ENOENT (No such file or directory)
8030  openat(AT_FDCWD, "/nix/store/8kwysbrm9zrfcsfbix7hkjj72r5kgiwv-llhttp-9.3.0/lib/libnghttp2.so.14", O_RDONLY|O_CLOEXEC) = -1 ENOENT (No such file or directory)
8030  openat(AT_FDCWD, "/nix/store/y890wk5v7h4dzfs69jycv3fj0fx5y9i5-libuv-1.51.0/lib/libnghttp2.so.14", O_RDONLY|O_CLOEXEC) = -1 ENOENT (No such file or directory)
8030  openat(AT_FDCWD, "/nix/store/3mg43r6bvdvf0zm3rxj1x9v2vwg6kwmn-simdjson-4.2.4/lib/libnghttp2.so.14", O_RDONLY|O_CLOEXEC) = -1 ENOENT (No such file or directory)
8030  openat(AT_FDCWD, "/nix/store/q5hdxy658850yynggmkjblbqfgs1w4nq-brotli-1.2.0-lib/lib/libnghttp2.so.14", O_RDONLY|O_CLOEXEC) = -1 ENOENT (No such file or directory)
8030  openat(AT_FDCWD, "/nix/store/dkvxkb5cb4zl792gz2msbgxhhk2mh43i-c-ares-1.34.6/lib/libnghttp2.so.14", O_RDONLY|O_CLOEXEC) = -1 ENOENT (No such file or directory)
8030  openat(AT_FDCWD, "/nix/store/j45rf4zx05ckp2d3fj6nb7js7zhs10dx-nghttp2-1.67.1-lib/lib/glibc-hwcaps/x86-64-v4/libnghttp2.so.14", O_RDONLY|O_CLOEXEC) = -1 ENOENT (No such file or directory)
8030  openat(AT_FDCWD, "/nix/store/j45rf4zx05ckp2d3fj6nb7js7zhs10dx-nghttp2-1.67.1-lib/lib/glibc-hwcaps/x86-64-v3/libnghttp2.so.14", O_RDONLY|O_CLOEXEC) = -1 ENOENT (No such file or directory)
8030  openat(AT_FDCWD, "/nix/store/j45rf4zx05ckp2d3fj6nb7js7zhs10dx-nghttp2-1.67.1-lib/lib/glibc-hwcaps/x86-64-v2/libnghttp2.so.14", O_RDONLY|O_CLOEXEC) = -1 ENOENT (No such file or directory)
8030  openat(AT_FDCWD, "/nix/store/j45rf4zx05ckp2d3fj6nb7js7zhs10dx-nghttp2-1.67.1-lib/lib/libnghttp2.so.14", O_RDONLY|O_CLOEXEC) = 3
8030  openat(AT_FDCWD, "/nix/store/ri9paa3mri4kqakljak8ldvbcp7lpmif-zlib-1.3.1/lib/libnghttp3.so.9", O_RDONLY|O_CLOEXEC) = -1 ENOENT (No such file or directory)
8030  openat(AT_FDCWD, "/nix/store/8kwysbrm9zrfcsfbix7hkjj72r5kgiwv-llhttp-9.3.0/lib/libnghttp3.so.9", O_RDONLY|O_CLOEXEC) = -1 ENOENT (No such file or directory)
8030  openat(AT_FDCWD, "/nix/store/y890wk5v7h4dzfs69jycv3fj0fx5y9i5-libuv-1.51.0/lib/libnghttp3.so.9", O_RDONLY|O_CLOEXEC) = -1 ENOENT (No such file or directory)
8030  openat(AT_FDCWD, "/nix/store/3mg43r6bvdvf0zm3rxj1x9v2vwg6kwmn-simdjson-4.2.4/lib/libnghttp3.so.9", O_RDONLY|O_CLOEXEC) = -1 ENOENT (No such file or directory)
8030  openat(AT_FDCWD, "/nix/store/q5hdxy658850yynggmkjblbqfgs1w4nq-brotli-1.2.0-lib/lib/libnghttp3.so.9", O_RDONLY|O_CLOEXEC) = -1 ENOENT (No such file or directory)
8030  openat(AT_FDCWD, "/nix/store/dkvxkb5cb4zl792gz2msbgxhhk2mh43i-c-ares-1.34.6/lib/libnghttp3.so.9", O_RDONLY|O_CLOEXEC) = -1 ENOENT (No such file or directory)
8030  openat(AT_FDCWD, "/nix/store/j45rf4zx05ckp2d3fj6nb7js7zhs10dx-nghttp2-1.67.1-lib/lib/libnghttp3.so.9", O_RDONLY|O_CLOEXEC) = -1 ENOENT (No such file or directory)
8030  openat(AT_FDCWD, "/nix/store/x1avvg7xfcb6699afppcbd5qk24smg4n-nghttp3-1.13.1/lib/glibc-hwcaps/x86-64-v4/libnghttp3.so.9", O_RDONLY|O_CLOEXEC) = -1 ENOENT (No such file or directory)
8030  openat(AT_FDCWD, "/nix/store/x1avvg7xfcb6699afppcbd5qk24smg4n-nghttp3-1.13.1/lib/glibc-hwcaps/x86-64-v3/libnghttp3.so.9", O_RDONLY|O_CLOEXEC) = -1 ENOENT (No such file or directory)
8030  openat(AT_FDCWD, "/nix/store/x1avvg7xfcb6699afppcbd5qk24smg4n-nghttp3-1.13.1/lib/glibc-hwcaps/x86-64-v2/libnghttp3.so.9", O_RDONLY|O_CLOEXEC) = -1 ENOENT (No such file or directory)
8030  openat(AT_FDCWD, "/nix/store/x1avvg7xfcb6699afppcbd5qk24smg4n-nghttp3-1.13.1/lib/libnghttp3.so.9", O_RDONLY|O_CLOEXEC) = 3
8030  openat(AT_FDCWD, "/nix/store/ri9paa3mri4kqakljak8ldvbcp7lpmif-zlib-1.3.1/lib/libngtcp2.so.16", O_RDONLY|O_CLOEXEC) = -1 ENOENT (No such file or directory)
8030  openat(AT_FDCWD, "/nix/store/8kwysbrm9zrfcsfbix7hkjj72r5kgiwv-llhttp-9.3.0/lib/libngtcp2.so.16", O_RDONLY|O_CLOEXEC) = -1 ENOENT (No such file or directory)
8030  openat(AT_FDCWD, "/nix/store/y890wk5v7h4dzfs69jycv3fj0fx5y9i5-libuv-1.51.0/lib/libngtcp2.so.16", O_RDONLY|O_CLOEXEC) = -1 ENOENT (No such file or directory)
8030  openat(AT_FDCWD, "/nix/store/3mg43r6bvdvf0zm3rxj1x9v2vwg6kwmn-simdjson-4.2.4/lib/libngtcp2.so.16", O_RDONLY|O_CLOEXEC) = -1 ENOENT (No such file or directory)
8030  openat(AT_FDCWD, "/nix/store/q5hdxy658850yynggmkjblbqfgs1w4nq-brotli-1.2.0-lib/lib/libngtcp2.so.16", O_RDONLY|O_CLOEXEC) = -1 ENOENT (No such file or directory)
8030  openat(AT_FDCWD, "/nix/store/dkvxkb5cb4zl792gz2msbgxhhk2mh43i-c-ares-1.34.6/lib/libngtcp2.so.16", O_RDONLY|O_CLOEXEC) = -1 ENOENT (No such file or directory)
8030  openat(AT_FDCWD, "/nix/store/j45rf4zx05ckp2d3fj6nb7js7zhs10dx-nghttp2-1.67.1-lib/lib/libngtcp2.so.16", O_RDONLY|O_CLOEXEC) = -1 ENOENT (No such file or directory)
8030  openat(AT_FDCWD, "/nix/store/x1avvg7xfcb6699afppcbd5qk24smg4n-nghttp3-1.13.1/lib/libngtcp2.so.16", O_RDONLY|O_CLOEXEC) = -1 ENOENT (No such file or directory)
8030  openat(AT_FDCWD, "/nix/store/zi565pibhgz582kxliylqpvmq1gq9z71-ngtcp2-1.18.0/lib/glibc-hwcaps/x86-64-v4/libngtcp2.so.16", O_RDONLY|O_CLOEXEC) = -1 ENOENT (No such file or directory)
8030  openat(AT_FDCWD, "/nix/store/zi565pibhgz582kxliylqpvmq1gq9z71-ngtcp2-1.18.0/lib/glibc-hwcaps/x86-64-v3/libngtcp2.so.16", O_RDONLY|O_CLOEXEC) = -1 ENOENT (No such file or directory)
8030  openat(AT_FDCWD, "/nix/store/zi565pibhgz582kxliylqpvmq1gq9z71-ngtcp2-1.18.0/lib/glibc-hwcaps/x86-64-v2/libngtcp2.so.16", O_RDONLY|O_CLOEXEC) = -1 ENOENT (No such file or directory)
8030  openat(AT_FDCWD, "/nix/store/zi565pibhgz582kxliylqpvmq1gq9z71-ngtcp2-1.18.0/lib/libngtcp2.so.16", O_RDONLY|O_CLOEXEC) = 3
8030  openat(AT_FDCWD, "/nix/store/ri9paa3mri4kqakljak8ldvbcp7lpmif-zlib-1.3.1/lib/libsqlite3.so", O_RDONLY|O_CLOEXEC) = -1 ENOENT (No such file or directory)
8030  openat(AT_FDCWD, "/nix/store/8kwysbrm9zrfcsfbix7hkjj72r5kgiwv-llhttp-9.3.0/lib/libsqlite3.so", O_RDONLY|O_CLOEXEC) = -1 ENOENT (No such file or directory)
8030  openat(AT_FDCWD, "/nix/store/y890wk5v7h4dzfs69jycv3fj0fx5y9i5-libuv-1.51.0/lib/libsqlite3.so", O_RDONLY|O_CLOEXEC) = -1 ENOENT (No such file or directory)
8030  openat(AT_FDCWD, "/nix/store/3mg43r6bvdvf0zm3rxj1x9v2vwg6kwmn-simdjson-4.2.4/lib/libsqlite3.so", O_RDONLY|O_CLOEXEC) = -1 ENOENT (No such file or directory)
8030  openat(AT_FDCWD, "/nix/store/q5hdxy658850yynggmkjblbqfgs1w4nq-brotli-1.2.0-lib/lib/libsqlite3.so", O_RDONLY|O_CLOEXEC) = -1 ENOENT (No such file or directory)
8030  openat(AT_FDCWD, "/nix/store/dkvxkb5cb4zl792gz2msbgxhhk2mh43i-c-ares-1.34.6/lib/libsqlite3.so", O_RDONLY|O_CLOEXEC) = -1 ENOENT (No such file or directory)
8030  openat(AT_FDCWD, "/nix/store/j45rf4zx05ckp2d3fj6nb7js7zhs10dx-nghttp2-1.67.1-lib/lib/libsqlite3.so", O_RDONLY|O_CLOEXEC) = -1 ENOENT (No such file or directory)
8030  openat(AT_FDCWD, "/nix/store/x1avvg7xfcb6699afppcbd5qk24smg4n-nghttp3-1.13.1/lib/libsqlite3.so", O_RDONLY|O_CLOEXEC) = -1 ENOENT (No such file or directory)
8030  openat(AT_FDCWD, "/nix/store/zi565pibhgz582kxliylqpvmq1gq9z71-ngtcp2-1.18.0/lib/libsqlite3.so", O_RDONLY|O_CLOEXEC) = -1 ENOENT (No such file or directory)
8030  openat(AT_FDCWD, "/nix/store/bn7m7qn8k7b27jy5lkq3bg4vcxnyjpq0-sqlite-3.51.2/lib/glibc-hwcaps/x86-64-v4/libsqlite3.so", O_RDONLY|O_CLOEXEC) = -1 ENOENT (No such file or directory)
8030  openat(AT_FDCWD, "/nix/store/bn7m7qn8k7b27jy5lkq3bg4vcxnyjpq0-sqlite-3.51.2/lib/glibc-hwcaps/x86-64-v3/libsqlite3.so", O_RDONLY|O_CLOEXEC) = -1 ENOENT (No such file or directory)
8030  openat(AT_FDCWD, "/nix/store/bn7m7qn8k7b27jy5lkq3bg4vcxnyjpq0-sqlite-3.51.2/lib/glibc-hwcaps/x86-64-v2/libsqlite3.so", O_RDONLY|O_CLOEXEC) = -1 ENOENT (No such file or directory)
8030  openat(AT_FDCWD, "/nix/store/bn7m7qn8k7b27jy5lkq3bg4vcxnyjpq0-sqlite-3.51.2/lib/libsqlite3.so", O_RDONLY|O_CLOEXEC) = 3
8030  openat(AT_FDCWD, "/nix/store/ri9paa3mri4kqakljak8ldvbcp7lpmif-zlib-1.3.1/lib/libuvwasi.so", O_RDONLY|O_CLOEXEC) = -1 ENOENT (No such file or directory)
8030  openat(AT_FDCWD, "/nix/store/8kwysbrm9zrfcsfbix7hkjj72r5kgiwv-llhttp-9.3.0/lib/libuvwasi.so", O_RDONLY|O_CLOEXEC) = -1 ENOENT (No such file or directory)
8030  openat(AT_FDCWD, "/nix/store/y890wk5v7h4dzfs69jycv3fj0fx5y9i5-libuv-1.51.0/lib/libuvwasi.so", O_RDONLY|O_CLOEXEC) = -1 ENOENT (No such file or directory)
8030  openat(AT_FDCWD, "/nix/store/3mg43r6bvdvf0zm3rxj1x9v2vwg6kwmn-simdjson-4.2.4/lib/libuvwasi.so", O_RDONLY|O_CLOEXEC) = -1 ENOENT (No such file or directory)
8030  openat(AT_FDCWD, "/nix/store/q5hdxy658850yynggmkjblbqfgs1w4nq-brotli-1.2.0-lib/lib/libuvwasi.so", O_RDONLY|O_CLOEXEC) = -1 ENOENT (No such file or directory)
8030  openat(AT_FDCWD, "/nix/store/dkvxkb5cb4zl792gz2msbgxhhk2mh43i-c-ares-1.34.6/lib/libuvwasi.so", O_RDONLY|O_CLOEXEC) = -1 ENOENT (No such file or directory)
8030  openat(AT_FDCWD, "/nix/store/j45rf4zx05ckp2d3fj6nb7js7zhs10dx-nghttp2-1.67.1-lib/lib/libuvwasi.so", O_RDONLY|O_CLOEXEC) = -1 ENOENT (No such file or directory)
8030  openat(AT_FDCWD, "/nix/store/x1avvg7xfcb6699afppcbd5qk24smg4n-nghttp3-1.13.1/lib/libuvwasi.so", O_RDONLY|O_CLOEXEC) = -1 ENOENT (No such file or directory)
8030  openat(AT_FDCWD, "/nix/store/zi565pibhgz582kxliylqpvmq1gq9z71-ngtcp2-1.18.0/lib/libuvwasi.so", O_RDONLY|O_CLOEXEC) = -1 ENOENT (No such file or directory)
8030  openat(AT_FDCWD, "/nix/store/bn7m7qn8k7b27jy5lkq3bg4vcxnyjpq0-sqlite-3.51.2/lib/libuvwasi.so", O_RDONLY|O_CLOEXEC) = -1 ENOENT (No such file or directory)
8030  openat(AT_FDCWD, "/nix/store/x0bq7h936cp5dz83wq0wdhnimzcy85fd-uvwasi-0.0.23/lib/glibc-hwcaps/x86-64-v4/libuvwasi.so", O_RDONLY|O_CLOEXEC) = -1 ENOENT (No such file or directory)
8030  openat(AT_FDCWD, "/nix/store/x0bq7h936cp5dz83wq0wdhnimzcy85fd-uvwasi-0.0.23/lib/glibc-hwcaps/x86-64-v3/libuvwasi.so", O_RDONLY|O_CLOEXEC) = -1 ENOENT (No such file or directory)
8030  openat(AT_FDCWD, "/nix/store/x0bq7h936cp5dz83wq0wdhnimzcy85fd-uvwasi-0.0.23/lib/glibc-hwcaps/x86-64-v2/libuvwasi.so", O_RDONLY|O_CLOEXEC) = -1 ENOENT (No such file or directory)
8030  openat(AT_FDCWD, "/nix/store/x0bq7h936cp5dz83wq0wdhnimzcy85fd-uvwasi-0.0.23/lib/libuvwasi.so", O_RDONLY|O_CLOEXEC) = 3
8030  openat(AT_FDCWD, "/nix/store/ri9paa3mri4kqakljak8ldvbcp7lpmif-zlib-1.3.1/lib/libzstd.so.1", O_RDONLY|O_CLOEXEC) = -1 ENOENT (No such file or directory)
8030  openat(AT_FDCWD, "/nix/store/8kwysbrm9zrfcsfbix7hkjj72r5kgiwv-llhttp-9.3.0/lib/libzstd.so.1", O_RDONLY|O_CLOEXEC) = -1 ENOENT (No such file or directory)
8030  openat(AT_FDCWD, "/nix/store/y890wk5v7h4dzfs69jycv3fj0fx5y9i5-libuv-1.51.0/lib/libzstd.so.1", O_RDONLY|O_CLOEXEC) = -1 ENOENT (No such file or directory)
8030  openat(AT_FDCWD, "/nix/store/3mg43r6bvdvf0zm3rxj1x9v2vwg6kwmn-simdjson-4.2.4/lib/libzstd.so.1", O_RDONLY|O_CLOEXEC) = -1 ENOENT (No such file or directory)
8030  openat(AT_FDCWD, "/nix/store/q5hdxy658850yynggmkjblbqfgs1w4nq-brotli-1.2.0-lib/lib/libzstd.so.1", O_RDONLY|O_CLOEXEC) = -1 ENOENT (No such file or directory)
8030  openat(AT_FDCWD, "/nix/store/dkvxkb5cb4zl792gz2msbgxhhk2mh43i-c-ares-1.34.6/lib/libzstd.so.1", O_RDONLY|O_CLOEXEC) = -1 ENOENT (No such file or directory)
8030  openat(AT_FDCWD, "/nix/store/j45rf4zx05ckp2d3fj6nb7js7zhs10dx-nghttp2-1.67.1-lib/lib/libzstd.so.1", O_RDONLY|O_CLOEXEC) = -1 ENOENT (No such file or directory)
8030  openat(AT_FDCWD, "/nix/store/x1avvg7xfcb6699afppcbd5qk24smg4n-nghttp3-1.13.1/lib/libzstd.so.1", O_RDONLY|O_CLOEXEC) = -1 ENOENT (No such file or directory)
8030  openat(AT_FDCWD, "/nix/store/zi565pibhgz582kxliylqpvmq1gq9z71-ngtcp2-1.18.0/lib/libzstd.so.1", O_RDONLY|O_CLOEXEC) = -1 ENOENT (No such file or directory)
8030  openat(AT_FDCWD, "/nix/store/bn7m7qn8k7b27jy5lkq3bg4vcxnyjpq0-sqlite-3.51.2/lib/libzstd.so.1", O_RDONLY|O_CLOEXEC) = -1 ENOENT (No such file or directory)
8030  openat(AT_FDCWD, "/nix/store/x0bq7h936cp5dz83wq0wdhnimzcy85fd-uvwasi-0.0.23/lib/libzstd.so.1", O_RDONLY|O_CLOEXEC) = -1 ENOENT (No such file or directory)
8030  openat(AT_FDCWD, "/nix/store/hqjka260vqvnl1k73dwqqqhcx0yiy6c0-zstd-1.5.7/lib/glibc-hwcaps/x86-64-v4/libzstd.so.1", O_RDONLY|O_CLOEXEC) = -1 ENOENT (No such file or directory)
8030  openat(AT_FDCWD, "/nix/store/hqjka260vqvnl1k73dwqqqhcx0yiy6c0-zstd-1.5.7/lib/glibc-hwcaps/x86-64-v3/libzstd.so.1", O_RDONLY|O_CLOEXEC) = -1 ENOENT (No such file or directory)
8030  openat(AT_FDCWD, "/nix/store/hqjka260vqvnl1k73dwqqqhcx0yiy6c0-zstd-1.5.7/lib/glibc-hwcaps/x86-64-v2/libzstd.so.1", O_RDONLY|O_CLOEXEC) = -1 ENOENT (No such file or directory)
8030  openat(AT_FDCWD, "/nix/store/hqjka260vqvnl1k73dwqqqhcx0yiy6c0-zstd-1.5.7/lib/libzstd.so.1", O_RDONLY|O_CLOEXEC) = 3
8030  openat(AT_FDCWD, "/nix/store/ri9paa3mri4kqakljak8ldvbcp7lpmif-zlib-1.3.1/lib/libcrypto.so.3", O_RDONLY|O_CLOEXEC) = -1 ENOENT (No such file or directory)
8030  openat(AT_FDCWD, "/nix/store/8kwysbrm9zrfcsfbix7hkjj72r5kgiwv-llhttp-9.3.0/lib/libcrypto.so.3", O_RDONLY|O_CLOEXEC) = -1 ENOENT (No such file or directory)
8030  openat(AT_FDCWD, "/nix/store/y890wk5v7h4dzfs69jycv3fj0fx5y9i5-libuv-1.51.0/lib/libcrypto.so.3", O_RDONLY|O_CLOEXEC) = -1 ENOENT (No such file or directory)
8030  openat(AT_FDCWD, "/nix/store/3mg43r6bvdvf0zm3rxj1x9v2vwg6kwmn-simdjson-4.2.4/lib/libcrypto.so.3", O_RDONLY|O_CLOEXEC) = -1 ENOENT (No such file or directory)
8030  openat(AT_FDCWD, "/nix/store/q5hdxy658850yynggmkjblbqfgs1w4nq-brotli-1.2.0-lib/lib/libcrypto.so.3", O_RDONLY|O_CLOEXEC) = -1 ENOENT (No such file or directory)
8030  openat(AT_FDCWD, "/nix/store/dkvxkb5cb4zl792gz2msbgxhhk2mh43i-c-ares-1.34.6/lib/libcrypto.so.3", O_RDONLY|O_CLOEXEC) = -1 ENOENT (No such file or directory)
8030  openat(AT_FDCWD, "/nix/store/j45rf4zx05ckp2d3fj6nb7js7zhs10dx-nghttp2-1.67.1-lib/lib/libcrypto.so.3", O_RDONLY|O_CLOEXEC) = -1 ENOENT (No such file or directory)
8030  openat(AT_FDCWD, "/nix/store/x1avvg7xfcb6699afppcbd5qk24smg4n-nghttp3-1.13.1/lib/libcrypto.so.3", O_RDONLY|O_CLOEXEC) = -1 ENOENT (No such file or directory)
8030  openat(AT_FDCWD, "/nix/store/zi565pibhgz582kxliylqpvmq1gq9z71-ngtcp2-1.18.0/lib/libcrypto.so.3", O_RDONLY|O_CLOEXEC) = -1 ENOENT (No such file or directory)
8030  openat(AT_FDCWD, "/nix/store/bn7m7qn8k7b27jy5lkq3bg4vcxnyjpq0-sqlite-3.51.2/lib/libcrypto.so.3", O_RDONLY|O_CLOEXEC) = -1 ENOENT (No such file or directory)
8030  openat(AT_FDCWD, "/nix/store/x0bq7h936cp5dz83wq0wdhnimzcy85fd-uvwasi-0.0.23/lib/libcrypto.so.3", O_RDONLY|O_CLOEXEC) = -1 ENOENT (No such file or directory)
8030  openat(AT_FDCWD, "/nix/store/hqjka260vqvnl1k73dwqqqhcx0yiy6c0-zstd-1.5.7/lib/libcrypto.so.3", O_RDONLY|O_CLOEXEC) = -1 ENOENT (No such file or directory)
8030  openat(AT_FDCWD, "/nix/store/g7lir5wb7g1a31szgw6n5wa0kbsq04zd-openssl-3.6.0/lib/glibc-hwcaps/x86-64-v4/libcrypto.so.3", O_RDONLY|O_CLOEXEC) = -1 ENOENT (No such file or directory)
8030  openat(AT_FDCWD, "/nix/store/g7lir5wb7g1a31szgw6n5wa0kbsq04zd-openssl-3.6.0/lib/glibc-hwcaps/x86-64-v3/libcrypto.so.3", O_RDONLY|O_CLOEXEC) = -1 ENOENT (No such file or directory)
8030  openat(AT_FDCWD, "/nix/store/g7lir5wb7g1a31szgw6n5wa0kbsq04zd-openssl-3.6.0/lib/glibc-hwcaps/x86-64-v2/libcrypto.so.3", O_RDONLY|O_CLOEXEC) = -1 ENOENT (No such file or directory)
8030  openat(AT_FDCWD, "/nix/store/g7lir5wb7g1a31szgw6n5wa0kbsq04zd-openssl-3.6.0/lib/libcrypto.so.3", O_RDONLY|O_CLOEXEC) = 3
8030  openat(AT_FDCWD, "/nix/store/ri9paa3mri4kqakljak8ldvbcp7lpmif-zlib-1.3.1/lib/libssl.so.3", O_RDONLY|O_CLOEXEC) = -1 ENOENT (No such file or directory)
8030  openat(AT_FDCWD, "/nix/store/8kwysbrm9zrfcsfbix7hkjj72r5kgiwv-llhttp-9.3.0/lib/libssl.so.3", O_RDONLY|O_CLOEXEC) = -1 ENOENT (No such file or directory)
8030  openat(AT_FDCWD, "/nix/store/y890wk5v7h4dzfs69jycv3fj0fx5y9i5-libuv-1.51.0/lib/libssl.so.3", O_RDONLY|O_CLOEXEC) = -1 ENOENT (No such file or directory)
8030  openat(AT_FDCWD, "/nix/store/3mg43r6bvdvf0zm3rxj1x9v2vwg6kwmn-simdjson-4.2.4/lib/libssl.so.3", O_RDONLY|O_CLOEXEC) = -1 ENOENT (No such file or directory)
8030  openat(AT_FDCWD, "/nix/store/q5hdxy658850yynggmkjblbqfgs1w4nq-brotli-1.2.0-lib/lib/libssl.so.3", O_RDONLY|O_CLOEXEC) = -1 ENOENT (No such file or directory)
8030  openat(AT_FDCWD, "/nix/store/dkvxkb5cb4zl792gz2msbgxhhk2mh43i-c-ares-1.34.6/lib/libssl.so.3", O_RDONLY|O_CLOEXEC) = -1 ENOENT (No such file or directory)
8030  openat(AT_FDCWD, "/nix/store/j45rf4zx05ckp2d3fj6nb7js7zhs10dx-nghttp2-1.67.1-lib/lib/libssl.so.3", O_RDONLY|O_CLOEXEC) = -1 ENOENT (No such file or directory)
8030  openat(AT_FDCWD, "/nix/store/x1avvg7xfcb6699afppcbd5qk24smg4n-nghttp3-1.13.1/lib/libssl.so.3", O_RDONLY|O_CLOEXEC) = -1 ENOENT (No such file or directory)
8030  openat(AT_FDCWD, "/nix/store/zi565pibhgz582kxliylqpvmq1gq9z71-ngtcp2-1.18.0/lib/libssl.so.3", O_RDONLY|O_CLOEXEC) = -1 ENOENT (No such file or directory)
8030  openat(AT_FDCWD, "/nix/store/bn7m7qn8k7b27jy5lkq3bg4vcxnyjpq0-sqlite-3.51.2/lib/libssl.so.3", O_RDONLY|O_CLOEXEC) = -1 ENOENT (No such file or directory)
8030  openat(AT_FDCWD, "/nix/store/x0bq7h936cp5dz83wq0wdhnimzcy85fd-uvwasi-0.0.23/lib/libssl.so.3", O_RDONLY|O_CLOEXEC) = -1 ENOENT (No such file or directory)
8030  openat(AT_FDCWD, "/nix/store/hqjka260vqvnl1k73dwqqqhcx0yiy6c0-zstd-1.5.7/lib/libssl.so.3", O_RDONLY|O_CLOEXEC) = -1 ENOENT (No such file or directory)
8030  openat(AT_FDCWD, "/nix/store/g7lir5wb7g1a31szgw6n5wa0kbsq04zd-openssl-3.6.0/lib/libssl.so.3", O_RDONLY|O_CLOEXEC) = 3
8030  openat(AT_FDCWD, "/nix/store/ri9paa3mri4kqakljak8ldvbcp7lpmif-zlib-1.3.1/lib/libicui18n.so.76", O_RDONLY|O_CLOEXEC) = -1 ENOENT (No such file or directory)
8030  openat(AT_FDCWD, "/nix/store/8kwysbrm9zrfcsfbix7hkjj72r5kgiwv-llhttp-9.3.0/lib/libicui18n.so.76", O_RDONLY|O_CLOEXEC) = -1 ENOENT (No such file or directory)
8030  openat(AT_FDCWD, "/nix/store/y890wk5v7h4dzfs69jycv3fj0fx5y9i5-libuv-1.51.0/lib/libicui18n.so.76", O_RDONLY|O_CLOEXEC) = -1 ENOENT (No such file or directory)
8030  openat(AT_FDCWD, "/nix/store/3mg43r6bvdvf0zm3rxj1x9v2vwg6kwmn-simdjson-4.2.4/lib/libicui18n.so.76", O_RDONLY|O_CLOEXEC) = -1 ENOENT (No such file or directory)
8030  openat(AT_FDCWD, "/nix/store/q5hdxy658850yynggmkjblbqfgs1w4nq-brotli-1.2.0-lib/lib/libicui18n.so.76", O_RDONLY|O_CLOEXEC) = -1 ENOENT (No such file or directory)
8030  openat(AT_FDCWD, "/nix/store/dkvxkb5cb4zl792gz2msbgxhhk2mh43i-c-ares-1.34.6/lib/libicui18n.so.76", O_RDONLY|O_CLOEXEC) = -1 ENOENT (No such file or directory)
8030  openat(AT_FDCWD, "/nix/store/j45rf4zx05ckp2d3fj6nb7js7zhs10dx-nghttp2-1.67.1-lib/lib/libicui18n.so.76", O_RDONLY|O_CLOEXEC) = -1 ENOENT (No such file or directory)
8030  openat(AT_FDCWD, "/nix/store/x1avvg7xfcb6699afppcbd5qk24smg4n-nghttp3-1.13.1/lib/libicui18n.so.76", O_RDONLY|O_CLOEXEC) = -1 ENOENT (No such file or directory)
8030  openat(AT_FDCWD, "/nix/store/zi565pibhgz582kxliylqpvmq1gq9z71-ngtcp2-1.18.0/lib/libicui18n.so.76", O_RDONLY|O_CLOEXEC) = -1 ENOENT (No such file or directory)
8030  openat(AT_FDCWD, "/nix/store/bn7m7qn8k7b27jy5lkq3bg4vcxnyjpq0-sqlite-3.51.2/lib/libicui18n.so.76", O_RDONLY|O_CLOEXEC) = -1 ENOENT (No such file or directory)
8030  openat(AT_FDCWD, "/nix/store/x0bq7h936cp5dz83wq0wdhnimzcy85fd-uvwasi-0.0.23/lib/libicui18n.so.76", O_RDONLY|O_CLOEXEC) = -1 ENOENT (No such file or directory)
8030  openat(AT_FDCWD, "/nix/store/hqjka260vqvnl1k73dwqqqhcx0yiy6c0-zstd-1.5.7/lib/libicui18n.so.76", O_RDONLY|O_CLOEXEC) = -1 ENOENT (No such file or directory)
8030  openat(AT_FDCWD, "/nix/store/g7lir5wb7g1a31szgw6n5wa0kbsq04zd-openssl-3.6.0/lib/libicui18n.so.76", O_RDONLY|O_CLOEXEC) = -1 ENOENT (No such file or directory)
8030  openat(AT_FDCWD, "/nix/store/q34rjcffjcmhbnsx8nd6w0i2xamz66i3-icu4c-76.1/lib/glibc-hwcaps/x86-64-v4/libicui18n.so.76", O_RDONLY|O_CLOEXEC) = -1 ENOENT (No such file or directory)
8030  openat(AT_FDCWD, "/nix/store/q34rjcffjcmhbnsx8nd6w0i2xamz66i3-icu4c-76.1/lib/glibc-hwcaps/x86-64-v3/libicui18n.so.76", O_RDONLY|O_CLOEXEC) = -1 ENOENT (No such file or directory)
8030  openat(AT_FDCWD, "/nix/store/q34rjcffjcmhbnsx8nd6w0i2xamz66i3-icu4c-76.1/lib/glibc-hwcaps/x86-64-v2/libicui18n.so.76", O_RDONLY|O_CLOEXEC) = -1 ENOENT (No such file or directory)
8030  openat(AT_FDCWD, "/nix/store/q34rjcffjcmhbnsx8nd6w0i2xamz66i3-icu4c-76.1/lib/libicui18n.so.76", O_RDONLY|O_CLOEXEC) = 3
8030  openat(AT_FDCWD, "/nix/store/ri9paa3mri4kqakljak8ldvbcp7lpmif-zlib-1.3.1/lib/libicuuc.so.76", O_RDONLY|O_CLOEXEC) = -1 ENOENT (No such file or directory)
8030  openat(AT_FDCWD, "/nix/store/8kwysbrm9zrfcsfbix7hkjj72r5kgiwv-llhttp-9.3.0/lib/libicuuc.so.76", O_RDONLY|O_CLOEXEC) = -1 ENOENT (No such file or directory)
8030  openat(AT_FDCWD, "/nix/store/y890wk5v7h4dzfs69jycv3fj0fx5y9i5-libuv-1.51.0/lib/libicuuc.so.76", O_RDONLY|O_CLOEXEC) = -1 ENOENT (No such file or directory)
8030  openat(AT_FDCWD, "/nix/store/3mg43r6bvdvf0zm3rxj1x9v2vwg6kwmn-simdjson-4.2.4/lib/libicuuc.so.76", O_RDONLY|O_CLOEXEC) = -1 ENOENT (No such file or directory)
8030  openat(AT_FDCWD, "/nix/store/q5hdxy658850yynggmkjblbqfgs1w4nq-brotli-1.2.0-lib/lib/libicuuc.so.76", O_RDONLY|O_CLOEXEC) = -1 ENOENT (No such file or directory)
8030  openat(AT_FDCWD, "/nix/store/dkvxkb5cb4zl792gz2msbgxhhk2mh43i-c-ares-1.34.6/lib/libicuuc.so.76", O_RDONLY|O_CLOEXEC) = -1 ENOENT (No such file or directory)
8030  openat(AT_FDCWD, "/nix/store/j45rf4zx05ckp2d3fj6nb7js7zhs10dx-nghttp2-1.67.1-lib/lib/libicuuc.so.76", O_RDONLY|O_CLOEXEC) = -1 ENOENT (No such file or directory)
8030  openat(AT_FDCWD, "/nix/store/x1avvg7xfcb6699afppcbd5qk24smg4n-nghttp3-1.13.1/lib/libicuuc.so.76", O_RDONLY|O_CLOEXEC) = -1 ENOENT (No such file or directory)
8030  openat(AT_FDCWD, "/nix/store/zi565pibhgz582kxliylqpvmq1gq9z71-ngtcp2-1.18.0/lib/libicuuc.so.76", O_RDONLY|O_CLOEXEC) = -1 ENOENT (No such file or directory)
8030  openat(AT_FDCWD, "/nix/store/bn7m7qn8k7b27jy5lkq3bg4vcxnyjpq0-sqlite-3.51.2/lib/libicuuc.so.76", O_RDONLY|O_CLOEXEC) = -1 ENOENT (No such file or directory)
8030  openat(AT_FDCWD, "/nix/store/x0bq7h936cp5dz83wq0wdhnimzcy85fd-uvwasi-0.0.23/lib/libicuuc.so.76", O_RDONLY|O_CLOEXEC) = -1 ENOENT (No such file or directory)
8030  openat(AT_FDCWD, "/nix/store/hqjka260vqvnl1k73dwqqqhcx0yiy6c0-zstd-1.5.7/lib/libicuuc.so.76", O_RDONLY|O_CLOEXEC) = -1 ENOENT (No such file or directory)
8030  openat(AT_FDCWD, "/nix/store/g7lir5wb7g1a31szgw6n5wa0kbsq04zd-openssl-3.6.0/lib/libicuuc.so.76", O_RDONLY|O_CLOEXEC) = -1 ENOENT (No such file or directory)
8030  openat(AT_FDCWD, "/nix/store/q34rjcffjcmhbnsx8nd6w0i2xamz66i3-icu4c-76.1/lib/libicuuc.so.76", O_RDONLY|O_CLOEXEC) = 3
8030  openat(AT_FDCWD, "/nix/store/ri9paa3mri4kqakljak8ldvbcp7lpmif-zlib-1.3.1/lib/libdl.so.2", O_RDONLY|O_CLOEXEC) = -1 ENOENT (No such file or directory)
8030  openat(AT_FDCWD, "/nix/store/8kwysbrm9zrfcsfbix7hkjj72r5kgiwv-llhttp-9.3.0/lib/libdl.so.2", O_RDONLY|O_CLOEXEC) = -1 ENOENT (No such file or directory)
8030  openat(AT_FDCWD, "/nix/store/y890wk5v7h4dzfs69jycv3fj0fx5y9i5-libuv-1.51.0/lib/libdl.so.2", O_RDONLY|O_CLOEXEC) = -1 ENOENT (No such file or directory)
8030  openat(AT_FDCWD, "/nix/store/3mg43r6bvdvf0zm3rxj1x9v2vwg6kwmn-simdjson-4.2.4/lib/libdl.so.2", O_RDONLY|O_CLOEXEC) = -1 ENOENT (No such file or directory)
8030  openat(AT_FDCWD, "/nix/store/q5hdxy658850yynggmkjblbqfgs1w4nq-brotli-1.2.0-lib/lib/libdl.so.2", O_RDONLY|O_CLOEXEC) = -1 ENOENT (No such file or directory)
8030  openat(AT_FDCWD, "/nix/store/dkvxkb5cb4zl792gz2msbgxhhk2mh43i-c-ares-1.34.6/lib/libdl.so.2", O_RDONLY|O_CLOEXEC) = -1 ENOENT (No such file or directory)
8030  openat(AT_FDCWD, "/nix/store/j45rf4zx05ckp2d3fj6nb7js7zhs10dx-nghttp2-1.67.1-lib/lib/libdl.so.2", O_RDONLY|O_CLOEXEC) = -1 ENOENT (No such file or directory)
8030  openat(AT_FDCWD, "/nix/store/x1avvg7xfcb6699afppcbd5qk24smg4n-nghttp3-1.13.1/lib/libdl.so.2", O_RDONLY|O_CLOEXEC) = -1 ENOENT (No such file or directory)
8030  openat(AT_FDCWD, "/nix/store/zi565pibhgz582kxliylqpvmq1gq9z71-ngtcp2-1.18.0/lib/libdl.so.2", O_RDONLY|O_CLOEXEC) = -1 ENOENT (No such file or directory)
8030  openat(AT_FDCWD, "/nix/store/bn7m7qn8k7b27jy5lkq3bg4vcxnyjpq0-sqlite-3.51.2/lib/libdl.so.2", O_RDONLY|O_CLOEXEC) = -1 ENOENT (No such file or directory)
8030  openat(AT_FDCWD, "/nix/store/x0bq7h936cp5dz83wq0wdhnimzcy85fd-uvwasi-0.0.23/lib/libdl.so.2", O_RDONLY|O_CLOEXEC) = -1 ENOENT (No such file or directory)
8030  openat(AT_FDCWD, "/nix/store/hqjka260vqvnl1k73dwqqqhcx0yiy6c0-zstd-1.5.7/lib/libdl.so.2", O_RDONLY|O_CLOEXEC) = -1 ENOENT (No such file or directory)
8030  openat(AT_FDCWD, "/nix/store/g7lir5wb7g1a31szgw6n5wa0kbsq04zd-openssl-3.6.0/lib/libdl.so.2", O_RDONLY|O_CLOEXEC) = -1 ENOENT (No such file or directory)
8030  openat(AT_FDCWD, "/nix/store/q34rjcffjcmhbnsx8nd6w0i2xamz66i3-icu4c-76.1/lib/libdl.so.2", O_RDONLY|O_CLOEXEC) = -1 ENOENT (No such file or directory)
8030  openat(AT_FDCWD, "/nix/store/wb6rhpznjfczwlwx23zmdrrw74bayxw4-glibc-2.42-47/lib/glibc-hwcaps/x86-64-v4/libdl.so.2", O_RDONLY|O_CLOEXEC) = -1 ENOENT (No such file or directory)
8030  openat(AT_FDCWD, "/nix/store/wb6rhpznjfczwlwx23zmdrrw74bayxw4-glibc-2.42-47/lib/glibc-hwcaps/x86-64-v3/libdl.so.2", O_RDONLY|O_CLOEXEC) = -1 ENOENT (No such file or directory)
8030  openat(AT_FDCWD, "/nix/store/wb6rhpznjfczwlwx23zmdrrw74bayxw4-glibc-2.42-47/lib/glibc-hwcaps/x86-64-v2/libdl.so.2", O_RDONLY|O_CLOEXEC) = -1 ENOENT (No such file or directory)
8030  openat(AT_FDCWD, "/nix/store/wb6rhpznjfczwlwx23zmdrrw74bayxw4-glibc-2.42-47/lib/libdl.so.2", O_RDONLY|O_CLOEXEC) = 3
8030  openat(AT_FDCWD, "/nix/store/ri9paa3mri4kqakljak8ldvbcp7lpmif-zlib-1.3.1/lib/libstdc++.so.6", O_RDONLY|O_CLOEXEC) = -1 ENOENT (No such file or directory)
8030  openat(AT_FDCWD, "/nix/store/8kwysbrm9zrfcsfbix7hkjj72r5kgiwv-llhttp-9.3.0/lib/libstdc++.so.6", O_RDONLY|O_CLOEXEC) = -1 ENOENT (No such file or directory)
8030  openat(AT_FDCWD, "/nix/store/y890wk5v7h4dzfs69jycv3fj0fx5y9i5-libuv-1.51.0/lib/libstdc++.so.6", O_RDONLY|O_CLOEXEC) = -1 ENOENT (No such file or directory)
8030  openat(AT_FDCWD, "/nix/store/3mg43r6bvdvf0zm3rxj1x9v2vwg6kwmn-simdjson-4.2.4/lib/libstdc++.so.6", O_RDONLY|O_CLOEXEC) = -1 ENOENT (No such file or directory)
8030  openat(AT_FDCWD, "/nix/store/q5hdxy658850yynggmkjblbqfgs1w4nq-brotli-1.2.0-lib/lib/libstdc++.so.6", O_RDONLY|O_CLOEXEC) = -1 ENOENT (No such file or directory)
8030  openat(AT_FDCWD, "/nix/store/dkvxkb5cb4zl792gz2msbgxhhk2mh43i-c-ares-1.34.6/lib/libstdc++.so.6", O_RDONLY|O_CLOEXEC) = -1 ENOENT (No such file or directory)
8030  openat(AT_FDCWD, "/nix/store/j45rf4zx05ckp2d3fj6nb7js7zhs10dx-nghttp2-1.67.1-lib/lib/libstdc++.so.6", O_RDONLY|O_CLOEXEC) = -1 ENOENT (No such file or directory)
8030  openat(AT_FDCWD, "/nix/store/x1avvg7xfcb6699afppcbd5qk24smg4n-nghttp3-1.13.1/lib/libstdc++.so.6", O_RDONLY|O_CLOEXEC) = -1 ENOENT (No such file or directory)
8030  openat(AT_FDCWD, "/nix/store/zi565pibhgz582kxliylqpvmq1gq9z71-ngtcp2-1.18.0/lib/libstdc++.so.6", O_RDONLY|O_CLOEXEC) = -1 ENOENT (No such file or directory)
8030  openat(AT_FDCWD, "/nix/store/bn7m7qn8k7b27jy5lkq3bg4vcxnyjpq0-sqlite-3.51.2/lib/libstdc++.so.6", O_RDONLY|O_CLOEXEC) = -1 ENOENT (No such file or directory)
8030  openat(AT_FDCWD, "/nix/store/x0bq7h936cp5dz83wq0wdhnimzcy85fd-uvwasi-0.0.23/lib/libstdc++.so.6", O_RDONLY|O_CLOEXEC) = -1 ENOENT (No such file or directory)
8030  openat(AT_FDCWD, "/nix/store/hqjka260vqvnl1k73dwqqqhcx0yiy6c0-zstd-1.5.7/lib/libstdc++.so.6", O_RDONLY|O_CLOEXEC) = -1 ENOENT (No such file or directory)
8030  openat(AT_FDCWD, "/nix/store/g7lir5wb7g1a31szgw6n5wa0kbsq04zd-openssl-3.6.0/lib/libstdc++.so.6", O_RDONLY|O_CLOEXEC) = -1 ENOENT (No such file or directory)
8030  openat(AT_FDCWD, "/nix/store/q34rjcffjcmhbnsx8nd6w0i2xamz66i3-icu4c-76.1/lib/libstdc++.so.6", O_RDONLY|O_CLOEXEC) = -1 ENOENT (No such file or directory)
8030  openat(AT_FDCWD, "/nix/store/wb6rhpznjfczwlwx23zmdrrw74bayxw4-glibc-2.42-47/lib/libstdc++.so.6", O_RDONLY|O_CLOEXEC) = -1 ENOENT (No such file or directory)
8030  openat(AT_FDCWD, "/nix/store/j2kgllgds4w7na8zqv1msi0mpvpjxda8-gcc-15.2.0-lib/lib/glibc-hwcaps/x86-64-v4/libstdc++.so.6", O_RDONLY|O_CLOEXEC) = -1 ENOENT (No such file or directory)
8030  openat(AT_FDCWD, "/nix/store/j2kgllgds4w7na8zqv1msi0mpvpjxda8-gcc-15.2.0-lib/lib/glibc-hwcaps/x86-64-v3/libstdc++.so.6", O_RDONLY|O_CLOEXEC) = -1 ENOENT (No such file or directory)
8030  openat(AT_FDCWD, "/nix/store/j2kgllgds4w7na8zqv1msi0mpvpjxda8-gcc-15.2.0-lib/lib/glibc-hwcaps/x86-64-v2/libstdc++.so.6", O_RDONLY|O_CLOEXEC) = -1 ENOENT (No such file or directory)
8030  openat(AT_FDCWD, "/nix/store/j2kgllgds4w7na8zqv1msi0mpvpjxda8-gcc-15.2.0-lib/lib/libstdc++.so.6", O_RDONLY|O_CLOEXEC) = 3
8030  openat(AT_FDCWD, "/nix/store/ri9paa3mri4kqakljak8ldvbcp7lpmif-zlib-1.3.1/lib/libm.so.6", O_RDONLY|O_CLOEXEC) = -1 ENOENT (No such file or directory)
8030  openat(AT_FDCWD, "/nix/store/8kwysbrm9zrfcsfbix7hkjj72r5kgiwv-llhttp-9.3.0/lib/libm.so.6", O_RDONLY|O_CLOEXEC) = -1 ENOENT (No such file or directory)
8030  openat(AT_FDCWD, "/nix/store/y890wk5v7h4dzfs69jycv3fj0fx5y9i5-libuv-1.51.0/lib/libm.so.6", O_RDONLY|O_CLOEXEC) = -1 ENOENT (No such file or directory)
8030  openat(AT_FDCWD, "/nix/store/3mg43r6bvdvf0zm3rxj1x9v2vwg6kwmn-simdjson-4.2.4/lib/libm.so.6", O_RDONLY|O_CLOEXEC) = -1 ENOENT (No such file or directory)
8030  openat(AT_FDCWD, "/nix/store/q5hdxy658850yynggmkjblbqfgs1w4nq-brotli-1.2.0-lib/lib/libm.so.6", O_RDONLY|O_CLOEXEC) = -1 ENOENT (No such file or directory)
8030  openat(AT_FDCWD, "/nix/store/dkvxkb5cb4zl792gz2msbgxhhk2mh43i-c-ares-1.34.6/lib/libm.so.6", O_RDONLY|O_CLOEXEC) = -1 ENOENT (No such file or directory)
8030  openat(AT_FDCWD, "/nix/store/j45rf4zx05ckp2d3fj6nb7js7zhs10dx-nghttp2-1.67.1-lib/lib/libm.so.6", O_RDONLY|O_CLOEXEC) = -1 ENOENT (No such file or directory)
8030  openat(AT_FDCWD, "/nix/store/x1avvg7xfcb6699afppcbd5qk24smg4n-nghttp3-1.13.1/lib/libm.so.6", O_RDONLY|O_CLOEXEC) = -1 ENOENT (No such file or directory)
8030  openat(AT_FDCWD, "/nix/store/zi565pibhgz582kxliylqpvmq1gq9z71-ngtcp2-1.18.0/lib/libm.so.6", O_RDONLY|O_CLOEXEC) = -1 ENOENT (No such file or directory)
8030  openat(AT_FDCWD, "/nix/store/bn7m7qn8k7b27jy5lkq3bg4vcxnyjpq0-sqlite-3.51.2/lib/libm.so.6", O_RDONLY|O_CLOEXEC) = -1 ENOENT (No such file or directory)
8030  openat(AT_FDCWD, "/nix/store/x0bq7h936cp5dz83wq0wdhnimzcy85fd-uvwasi-0.0.23/lib/libm.so.6", O_RDONLY|O_CLOEXEC) = -1 ENOENT (No such file or directory)
8030  openat(AT_FDCWD, "/nix/store/hqjka260vqvnl1k73dwqqqhcx0yiy6c0-zstd-1.5.7/lib/libm.so.6", O_RDONLY|O_CLOEXEC) = -1 ENOENT (No such file or directory)
8030  openat(AT_FDCWD, "/nix/store/g7lir5wb7g1a31szgw6n5wa0kbsq04zd-openssl-3.6.0/lib/libm.so.6", O_RDONLY|O_CLOEXEC) = -1 ENOENT (No such file or directory)
8030  openat(AT_FDCWD, "/nix/store/q34rjcffjcmhbnsx8nd6w0i2xamz66i3-icu4c-76.1/lib/libm.so.6", O_RDONLY|O_CLOEXEC) = -1 ENOENT (No such file or directory)
8030  openat(AT_FDCWD, "/nix/store/wb6rhpznjfczwlwx23zmdrrw74bayxw4-glibc-2.42-47/lib/libm.so.6", O_RDONLY|O_CLOEXEC) = 3
8030  openat(AT_FDCWD, "/nix/store/ri9paa3mri4kqakljak8ldvbcp7lpmif-zlib-1.3.1/lib/libgcc_s.so.1", O_RDONLY|O_CLOEXEC) = -1 ENOENT (No such file or directory)
8030  openat(AT_FDCWD, "/nix/store/8kwysbrm9zrfcsfbix7hkjj72r5kgiwv-llhttp-9.3.0/lib/libgcc_s.so.1", O_RDONLY|O_CLOEXEC) = -1 ENOENT (No such file or directory)
8030  openat(AT_FDCWD, "/nix/store/y890wk5v7h4dzfs69jycv3fj0fx5y9i5-libuv-1.51.0/lib/libgcc_s.so.1", O_RDONLY|O_CLOEXEC) = -1 ENOENT (No such file or directory)
8030  openat(AT_FDCWD, "/nix/store/3mg43r6bvdvf0zm3rxj1x9v2vwg6kwmn-simdjson-4.2.4/lib/libgcc_s.so.1", O_RDONLY|O_CLOEXEC) = -1 ENOENT (No such file or directory)
8030  openat(AT_FDCWD, "/nix/store/q5hdxy658850yynggmkjblbqfgs1w4nq-brotli-1.2.0-lib/lib/libgcc_s.so.1", O_RDONLY|O_CLOEXEC) = -1 ENOENT (No such file or directory)
8030  openat(AT_FDCWD, "/nix/store/dkvxkb5cb4zl792gz2msbgxhhk2mh43i-c-ares-1.34.6/lib/libgcc_s.so.1", O_RDONLY|O_CLOEXEC) = -1 ENOENT (No such file or directory)
8030  openat(AT_FDCWD, "/nix/store/j45rf4zx05ckp2d3fj6nb7js7zhs10dx-nghttp2-1.67.1-lib/lib/libgcc_s.so.1", O_RDONLY|O_CLOEXEC) = -1 ENOENT (No such file or directory)
8030  openat(AT_FDCWD, "/nix/store/x1avvg7xfcb6699afppcbd5qk24smg4n-nghttp3-1.13.1/lib/libgcc_s.so.1", O_RDONLY|O_CLOEXEC) = -1 ENOENT (No such file or directory)
8030  openat(AT_FDCWD, "/nix/store/zi565pibhgz582kxliylqpvmq1gq9z71-ngtcp2-1.18.0/lib/libgcc_s.so.1", O_RDONLY|O_CLOEXEC) = -1 ENOENT (No such file or directory)
8030  openat(AT_FDCWD, "/nix/store/bn7m7qn8k7b27jy5lkq3bg4vcxnyjpq0-sqlite-3.51.2/lib/libgcc_s.so.1", O_RDONLY|O_CLOEXEC) = -1 ENOENT (No such file or directory)
8030  openat(AT_FDCWD, "/nix/store/x0bq7h936cp5dz83wq0wdhnimzcy85fd-uvwasi-0.0.23/lib/libgcc_s.so.1", O_RDONLY|O_CLOEXEC) = -1 ENOENT (No such file or directory)
8030  openat(AT_FDCWD, "/nix/store/hqjka260vqvnl1k73dwqqqhcx0yiy6c0-zstd-1.5.7/lib/libgcc_s.so.1", O_RDONLY|O_CLOEXEC) = -1 ENOENT (No such file or directory)
8030  openat(AT_FDCWD, "/nix/store/g7lir5wb7g1a31szgw6n5wa0kbsq04zd-openssl-3.6.0/lib/libgcc_s.so.1", O_RDONLY|O_CLOEXEC) = -1 ENOENT (No such file or directory)
8030  openat(AT_FDCWD, "/nix/store/q34rjcffjcmhbnsx8nd6w0i2xamz66i3-icu4c-76.1/lib/libgcc_s.so.1", O_RDONLY|O_CLOEXEC) = -1 ENOENT (No such file or directory)
8030  openat(AT_FDCWD, "/nix/store/wb6rhpznjfczwlwx23zmdrrw74bayxw4-glibc-2.42-47/lib/libgcc_s.so.1", O_RDONLY|O_CLOEXEC) = -1 ENOENT (No such file or directory)
8030  openat(AT_FDCWD, "/nix/store/j2kgllgds4w7na8zqv1msi0mpvpjxda8-gcc-15.2.0-lib/lib/libgcc_s.so.1", O_RDONLY|O_CLOEXEC) = 3
8030  openat(AT_FDCWD, "/nix/store/ri9paa3mri4kqakljak8ldvbcp7lpmif-zlib-1.3.1/lib/libpthread.so.0", O_RDONLY|O_CLOEXEC) = -1 ENOENT (No such file or directory)
8030  openat(AT_FDCWD, "/nix/store/8kwysbrm9zrfcsfbix7hkjj72r5kgiwv-llhttp-9.3.0/lib/libpthread.so.0", O_RDONLY|O_CLOEXEC) = -1 ENOENT (No such file or directory)
8030  openat(AT_FDCWD, "/nix/store/y890wk5v7h4dzfs69jycv3fj0fx5y9i5-libuv-1.51.0/lib/libpthread.so.0", O_RDONLY|O_CLOEXEC) = -1 ENOENT (No such file or directory)
8030  openat(AT_FDCWD, "/nix/store/3mg43r6bvdvf0zm3rxj1x9v2vwg6kwmn-simdjson-4.2.4/lib/libpthread.so.0", O_RDONLY|O_CLOEXEC) = -1 ENOENT (No such file or directory)
8030  openat(AT_FDCWD, "/nix/store/q5hdxy658850yynggmkjblbqfgs1w4nq-brotli-1.2.0-lib/lib/libpthread.so.0", O_RDONLY|O_CLOEXEC) = -1 ENOENT (No such file or directory)
8030  openat(AT_FDCWD, "/nix/store/dkvxkb5cb4zl792gz2msbgxhhk2mh43i-c-ares-1.34.6/lib/libpthread.so.0", O_RDONLY|O_CLOEXEC) = -1 ENOENT (No such file or directory)
8030  openat(AT_FDCWD, "/nix/store/j45rf4zx05ckp2d3fj6nb7js7zhs10dx-nghttp2-1.67.1-lib/lib/libpthread.so.0", O_RDONLY|O_CLOEXEC) = -1 ENOENT (No such file or directory)
8030  openat(AT_FDCWD, "/nix/store/x1avvg7xfcb6699afppcbd5qk24smg4n-nghttp3-1.13.1/lib/libpthread.so.0", O_RDONLY|O_CLOEXEC) = -1 ENOENT (No such file or directory)
8030  openat(AT_FDCWD, "/nix/store/zi565pibhgz582kxliylqpvmq1gq9z71-ngtcp2-1.18.0/lib/libpthread.so.0", O_RDONLY|O_CLOEXEC) = -1 ENOENT (No such file or directory)
8030  openat(AT_FDCWD, "/nix/store/bn7m7qn8k7b27jy5lkq3bg4vcxnyjpq0-sqlite-3.51.2/lib/libpthread.so.0", O_RDONLY|O_CLOEXEC) = -1 ENOENT (No such file or directory)
8030  openat(AT_FDCWD, "/nix/store/x0bq7h936cp5dz83wq0wdhnimzcy85fd-uvwasi-0.0.23/lib/libpthread.so.0", O_RDONLY|O_CLOEXEC) = -1 ENOENT (No such file or directory)
8030  openat(AT_FDCWD, "/nix/store/hqjka260vqvnl1k73dwqqqhcx0yiy6c0-zstd-1.5.7/lib/libpthread.so.0", O_RDONLY|O_CLOEXEC) = -1 ENOENT (No such file or directory)
8030  openat(AT_FDCWD, "/nix/store/g7lir5wb7g1a31szgw6n5wa0kbsq04zd-openssl-3.6.0/lib/libpthread.so.0", O_RDONLY|O_CLOEXEC) = -1 ENOENT (No such file or directory)
8030  openat(AT_FDCWD, "/nix/store/q34rjcffjcmhbnsx8nd6w0i2xamz66i3-icu4c-76.1/lib/libpthread.so.0", O_RDONLY|O_CLOEXEC) = -1 ENOENT (No such file or directory)
8030  openat(AT_FDCWD, "/nix/store/wb6rhpznjfczwlwx23zmdrrw74bayxw4-glibc-2.42-47/lib/libpthread.so.0", O_RDONLY|O_CLOEXEC) = 3
8030  openat(AT_FDCWD, "/nix/store/ri9paa3mri4kqakljak8ldvbcp7lpmif-zlib-1.3.1/lib/libc.so.6", O_RDONLY|O_CLOEXEC) = -1 ENOENT (No such file or directory)
8030  openat(AT_FDCWD, "/nix/store/8kwysbrm9zrfcsfbix7hkjj72r5kgiwv-llhttp-9.3.0/lib/libc.so.6", O_RDONLY|O_CLOEXEC) = -1 ENOENT (No such file or directory)
8030  openat(AT_FDCWD, "/nix/store/y890wk5v7h4dzfs69jycv3fj0fx5y9i5-libuv-1.51.0/lib/libc.so.6", O_RDONLY|O_CLOEXEC) = -1 ENOENT (No such file or directory)
8030  openat(AT_FDCWD, "/nix/store/3mg43r6bvdvf0zm3rxj1x9v2vwg6kwmn-simdjson-4.2.4/lib/libc.so.6", O_RDONLY|O_CLOEXEC) = -1 ENOENT (No such file or directory)
8030  openat(AT_FDCWD, "/nix/store/q5hdxy658850yynggmkjblbqfgs1w4nq-brotli-1.2.0-lib/lib/libc.so.6", O_RDONLY|O_CLOEXEC) = -1 ENOENT (No such file or directory)
8030  openat(AT_FDCWD, "/nix/store/dkvxkb5cb4zl792gz2msbgxhhk2mh43i-c-ares-1.34.6/lib/libc.so.6", O_RDONLY|O_CLOEXEC) = -1 ENOENT (No such file or directory)
8030  openat(AT_FDCWD, "/nix/store/j45rf4zx05ckp2d3fj6nb7js7zhs10dx-nghttp2-1.67.1-lib/lib/libc.so.6", O_RDONLY|O_CLOEXEC) = -1 ENOENT (No such file or directory)
8030  openat(AT_FDCWD, "/nix/store/x1avvg7xfcb6699afppcbd5qk24smg4n-nghttp3-1.13.1/lib/libc.so.6", O_RDONLY|O_CLOEXEC) = -1 ENOENT (No such file or directory)
8030  openat(AT_FDCWD, "/nix/store/zi565pibhgz582kxliylqpvmq1gq9z71-ngtcp2-1.18.0/lib/libc.so.6", O_RDONLY|O_CLOEXEC) = -1 ENOENT (No such file or directory)
8030  openat(AT_FDCWD, "/nix/store/bn7m7qn8k7b27jy5lkq3bg4vcxnyjpq0-sqlite-3.51.2/lib/libc.so.6", O_RDONLY|O_CLOEXEC) = -1 ENOENT (No such file or directory)
8030  openat(AT_FDCWD, "/nix/store/x0bq7h936cp5dz83wq0wdhnimzcy85fd-uvwasi-0.0.23/lib/libc.so.6", O_RDONLY|O_CLOEXEC) = -1 ENOENT (No such file or directory)
8030  openat(AT_FDCWD, "/nix/store/hqjka260vqvnl1k73dwqqqhcx0yiy6c0-zstd-1.5.7/lib/libc.so.6", O_RDONLY|O_CLOEXEC) = -1 ENOENT (No such file or directory)
8030  openat(AT_FDCWD, "/nix/store/g7lir5wb7g1a31szgw6n5wa0kbsq04zd-openssl-3.6.0/lib/libc.so.6", O_RDONLY|O_CLOEXEC) = -1 ENOENT (No such file or directory)
8030  openat(AT_FDCWD, "/nix/store/q34rjcffjcmhbnsx8nd6w0i2xamz66i3-icu4c-76.1/lib/libc.so.6", O_RDONLY|O_CLOEXEC) = -1 ENOENT (No such file or directory)
8030  openat(AT_FDCWD, "/nix/store/wb6rhpznjfczwlwx23zmdrrw74bayxw4-glibc-2.42-47/lib/libc.so.6", O_RDONLY|O_CLOEXEC) = 3
8030  openat(AT_FDCWD, "/nix/store/q5hdxy658850yynggmkjblbqfgs1w4nq-brotli-1.2.0-lib/lib/libbrotlicommon.so.1", O_RDONLY|O_CLOEXEC) = 3
8030  openat(AT_FDCWD, "/nix/store/q34rjcffjcmhbnsx8nd6w0i2xamz66i3-icu4c-76.1/lib/libicudata.so.76", O_RDONLY|O_CLOEXEC) = 3
8030  openat(AT_FDCWD, "/nix/store/g7lir5wb7g1a31szgw6n5wa0kbsq04zd-openssl-3.6.0/etc/ssl/openssl.cnf", O_RDONLY) = 3
8030  openat(AT_FDCWD, "/proc/version_signature", O_RDONLY|O_CLOEXEC) = -1 ENOENT (No such file or directory)
8030  openat(AT_FDCWD, "/proc/self/maps", O_RDONLY|O_CLOEXEC) = 17
8030  openat(AT_FDCWD, "/proc/self/cgroup", O_RDONLY|O_CLOEXEC) = 17
8030  openat(AT_FDCWD, "/sys/fs/cgroup/user.slice/shell.slice/shellexec-RFYIGXF0HZ4FAU9KYYKML.scope/memory.max", O_RDONLY|O_CLOEXEC) = 17
8030  openat(AT_FDCWD, "/sys/fs/cgroup/user.slice/shell.slice/shellexec-RFYIGXF0HZ4FAU9KYYKML.scope/memory.high", O_RDONLY|O_CLOEXEC) = 17
8030  openat(AT_FDCWD, "/proc/meminfo", O_RDONLY|O_CLOEXEC) = 17
8030  openat(AT_FDCWD, "/proc/self/maps", O_RDONLY) = 17
8030  openat(AT_FDCWD, "/nix/store/9cyx2v23dip6p9q98384k9v06c96qskb-nodejs-24.13.0/bin/node", O_RDONLY) = 17
8030  openat(AT_FDCWD, "/home/runner/workspace/reports/e3-paquete-liberacion-preparado-20260922/api-start-audit-record.mjs", O_RDONLY|O_CLOEXEC) = 17
8030  openat(AT_FDCWD, "artifacts/api-server/dist-e3-20260922/index.mjs", O_RDONLY|O_CLOEXEC) = 17
8030  openat(AT_FDCWD, "/etc/localtime", O_RDONLY|O_CLOEXEC) = 17
8030  openat(AT_FDCWD, "reports/arranques-api.log", O_WRONLY|O_CREAT|O_APPEND|O_CLOEXEC, 0600) = 17
8035  +++ exited with 0 +++
8034  +++ exited with 0 +++
8033  +++ exited with 0 +++
8032  +++ exited with 0 +++
8031  +++ exited with 0 +++
8036  +++ exited with 0 +++
8030  +++ exited with 0 +++
8025  --- SIGCHLD {si_signo=SIGCHLD, si_code=CLD_EXITED, si_pid=8030, si_uid=1000, si_status=0, si_utime=3 /* 0.03 s */, si_stime=5 /* 0.05 s */} ---
8025  +++ exited with 1 +++
